Date,kWh
2022-11-01 01:00:00,-0.00688
2022-11-01 02:00:00,-0.006879722
2022-11-01 03:00:00,-0.006795278
2022-11-01 04:00:00,-0.006801389
2022-11-01 05:00:00,-0.00679
2022-11-01 06:00:00,-0.006686389
2022-11-01 07:00:00,-0.006681944
2022-11-01 08:00:00,0.608100832
2022-11-01 09:00:00,3.191645622
2022-11-01 10:00:00,5.404147625
2022-11-01 11:00:00,6.745301723
2022-11-01 12:00:00,7.237431526
2022-11-01 13:00:00,7.257038116
2022-11-01 14:00:00,6.537042141
2022-11-01 15:00:00,5.256447792
2022-11-01 16:00:00,3.088944912
2022-11-01 17:00:00,0.733203053
2022-11-01 18:00:00,-0.005111389
2022-11-01 19:00:00,-0.007071111
2022-11-01 20:00:00,-0.007001111
2022-11-01 21:00:00,-0.007021667
2022-11-01 22:00:00,-0.006989167
2022-11-01 23:00:00,-0.007023333
2022-11-02 00:00:00,-0.007026389
2022-11-02 01:00:00,-0.007042778
2022-11-02 02:00:00,-0.007011944
2022-11-02 03:00:00,-0.006934167
2022-11-02 04:00:00,-0.006947222
2022-11-02 05:00:00,-0.006942778
2022-11-02 06:00:00,-0.006862778
2022-11-02 07:00:00,-0.006880278
2022-11-02 08:00:00,0.539862752
2022-11-02 09:00:00,2.982439756
2022-11-02 10:00:00,5.202459812
2022-11-02 11:00:00,6.645260811
2022-11-02 12:00:00,6.930154324
2022-11-02 13:00:00,6.820915699
2022-11-02 14:00:00,4.001485348
2022-11-02 15:00:00,3.83651495
2022-11-02 16:00:00,1.386157513
2022-11-02 17:00:00,0.700554729
2022-11-02 18:00:00,-0.006688611
2022-11-02 19:00:00,-0.00714
2022-11-02 20:00:00,-0.007138611
2022-11-02 21:00:00,-0.007133611
2022-11-02 22:00:00,-0.007075833
2022-11-02 23:00:00,-0.007048333
2022-11-03 00:00:00,-0.007030556
2022-11-03 01:00:00,-0.007020278
2022-11-03 02:00:00,-0.0068925
2022-11-03 03:00:00,-0.006824444
2022-11-03 04:00:00,-0.006801389
2022-11-03 05:00:00,-0.006846389
2022-11-03 06:00:00,-0.006702778
2022-11-03 07:00:00,-0.006772222
2022-11-03 08:00:00,0.15079917
2022-11-03 09:00:00,0.349799454
2022-11-03 10:00:00,0.560799181
2022-11-03 11:00:00,0.536545575
2022-11-03 12:00:00,1.287611723
2022-11-03 13:00:00,0.802312195
2022-11-03 14:00:00,1.000328302
2022-11-03 15:00:00,0.63039583
2022-11-03 16:00:00,0.395297229
2022-11-03 17:00:00,0.248284161
2022-11-03 18:00:00,-0.006718889
2022-11-03 19:00:00,-0.006741389
2022-11-03 20:00:00,-0.006756389
2022-11-03 21:00:00,-0.006817222
2022-11-03 22:00:00,-0.006794444
2022-11-03 23:00:00,-0.006853611
2022-11-04 00:00:00,-0.006815278
2022-11-04 01:00:00,-0.006791389
2022-11-04 02:00:00,-0.006758056
2022-11-04 03:00:00,-0.006728333
2022-11-04 04:00:00,-0.006757222
2022-11-04 05:00:00,-0.006725278
2022-11-04 06:00:00,-0.006663611
2022-11-04 07:00:00,-0.006664167
2022-11-04 08:00:00,0.043118056
2022-11-04 09:00:00,0.447553337
2022-11-04 10:00:00,1.000315309
2022-11-04 11:00:00,1.336858034
2022-11-04 12:00:00,1.168381929
2022-11-04 13:00:00,2.077388048
2022-11-04 14:00:00,1.758302808
2022-11-04 15:00:00,1.400510311
2022-11-04 16:00:00,0.869337499
2022-11-04 17:00:00,0.239230558
2022-11-04 18:00:00,-0.001176667
2022-11-04 19:00:00,-0.006661944
2022-11-04 20:00:00,-0.00664
2022-11-04 21:00:00,-0.006638889
2022-11-04 22:00:00,-0.006696667
2022-11-04 23:00:00,-0.006689722
2022-11-05 00:00:00,-0.00667
2022-11-05 01:00:00,-0.006623889
2022-11-05 02:00:00,-0.006599444
2022-11-05 03:00:00,-0.00661
2022-11-05 04:00:00,-0.006592778
2022-11-05 05:00:00,-0.006598056
2022-11-05 06:00:00,-0.0065975
2022-11-05 07:00:00,-0.006548889
2022-11-05 08:00:00,0.112245277
2022-11-05 09:00:00,0.417461663
2022-11-05 10:00:00,0.706498027
2022-11-05 11:00:00,0.775427759
2022-11-05 12:00:00,1.361509681
2022-11-05 13:00:00,1.083705306
2022-11-05 14:00:00,1.132978082
2022-11-05 15:00:00,0.660938323
2022-11-05 16:00:00,0.373120546
2022-11-05 17:00:00,0.205865279
2022-11-05 18:00:00,-0.006743333
2022-11-05 19:00:00,-0.006732778
2022-11-05 20:00:00,-0.006613889
2022-11-05 21:00:00,-0.006715278
2022-11-05 22:00:00,-0.006726944
2022-11-05 23:00:00,-0.006756389
2022-11-06 00:00:00,-0.006741667
2022-11-06 01:00:00,-0.006738889
2022-11-06 02:00:00,-0.006716667
2022-11-06 03:00:00,-0.006629167
2022-11-06 04:00:00,-0.006603056
2022-11-06 05:00:00,-0.006570833
2022-11-06 06:00:00,-0.006536944
2022-11-06 07:00:00,0.149684444
2022-11-06 08:00:00,0.591438055
2022-11-06 09:00:00,3.799564123
2022-11-06 10:00:00,7.066990376
2022-11-06 11:00:00,7.693126202
2022-11-06 12:00:00,7.711732864
2022-11-06 13:00:00,7.094130993
2022-11-06 14:00:00,5.426847935
2022-11-06 15:00:00,3.080076456
2022-11-06 16:00:00,0.569072485
2022-11-06 17:00:00,-0.006905556
2022-11-06 18:00:00,-0.006949722
2022-11-06 19:00:00,-0.006823611
2022-11-06 20:00:00,-0.006875833
2022-11-06 21:00:00,-0.006891944
2022-11-06 22:00:00,-0.006811667
2022-11-06 23:00:00,-0.006869167
2022-11-07 00:00:00,-0.006836389
2022-11-07 01:00:00,-0.006828333
2022-11-07 02:00:00,-0.006734444
2022-11-07 03:00:00,-0.006718056
2022-11-07 04:00:00,-0.006690556
2022-11-07 05:00:00,-0.006606111
2022-11-07 06:00:00,-0.006555278
2022-11-07 07:00:00,0.477998883
2022-11-07 08:00:00,3.176600933
2022-11-07 09:00:00,5.593228817
2022-11-07 10:00:00,5.506460667
2022-11-07 11:00:00,3.539517403
2022-11-07 12:00:00,1.874495864
2022-11-07 13:00:00,0.958811402
2022-11-07 14:00:00,0.728671372
2022-11-07 15:00:00,0.301512212
2022-11-07 16:00:00,0.026530834
2022-11-07 17:00:00,-0.006690556
2022-11-07 18:00:00,-0.006688056
2022-11-07 19:00:00,-0.006748889
2022-11-07 20:00:00,-0.006703056
2022-11-07 21:00:00,-0.006635
2022-11-07 22:00:00,-0.006625556
2022-11-07 23:00:00,-0.006624167
2022-11-08 00:00:00,-0.006583056
2022-11-08 01:00:00,-0.006485833
2022-11-08 02:00:00,-0.006454167
2022-11-08 03:00:00,-0.006475278
2022-11-08 04:00:00,-0.006514722
2022-11-08 05:00:00,-0.006544722
2022-11-08 06:00:00,-0.006445278
2022-11-08 07:00:00,0.044328891
2022-11-08 08:00:00,0.411348879
2022-11-08 09:00:00,1.538895249
2022-11-08 10:00:00,1.524562478
2022-11-08 11:00:00,4.170162201
2022-11-08 12:00:00,3.82084465
2022-11-08 13:00:00,0.566940844
2022-11-08 14:00:00,1.110015512
2022-11-08 15:00:00,0.359411389
2022-11-08 16:00:00,0.052398056
2022-11-08 17:00:00,-0.006783333
2022-11-08 18:00:00,-0.006819444
2022-11-08 19:00:00,-0.006816667
2022-11-08 20:00:00,-0.006798611
2022-11-08 21:00:00,-0.006792778
2022-11-08 22:00:00,-0.0068375
2022-11-08 23:00:00,-0.006811944
2022-11-09 00:00:00,-0.0067425
2022-11-09 01:00:00,-0.006729444
2022-11-09 02:00:00,-0.006701944
2022-11-09 03:00:00,-0.006625556
2022-11-09 04:00:00,-0.006598889
2022-11-09 05:00:00,-0.006700278
2022-11-09 06:00:00,-0.006643333
2022-11-09 07:00:00,-0.0062075
2022-11-09 08:00:00,0.086228058
2022-11-09 09:00:00,0.230441391
2022-11-09 10:00:00,0.653098583
2022-11-09 11:00:00,0.796031117
2022-11-09 12:00:00,0.683335006
2022-11-09 13:00:00,0.535701692
2022-11-09 14:00:00,0.24182944
2022-11-09 15:00:00,0.048191112
2022-11-09 16:00:00,-0.005875278
2022-11-09 17:00:00,-0.006771944
2022-11-09 18:00:00,-0.006707778
2022-11-09 19:00:00,-0.006651111
2022-11-09 20:00:00,-0.006665556
2022-11-09 21:00:00,-0.006768056
2022-11-09 22:00:00,-0.006810833
2022-11-09 23:00:00,-0.006779167
2022-11-10 00:00:00,-0.006766389
2022-11-10 01:00:00,-0.006745556
2022-11-10 02:00:00,-0.006763889
2022-11-10 03:00:00,-0.006705278
2022-11-10 04:00:00,-0.006626944
2022-11-10 05:00:00,-0.006723056
2022-11-10 06:00:00,-0.006696389
2022-11-10 07:00:00,-0.005015556
2022-11-10 08:00:00,0.050548889
2022-11-10 09:00:00,0.232061669
2022-11-10 10:00:00,0.868960559
2022-11-10 11:00:00,0.921696126
2022-11-10 12:00:00,0.255080551
2022-11-10 13:00:00,0.196644172
2022-11-10 14:00:00,1.087323904
2022-11-10 15:00:00,0.26909861
2022-11-10 16:00:00,0.044011943
2022-11-10 17:00:00,-0.006729167
2022-11-10 18:00:00,-0.00668
2022-11-10 19:00:00,-0.006637778
2022-11-10 20:00:00,-0.006608889
2022-11-10 21:00:00,-0.006553889
2022-11-10 22:00:00,-0.006657778
2022-11-10 23:00:00,-0.0066675
2022-11-11 00:00:00,-0.006570833
2022-11-11 01:00:00,-0.006618611
2022-11-11 02:00:00,-0.006547778
2022-11-11 03:00:00,-0.006510278
2022-11-11 04:00:00,-0.006469444
2022-11-11 05:00:00,-0.006517778
2022-11-11 06:00:00,-0.006521667
2022-11-11 07:00:00,0.003493611
2022-11-11 08:00:00,0.222420558
2022-11-11 09:00:00,0.549074709
2022-11-11 10:00:00,0.940636098
2022-11-11 11:00:00,1.270005822
2022-11-11 12:00:00,1.088298082
2022-11-11 13:00:00,0.829312205
2022-11-11 14:00:00,0.757700264
2022-11-11 15:00:00,0.382819176
2022-11-11 16:00:00,0.035642501
2022-11-11 17:00:00,-0.0066125
2022-11-11 18:00:00,-0.006604444
2022-11-11 19:00:00,-0.006655556
2022-11-11 20:00:00,-0.006642778
2022-11-11 21:00:00,-0.006579722
2022-11-11 22:00:00,-0.006542222
2022-11-11 23:00:00,-0.006558333
2022-11-12 00:00:00,-0.006613056
2022-11-12 01:00:00,-0.0066025
2022-11-12 02:00:00,-0.006580556
2022-11-12 03:00:00,-0.006576111
2022-11-12 04:00:00,-0.006552222
2022-11-12 05:00:00,-0.0065
2022-11-12 06:00:00,-0.006454167
2022-11-12 07:00:00,0.019211389
2022-11-12 08:00:00,0.204657227
2022-11-12 09:00:00,0.437970549
2022-11-12 10:00:00,0.754307508
2022-11-12 11:00:00,1.015668035
2022-11-12 12:00:00,1.079338908
2022-11-12 13:00:00,1.01228559
2022-11-12 14:00:00,0.548873305
2022-11-12 15:00:00,0.240041941
2022-11-12 16:00:00,0.020744445
2022-11-12 17:00:00,-0.006522778
2022-11-12 18:00:00,-0.006504444
2022-11-12 19:00:00,-0.006498056
2022-11-12 20:00:00,-0.006473889
2022-11-12 21:00:00,-0.006485833
2022-11-12 22:00:00,-0.006463611
2022-11-12 23:00:00,-0.006469722
2022-11-13 00:00:00,-0.006477222
2022-11-13 01:00:00,-0.006446944
2022-11-13 02:00:00,-0.006443889
2022-11-13 03:00:00,-0.006449167
2022-11-13 04:00:00,-0.006450556
2022-11-13 05:00:00,-0.006425278
2022-11-13 06:00:00,-0.006406944
2022-11-13 07:00:00,0.059751388
2022-11-13 08:00:00,0.796195567
2022-11-13 09:00:00,1.926652551
2022-11-13 10:00:00,2.347806692
2022-11-13 11:00:00,1.855940819
2022-11-13 12:00:00,1.900586367
2022-11-13 13:00:00,1.858235002
2022-11-13 14:00:00,1.26183641
2022-11-13 15:00:00,0.764913082
2022-11-13 16:00:00,0.15464139
2022-11-13 17:00:00,-0.006561389
2022-11-13 18:00:00,-0.006559167
2022-11-13 19:00:00,-0.006550278
2022-11-13 20:00:00,-0.006573889
2022-11-13 21:00:00,-0.006591111
2022-11-13 22:00:00,-0.006528333
2022-11-13 23:00:00,-0.006488333
2022-11-14 00:00:00,-0.00648
2022-11-14 01:00:00,-0.006466389
2022-11-14 02:00:00,-0.006458889
2022-11-14 03:00:00,-0.006473611
2022-11-14 04:00:00,-0.006462778
2022-11-14 05:00:00,-0.006456667
2022-11-14 06:00:00,-0.006401944
2022-11-14 07:00:00,-0.006256389
2022-11-14 08:00:00,0.049884722
2022-11-14 09:00:00,0.062770836
2022-11-14 10:00:00,0.188931108
2022-11-14 11:00:00,0.170629442
2022-11-14 12:00:00,0.143810272
2022-11-14 13:00:00,0.096847221
2022-11-14 14:00:00,0.003674722
2022-11-14 15:00:00,-0.00381
2022-11-14 16:00:00,-0.0064525
2022-11-14 17:00:00,-0.006451111
2022-11-14 18:00:00,-0.006456111
2022-11-14 19:00:00,-0.006486111
2022-11-14 20:00:00,-0.006520278
2022-11-14 21:00:00,-0.006519444
2022-11-14 22:00:00,-0.006538611
2022-11-14 23:00:00,-0.006518056
2022-11-15 00:00:00,-0.006443056
2022-11-15 01:00:00,-0.006425556
2022-11-15 02:00:00,-0.006442222
2022-11-15 03:00:00,-0.006402222
2022-11-15 04:00:00,-0.006399444
2022-11-15 05:00:00,-0.006380278
2022-11-15 06:00:00,-0.006349167
2022-11-15 07:00:00,-0.006444722
2022-11-15 08:00:00,-0.006375556
2022-11-15 09:00:00,0.004755556
2022-11-15 10:00:00,0.0301925
2022-11-15 11:00:00,0.052223332
2022-11-15 12:00:00,0.049653612
2022-11-15 13:00:00,0.146440551
2022-11-15 14:00:00,0.167928606
2022-11-15 15:00:00,0.097678609
2022-11-15 16:00:00,-0.002718056
2022-11-15 17:00:00,-0.006453056
2022-11-15 18:00:00,-0.006403056
2022-11-15 19:00:00,-0.006427778
2022-11-15 20:00:00,-0.006395833
2022-11-15 21:00:00,-0.006391944
2022-11-15 22:00:00,-0.006430833
2022-11-15 23:00:00,-0.006430833
2022-11-16 00:00:00,-0.006421389
2022-11-16 01:00:00,-0.006415
2022-11-16 02:00:00,-0.006392778
2022-11-16 03:00:00,-0.006376111
2022-11-16 04:00:00,-0.006384722
2022-11-16 05:00:00,-0.006471667
2022-11-16 06:00:00,-0.006396944
2022-11-16 07:00:00,-0.00639
2022-11-16 08:00:00,-0.006452222
2022-11-16 09:00:00,-0.005697778
2022-11-16 10:00:00,0.011375556
2022-11-16 11:00:00,0.024742778
2022-11-16 12:00:00,0.015085278
2022-11-16 13:00:00,0.026210278
2022-11-16 14:00:00,0.038560279
2022-11-16 15:00:00,-0.0062125
2022-11-16 16:00:00,-0.006460556
2022-11-16 17:00:00,-0.0064675
2022-11-16 18:00:00,-0.006457222
2022-11-16 19:00:00,-0.006399167
2022-11-16 20:00:00,-0.006386667
2022-11-16 21:00:00,-0.006385278
2022-11-16 22:00:00,-0.006435278
2022-11-16 23:00:00,-0.006461667
2022-11-17 00:00:00,-0.006476667
2022-11-17 01:00:00,-0.006472222
2022-11-17 02:00:00,-0.006461667
2022-11-17 03:00:00,-0.006413889
2022-11-17 04:00:00,-0.006362778
2022-11-17 05:00:00,-0.006392222
2022-11-17 06:00:00,-0.006327778
2022-11-17 07:00:00,-0.006330556
2022-11-17 08:00:00,-0.006411111
2022-11-17 09:00:00,-0.006379722
2022-11-17 10:00:00,0.042019721
2022-11-17 11:00:00,0.124458887
2022-11-17 12:00:00,0.064298607
2022-11-17 13:00:00,0.052743889
2022-11-17 14:00:00,0.009376944
2022-11-17 15:00:00,0.000105278
2022-11-17 16:00:00,-0.006378889
2022-11-17 17:00:00,-0.006346944
2022-11-17 18:00:00,-0.006350278
2022-11-17 19:00:00,-0.006339444
2022-11-17 20:00:00,-0.006318889
2022-11-17 21:00:00,-0.006335833
2022-11-17 22:00:00,-0.006385
2022-11-17 23:00:00,-0.006393056
2022-11-18 00:00:00,-0.006356111
2022-11-18 01:00:00,-0.006337778
2022-11-18 02:00:00,-0.0063325
2022-11-18 03:00:00,-0.006392778
2022-11-18 04:00:00,-0.006360833
2022-11-18 05:00:00,-0.006316944
2022-11-18 06:00:00,-0.006220556
2022-11-18 07:00:00,-0.006329444
2022-11-18 08:00:00,-0.001590556
2022-11-18 09:00:00,0.043229721
2022-11-18 10:00:00,0.0872375
2022-11-18 11:00:00,0.127515003
2022-11-18 12:00:00,0.247387215
2022-11-18 13:00:00,0.464910567
2022-11-18 14:00:00,0.224464446
2022-11-18 15:00:00,0.112171389
2022-11-18 16:00:00,-0.000705
2022-11-18 17:00:00,-0.006335556
2022-11-18 18:00:00,-0.006290278
2022-11-18 19:00:00,-0.006221111
2022-11-18 20:00:00,-0.006253889
2022-11-18 21:00:00,-0.006250833
2022-11-18 22:00:00,-0.006329722
2022-11-18 23:00:00,-0.0063
2022-11-19 00:00:00,-0.006295278
2022-11-19 01:00:00,-0.006276667
2022-11-19 02:00:00,-0.006315833
2022-11-19 03:00:00,-0.006335556
2022-11-19 04:00:00,-0.006328611
2022-11-19 05:00:00,-0.0063125
2022-11-19 06:00:00,-0.006304444
2022-11-19 07:00:00,0.002758889
2022-11-19 08:00:00,0.270927787
2022-11-19 09:00:00,0.457602233
2022-11-19 10:00:00,0.36993888
2022-11-19 11:00:00,0.660173357
2022-11-19 12:00:00,1.106358886
2022-11-19 13:00:00,0.545669973
2022-11-19 14:00:00,0.524468362
2022-11-19 15:00:00,0.439269155
2022-11-19 16:00:00,0.037176944
2022-11-19 17:00:00,-0.006407222
2022-11-19 18:00:00,-0.0063975
2022-11-19 19:00:00,-0.006386111
2022-11-19 20:00:00,-0.00635
2022-11-19 21:00:00,-0.006385556
2022-11-19 22:00:00,-0.00638
2022-11-19 23:00:00,-0.006377778
2022-11-20 00:00:00,-0.006314167
2022-11-20 01:00:00,-0.006352222
2022-11-20 02:00:00,-0.006370278
2022-11-20 03:00:00,-0.006383333
2022-11-20 04:00:00,-0.006359444
2022-11-20 05:00:00,-0.006315833
2022-11-20 06:00:00,-0.006283333
2022-11-20 07:00:00,0.015768612
2022-11-20 08:00:00,0.481418341
2022-11-20 09:00:00,1.113195777
2022-11-20 10:00:00,1.774003625
2022-11-20 11:00:00,2.50344944
2022-11-20 12:00:00,3.043011665
2022-11-20 13:00:00,3.265514135
2022-11-20 14:00:00,2.847139359
2022-11-20 15:00:00,1.618316054
2022-11-20 16:00:00,0.227682501
2022-11-20 17:00:00,-0.006465
2022-11-20 18:00:00,-0.0064125
2022-11-20 19:00:00,-0.006483889
2022-11-20 20:00:00,-0.006500833
2022-11-20 21:00:00,-0.006484444
2022-11-20 22:00:00,-0.006471667
2022-11-20 23:00:00,-0.006462778
2022-11-21 00:00:00,-0.006432778
2022-11-21 01:00:00,-0.006340833
2022-11-21 02:00:00,-0.006279167
2022-11-21 03:00:00,-0.006215278
2022-11-21 04:00:00,-0.0062025
2022-11-21 05:00:00,-0.006241111
2022-11-21 06:00:00,-0.006243056
2022-11-21 07:00:00,0.068742774
2022-11-21 08:00:00,1.350899458
2022-11-21 09:00:00,2.815353394
2022-11-21 10:00:00,3.818583012
2022-11-21 11:00:00,4.488628387
2022-11-21 12:00:00,4.83069849
2022-11-21 13:00:00,4.577646732
2022-11-21 14:00:00,3.61549449
2022-11-21 15:00:00,1.103233576
2022-11-21 16:00:00,0.155081943
2022-11-21 17:00:00,-0.006622778
2022-11-21 18:00:00,-0.006550833
2022-11-21 19:00:00,-0.006514444
2022-11-21 20:00:00,-0.006551944
2022-11-21 21:00:00,-0.006553333
2022-11-21 22:00:00,-0.006541111
2022-11-21 23:00:00,-0.006417778
2022-11-22 00:00:00,-0.006376389
2022-11-22 01:00:00,-0.006370556
2022-11-22 02:00:00,-0.0064
2022-11-22 03:00:00,-0.006370278
2022-11-22 04:00:00,-0.006375278
2022-11-22 05:00:00,-0.006321944
2022-11-22 06:00:00,-0.006190278
2022-11-22 07:00:00,0.008598333
2022-11-22 08:00:00,0.298551679
2022-11-22 09:00:00,1.421993613
2022-11-22 10:00:00,4.78367281
2022-11-22 11:00:00,5.546775341
2022-11-22 12:00:00,5.909675598
2022-11-22 13:00:00,5.600124836
2022-11-22 14:00:00,4.395976543
2022-11-22 15:00:00,2.204055309
2022-11-22 16:00:00,0.250974447
2022-11-22 17:00:00,-0.0067275
2022-11-22 18:00:00,-0.006559722
2022-11-22 19:00:00,-0.006521667
2022-11-22 20:00:00,-0.006489722
2022-11-22 21:00:00,-0.006536667
2022-11-22 22:00:00,-0.006566944
2022-11-22 23:00:00,-0.006513889
2022-11-23 00:00:00,-0.006445278
2022-11-23 01:00:00,-0.006458611
2022-11-23 02:00:00,-0.006469167
2022-11-23 03:00:00,-0.006477222
2022-11-23 04:00:00,-0.006464722
2022-11-23 05:00:00,-0.006472778
2022-11-23 06:00:00,-0.006398611
2022-11-23 07:00:00,0.064371668
2022-11-23 08:00:00,1.690407515
2022-11-23 09:00:00,4.261114597
2022-11-23 10:00:00,5.849428177
2022-11-23 11:00:00,6.597218037
2022-11-23 12:00:00,6.684392929
2022-11-23 13:00:00,5.98726368
2022-11-23 14:00:00,4.458017349
2022-11-23 15:00:00,1.958762169
2022-11-23 16:00:00,0.19385305
2022-11-23 17:00:00,-0.006722222
2022-11-23 18:00:00,-0.006616111
2022-11-23 19:00:00,-0.006605556
2022-11-23 20:00:00,-0.006536389
2022-11-23 21:00:00,-0.006539167
2022-11-23 22:00:00,-0.006501111
2022-11-23 23:00:00,-0.006475556
2022-11-24 00:00:00,-0.006526944
2022-11-24 01:00:00,-0.006543889
2022-11-24 02:00:00,-0.006589167
2022-11-24 03:00:00,-0.006545833
2022-11-24 04:00:00,-0.006573611
2022-11-24 05:00:00,-0.006536944
2022-11-24 06:00:00,-0.006476111
2022-11-24 07:00:00,0.061861113
2022-11-24 08:00:00,0.350079715
2022-11-24 09:00:00,0.776047528
2022-11-24 10:00:00,1.426612258
2022-11-24 11:00:00,1.047095776
2022-11-24 12:00:00,2.004312515
2022-11-24 13:00:00,4.54001236
2022-11-24 14:00:00,4.272503853
2022-11-24 15:00:00,2.062301636
2022-11-24 16:00:00,0.237408891
2022-11-24 17:00:00,-0.006612222
2022-11-24 18:00:00,-0.006580278
2022-11-24 19:00:00,-0.006525278
2022-11-24 20:00:00,-0.006516389
2022-11-24 21:00:00,-0.006496944
2022-11-24 22:00:00,-0.006580556
2022-11-24 23:00:00,-0.006569722
2022-11-25 00:00:00,-0.0065825
2022-11-25 01:00:00,-0.006557778
2022-11-25 02:00:00,-0.006547778
2022-11-25 03:00:00,-0.006518889
2022-11-25 04:00:00,-0.006490556
2022-11-25 05:00:00,-0.006446389
2022-11-25 06:00:00,-0.006421111
2022-11-25 07:00:00,0.051855277
2022-11-25 08:00:00,1.637523055
2022-11-25 09:00:00,4.23206377
2022-11-25 10:00:00,5.878792286
2022-11-25 11:00:00,6.733977318
2022-11-25 12:00:00,6.761323929
2022-11-25 13:00:00,6.019919872
2022-11-25 14:00:00,4.342824936
2022-11-25 15:00:00,1.732408047
2022-11-25 16:00:00,0.258583069
2022-11-25 17:00:00,-0.0067775
2022-11-25 18:00:00,-0.006625278
2022-11-25 19:00:00,-0.006588333
2022-11-25 20:00:00,-0.006624722
2022-11-25 21:00:00,-0.006611389
2022-11-25 22:00:00,-0.006580556
2022-11-25 23:00:00,-0.006584444
2022-11-26 00:00:00,-0.006598056
2022-11-26 01:00:00,-0.006581944
2022-11-26 02:00:00,-0.006600833
2022-11-26 03:00:00,-0.006609722
2022-11-26 04:00:00,-0.006605278
2022-11-26 05:00:00,-0.006547222
2022-11-26 06:00:00,-0.006531667
2022-11-26 07:00:00,0.063356109
2022-11-26 08:00:00,1.778381705
2022-11-26 09:00:00,4.152589798
2022-11-26 10:00:00,5.804445744
2022-11-26 11:00:00,6.603274822
2022-11-26 12:00:00,6.668062687
2022-11-26 13:00:00,5.953193665
2022-11-26 14:00:00,4.387475967
2022-11-26 15:00:00,1.918183923
2022-11-26 16:00:00,0.068489447
2022-11-26 17:00:00,-0.006755833
2022-11-26 18:00:00,-0.006654722
2022-11-26 19:00:00,-0.006634444
2022-11-26 20:00:00,-0.006595556
2022-11-26 21:00:00,-0.006593611
2022-11-26 22:00:00,-0.00658
2022-11-26 23:00:00,-0.006563889
2022-11-27 00:00:00,-0.006553889
2022-11-27 01:00:00,-0.006520278
2022-11-27 02:00:00,-0.006526667
2022-11-27 03:00:00,-0.0065475
2022-11-27 04:00:00,-0.006516667
2022-11-27 05:00:00,-0.006528056
2022-11-27 06:00:00,-0.006455556
2022-11-27 07:00:00,0.073719166
2022-11-27 08:00:00,1.550630569
2022-11-27 09:00:00,3.714747429
2022-11-27 10:00:00,5.677754879
2022-11-27 11:00:00,6.317662716
2022-11-27 12:00:00,6.826182842
2022-11-27 13:00:00,6.032711506
2022-11-27 14:00:00,4.564679623
2022-11-27 15:00:00,2.179573298
2022-11-27 16:00:00,0.231813058
2022-11-27 17:00:00,-0.006749722
2022-11-27 18:00:00,-0.006673889
2022-11-27 19:00:00,-0.006647778
2022-11-27 20:00:00,-0.006607778
2022-11-27 21:00:00,-0.006602222
2022-11-27 22:00:00,-0.006569444
2022-11-27 23:00:00,-0.006604167
2022-11-28 00:00:00,-0.006614722
2022-11-28 01:00:00,-0.006494722
2022-11-28 02:00:00,-0.006529444
2022-11-28 03:00:00,-0.006502778
2022-11-28 04:00:00,-0.006461667
2022-11-28 05:00:00,-0.006455556
2022-11-28 06:00:00,-0.006306667
2022-11-28 07:00:00,0.039493889
2022-11-28 08:00:00,0.688830018
2022-11-28 09:00:00,3.232947826
2022-11-28 10:00:00,0.782803357
2022-11-28 11:00:00,1.833215237
2022-11-28 12:00:00,2.144128323
2022-11-28 13:00:00,2.819869518
2022-11-28 14:00:00,3.184639454
2022-11-28 15:00:00,1.038516641
2022-11-28 16:00:00,0.148212776
2022-11-28 17:00:00,-0.006676111
2022-11-28 18:00:00,-0.00661
2022-11-28 19:00:00,-0.006616667
2022-11-28 20:00:00,-0.006597222
2022-11-28 21:00:00,-0.006586667
2022-11-28 22:00:00,-0.00661
2022-11-28 23:00:00,-0.006621944
2022-11-29 00:00:00,-0.006607222
2022-11-29 01:00:00,-0.006553333
2022-11-29 02:00:00,-0.006526111
2022-11-29 03:00:00,-0.006505
2022-11-29 04:00:00,-0.006486111
2022-11-29 05:00:00,-0.006440833
2022-11-29 06:00:00,-0.006411944
2022-11-29 07:00:00,-0.006489167
2022-11-29 08:00:00,-0.006485
2022-11-29 09:00:00,-0.006451111
2022-11-29 10:00:00,-0.006449167
2022-11-29 11:00:00,-0.006452222
2022-11-29 12:00:00,-0.006447222
2022-11-29 13:00:00,-0.006433056
2022-11-29 14:00:00,-0.006471944
2022-11-29 15:00:00,-0.0065025
2022-11-29 16:00:00,-0.006463611
2022-11-29 17:00:00,-0.006386389
2022-11-29 18:00:00,-0.006268611
2022-11-29 19:00:00,-0.006307222
2022-11-29 20:00:00,-0.006339722
2022-11-29 21:00:00,-0.006451389
2022-11-29 22:00:00,-0.006427778
2022-11-29 23:00:00,-0.0064575
2022-11-30 00:00:00,-0.006344167
2022-11-30 01:00:00,-0.006271944
2022-11-30 02:00:00,-0.006241111
2022-11-30 03:00:00,-0.006231667
2022-11-30 04:00:00,-0.006256389
2022-11-30 05:00:00,-0.006263056
2022-11-30 06:00:00,-0.006204444
2022-11-30 07:00:00,-0.004145278
2022-11-30 08:00:00,0.393465012
2022-11-30 09:00:00,1.038262725
2022-11-30 10:00:00,1.623326421
2022-11-30 11:00:00,1.786790252
2022-11-30 12:00:00,1.941194773
2022-11-30 13:00:00,2.126558781
2022-11-30 14:00:00,1.752476096
2022-11-30 15:00:00,0.884438038
2022-11-30 16:00:00,0.069837503
2022-11-30 17:00:00,-0.006468333
2022-11-30 18:00:00,-0.006454167
2022-11-30 19:00:00,-0.006422778
2022-11-30 20:00:00,-0.006417222
2022-11-30 21:00:00,-0.006448611
2022-11-30 22:00:00,-0.0064175
2022-11-30 23:00:00,-0.006408889
2022-12-01 00:00:00,-0.006375556
2022-12-01 01:00:00,-0.006383333
2022-12-01 02:00:00,-0.006371111
2022-12-01 03:00:00,-0.006336667
2022-12-01 04:00:00,-0.006317222
2022-12-01 05:00:00,-0.006264722
2022-12-01 06:00:00,-0.006200278
2022-12-01 07:00:00,0.000973611
2022-12-01 08:00:00,0.529620528
2022-12-01 09:00:00,1.572150826
2022-12-01 10:00:00,2.231802464
2022-12-01 11:00:00,2.682861328
2022-12-01 12:00:00,2.809294701
2022-12-01 13:00:00,2.56431675
2022-12-01 14:00:00,1.931050777
2022-12-01 15:00:00,0.554728329
2022-12-01 16:00:00,0.03561639
2022-12-01 17:00:00,-0.006536111
2022-12-01 18:00:00,-0.006427778
2022-12-01 19:00:00,-0.0064025
2022-12-01 20:00:00,-0.006408056
2022-12-01 21:00:00,-0.006433333
2022-12-01 22:00:00,-0.006453611
2022-12-01 23:00:00,-0.006494444
2022-12-02 00:00:00,-0.006502778
2022-12-02 01:00:00,-0.006501111
2022-12-02 02:00:00,-0.006494722
2022-12-02 03:00:00,-0.006474444
2022-12-02 04:00:00,-0.00648
2022-12-02 05:00:00,-0.006441944
2022-12-02 06:00:00,-0.006363889
2022-12-02 07:00:00,-0.001617778
2022-12-02 08:00:00,0.289518058
2022-12-02 09:00:00,1.075906634
2022-12-02 10:00:00,1.690027833
2022-12-02 11:00:00,1.899237514
2022-12-02 12:00:00,1.777339697
2022-12-02 13:00:00,1.71672976
2022-12-02 14:00:00,1.077538371
2022-12-02 15:00:00,0.069112778
2022-12-02 16:00:00,-0.006608333
2022-12-02 17:00:00,-0.006526944
2022-12-02 18:00:00,-0.006440278
2022-12-02 19:00:00,-0.006455833
2022-12-02 20:00:00,-0.006497778
2022-12-02 21:00:00,-0.006465833
2022-12-02 22:00:00,-0.006437222
2022-12-02 23:00:00,-0.006443889
2022-12-03 00:00:00,-0.006414722
2022-12-03 01:00:00,-0.006415278
2022-12-03 02:00:00,-0.006375833
2022-12-03 03:00:00,-0.006388056
2022-12-03 04:00:00,-0.006396111
2022-12-03 05:00:00,-0.00639
2022-12-03 06:00:00,-0.0063775
2022-12-03 07:00:00,0.013956111
2022-12-03 08:00:00,1.372176886
2022-12-03 09:00:00,3.692505836
2022-12-03 10:00:00,5.324801445
2022-12-03 11:00:00,6.428808212
2022-12-03 12:00:00,6.588549614
2022-12-03 13:00:00,5.903614521
2022-12-03 14:00:00,4.377488613
2022-12-03 15:00:00,2.134188175
2022-12-03 16:00:00,0.184499443
2022-12-03 17:00:00,-0.006616111
2022-12-03 18:00:00,-0.006578333
2022-12-03 19:00:00,-0.006573611
2022-12-03 20:00:00,-0.006548611
2022-12-03 21:00:00,-0.006548056
2022-12-03 22:00:00,-0.006533611
2022-12-03 23:00:00,-0.006482222
2022-12-04 00:00:00,-0.006486389
2022-12-04 01:00:00,-0.006450278
2022-12-04 02:00:00,-0.006457778
2022-12-04 03:00:00,-0.006470833
2022-12-04 04:00:00,-0.006470556
2022-12-04 05:00:00,-0.006456667
2022-12-04 06:00:00,-0.0064025
2022-12-04 07:00:00,0.006282222
2022-12-04 08:00:00,1.222779393
2022-12-04 09:00:00,3.658622503
2022-12-04 10:00:00,5.389936924
2022-12-04 11:00:00,6.215398312
2022-12-04 12:00:00,6.348556519
2022-12-04 13:00:00,5.721342564
2022-12-04 14:00:00,4.264389515
2022-12-04 15:00:00,1.984832168
2022-12-04 16:00:00,0.17733556
2022-12-04 17:00:00,-0.006656667
2022-12-04 18:00:00,-0.006654167
2022-12-04 19:00:00,-0.006745
2022-12-04 20:00:00,-0.006721111
2022-12-04 21:00:00,-0.006679722
2022-12-04 22:00:00,-0.0066125
2022-12-04 23:00:00,-0.006529722
2022-12-05 00:00:00,-0.006565278
2022-12-05 01:00:00,-0.006533333
2022-12-05 02:00:00,-0.006431111
2022-12-05 03:00:00,-0.006354444
2022-12-05 04:00:00,-0.006367222
2022-12-05 05:00:00,-0.006424444
2022-12-05 06:00:00,-0.006370556
2022-12-05 07:00:00,-0.000366111
2022-12-05 08:00:00,0.37554583
2022-12-05 09:00:00,1.358816385
2022-12-05 10:00:00,1.204544663
2022-12-05 11:00:00,1.575022817
2022-12-05 12:00:00,1.790554404
2022-12-05 13:00:00,1.539967775
2022-12-05 14:00:00,0.582472205
2022-12-05 15:00:00,0.163602501
2022-12-05 16:00:00,0.004350278
2022-12-05 17:00:00,-0.006581389
2022-12-05 18:00:00,-0.006586389
2022-12-05 19:00:00,-0.006526111
2022-12-05 20:00:00,-0.006505278
2022-12-05 21:00:00,-0.006538611
2022-12-05 22:00:00,-0.006480278
2022-12-05 23:00:00,-0.006432222
2022-12-06 00:00:00,-0.006436944
2022-12-06 01:00:00,-0.006373056
2022-12-06 02:00:00,-0.0063775
2022-12-06 03:00:00,-0.006371111
2022-12-06 04:00:00,-0.006373889
2022-12-06 05:00:00,-0.006336944
2022-12-06 06:00:00,-0.006269444
2022-12-06 07:00:00,-0.002188889
2022-12-06 08:00:00,0.3568075
2022-12-06 09:00:00,1.923610568
2022-12-06 10:00:00,2.078630447
2022-12-06 11:00:00,3.113433838
2022-12-06 12:00:00,5.461126328
2022-12-06 13:00:00,5.659685612
2022-12-06 14:00:00,4.118549347
2022-12-06 15:00:00,1.853596926
2022-12-06 16:00:00,0.142341107
2022-12-06 17:00:00,-0.00664
2022-12-06 18:00:00,-0.0065775
2022-12-06 19:00:00,-0.006468333
2022-12-06 20:00:00,-0.006462222
2022-12-06 21:00:00,-0.006502222
2022-12-06 22:00:00,-0.006517778
2022-12-06 23:00:00,-0.006495278
2022-12-07 00:00:00,-0.006447778
2022-12-07 01:00:00,-0.006404722
2022-12-07 02:00:00,-0.006399444
2022-12-07 03:00:00,-0.0063575
2022-12-07 04:00:00,-0.006365833
2022-12-07 05:00:00,-0.006321389
2022-12-07 06:00:00,-0.006249722
2022-12-07 07:00:00,-0.004865278
2022-12-07 08:00:00,0.097158335
2022-12-07 09:00:00,0.143572778
2022-12-07 10:00:00,0.547770023
2022-12-07 11:00:00,1.405276656
2022-12-07 12:00:00,1.793401957
2022-12-07 13:00:00,2.344869614
2022-12-07 14:00:00,1.991898894
2022-12-07 15:00:00,0.921621382
2022-12-07 16:00:00,0.072641388
2022-12-07 17:00:00,-0.006488056
2022-12-07 18:00:00,-0.006415
2022-12-07 19:00:00,-0.006383611
2022-12-07 20:00:00,-0.006363611
2022-12-07 21:00:00,-0.006382778
2022-12-07 22:00:00,-0.006397778
2022-12-07 23:00:00,-0.006376667
2022-12-08 00:00:00,-0.00636
2022-12-08 01:00:00,-0.006328333
2022-12-08 02:00:00,-0.006299722
2022-12-08 03:00:00,-0.006279167
2022-12-08 04:00:00,-0.006251944
2022-12-08 05:00:00,-0.006244444
2022-12-08 06:00:00,-0.006234167
2022-12-08 07:00:00,-0.00443
2022-12-08 08:00:00,0.493265837
2022-12-08 09:00:00,1.674486995
2022-12-08 10:00:00,2.855169773
2022-12-08 11:00:00,4.799157143
2022-12-08 12:00:00,5.899028778
2022-12-08 13:00:00,3.474348068
2022-12-08 14:00:00,2.276551485
2022-12-08 15:00:00,0.715906084
2022-12-08 16:00:00,0.066032223
2022-12-08 17:00:00,-0.006571389
2022-12-08 18:00:00,-0.006425556
2022-12-08 19:00:00,-0.006370278
2022-12-08 20:00:00,-0.006371111
2022-12-08 21:00:00,-0.006406944
2022-12-08 22:00:00,-0.006471111
2022-12-08 23:00:00,-0.006455
2022-12-09 00:00:00,-0.006434722
2022-12-09 01:00:00,-0.006403333
2022-12-09 02:00:00,-0.006370556
2022-12-09 03:00:00,-0.006343333
2022-12-09 04:00:00,-0.006308056
2022-12-09 05:00:00,-0.0063025
2022-12-09 06:00:00,-0.006243611
2022-12-09 07:00:00,-0.006337222
2022-12-09 08:00:00,0.214800552
2022-12-09 09:00:00,1.414566636
2022-12-09 10:00:00,1.19329834
2022-12-09 11:00:00,0.631746948
2022-12-09 12:00:00,0.400095552
2022-12-09 13:00:00,0.552209139
2022-12-09 14:00:00,0.449186951
2022-12-09 15:00:00,0.175622225
2022-12-09 16:00:00,0.003083056
2022-12-09 17:00:00,-0.006440833
2022-12-09 18:00:00,-0.006371389
2022-12-09 19:00:00,-0.006330833
2022-12-09 20:00:00,-0.006351111
2022-12-09 21:00:00,-0.006388611
2022-12-09 22:00:00,-0.006395556
2022-12-09 23:00:00,-0.006363889
2022-12-10 00:00:00,-0.006339722
2022-12-10 01:00:00,-0.006351389
2022-12-10 02:00:00,-0.006345
2022-12-10 03:00:00,-0.006351667
2022-12-10 04:00:00,-0.006353611
2022-12-10 05:00:00,-0.006376389
2022-12-10 06:00:00,-0.006339722
2022-12-10 07:00:00,-0.006317222
2022-12-10 08:00:00,0.070401385
2022-12-10 09:00:00,0.55761528
2022-12-10 10:00:00,0.860809147
2022-12-10 11:00:00,0.66517359
2022-12-10 12:00:00,0.610421121
2022-12-10 13:00:00,0.549658895
2022-12-10 14:00:00,0.337376654
2022-12-10 15:00:00,0.080626108
2022-12-10 16:00:00,-0.0052275
2022-12-10 17:00:00,-0.006325833
2022-12-10 18:00:00,-0.006344167
2022-12-10 19:00:00,-0.006342222
2022-12-10 20:00:00,-0.006336667
2022-12-10 21:00:00,-0.006360556
2022-12-10 22:00:00,-0.006365278
2022-12-10 23:00:00,-0.006393611
2022-12-11 00:00:00,-0.006338333
2022-12-11 01:00:00,-0.006337778
2022-12-11 02:00:00,-0.006361389
2022-12-11 03:00:00,-0.006350556
2022-12-11 04:00:00,-0.006356389
2022-12-11 05:00:00,-0.006325833
2022-12-11 06:00:00,-0.006287778
2022-12-11 07:00:00,-0.006300556
2022-12-11 08:00:00,0.136254728
2022-12-11 09:00:00,0.598001659
2022-12-11 10:00:00,1.839910507
2022-12-11 11:00:00,2.194597244
2022-12-11 12:00:00,1.602797508
2022-12-11 13:00:00,1.071531892
2022-12-11 14:00:00,0.591828346
2022-12-11 15:00:00,0.277758062
2022-12-11 16:00:00,0.014575
2022-12-11 17:00:00,-0.006382222
2022-12-11 18:00:00,-0.006353333
2022-12-11 19:00:00,-0.006353056
2022-12-11 20:00:00,-0.006396667
2022-12-11 21:00:00,-0.006427222
2022-12-11 22:00:00,-0.006416667
2022-12-11 23:00:00,-0.006438611
2022-12-12 00:00:00,-0.006416944
2022-12-12 01:00:00,-0.006415
2022-12-12 02:00:00,-0.006406389
2022-12-12 03:00:00,-0.006378333
2022-12-12 04:00:00,-0.006375278
2022-12-12 05:00:00,-0.00636
2022-12-12 06:00:00,-0.006311111
2022-12-12 07:00:00,-0.006196389
2022-12-12 08:00:00,0.11456167
2022-12-12 09:00:00,0.468851954
2022-12-12 10:00:00,0.947704971
2022-12-12 11:00:00,1.253847837
2022-12-12 12:00:00,1.945214152
2022-12-12 13:00:00,1.428924203
2022-12-12 14:00:00,0.860863864
2022-12-12 15:00:00,0.271338344
2022-12-12 16:00:00,0.004804722
2022-12-12 17:00:00,-0.006548333
2022-12-12 18:00:00,-0.006498333
2022-12-12 19:00:00,-0.006479444
2022-12-12 20:00:00,-0.006425278
2022-12-12 21:00:00,-0.006485278
2022-12-12 22:00:00,-0.006506389
2022-12-12 23:00:00,-0.006503889
2022-12-13 00:00:00,-0.006414444
2022-12-13 01:00:00,-0.00636
2022-12-13 02:00:00,-0.006349722
2022-12-13 03:00:00,-0.006361111
2022-12-13 04:00:00,-0.006361944
2022-12-13 05:00:00,-0.006249722
2022-12-13 06:00:00,-0.006183056
2022-12-13 07:00:00,-0.006393611
2022-12-13 08:00:00,0.039988056
2022-12-13 09:00:00,0.148318052
2022-12-13 10:00:00,0.337469161
2022-12-13 11:00:00,0.300003618
2022-12-13 12:00:00,0.26772362
2022-12-13 13:00:00,0.403753608
2022-12-13 14:00:00,0.197183058
2022-12-13 15:00:00,0.062934168
2022-12-13 16:00:00,-0.001328333
2022-12-13 17:00:00,-0.006368056
2022-12-13 18:00:00,-0.006284444
2022-12-13 19:00:00,-0.006252222
2022-12-13 20:00:00,-0.006270556
2022-12-13 21:00:00,-0.006334444
2022-12-13 22:00:00,-0.006305278
2022-12-13 23:00:00,-0.006241389
2022-12-14 00:00:00,-0.006288056
2022-12-14 01:00:00,-0.006349444
2022-12-14 02:00:00,-0.006344444
2022-12-14 03:00:00,-0.006348889
2022-12-14 04:00:00,-0.006354167
2022-12-14 05:00:00,-0.006385278
2022-12-14 06:00:00,-0.006305278
2022-12-14 07:00:00,-0.006376667
2022-12-14 08:00:00,-0.000594444
2022-12-14 09:00:00,0.076389447
2022-12-14 10:00:00,0.246166945
2022-12-14 11:00:00,0.343456388
2022-12-14 12:00:00,0.489448339
2022-12-14 13:00:00,0.272232234
2022-12-14 14:00:00,0.133960277
2022-12-14 15:00:00,0.122322224
2022-12-14 16:00:00,-0.005730278
2022-12-14 17:00:00,-0.006481111
2022-12-14 18:00:00,-0.006375
2022-12-14 19:00:00,-0.006396389
2022-12-14 20:00:00,-0.006355556
2022-12-14 21:00:00,-0.006381944
2022-12-14 22:00:00,-0.006411944
2022-12-14 23:00:00,-0.006410833
2022-12-15 00:00:00,-0.006349444
2022-12-15 01:00:00,-0.0063375
2022-12-15 02:00:00,-0.006325278
2022-12-15 03:00:00,-0.006309444
2022-12-15 04:00:00,-0.006302222
2022-12-15 05:00:00,-0.006303056
2022-12-15 06:00:00,-0.006288056
2022-12-15 07:00:00,-0.006373889
2022-12-15 08:00:00,-0.006380278
2022-12-15 09:00:00,-0.006416667
2022-12-15 10:00:00,-0.005035833
2022-12-15 11:00:00,0.010180278
2022-12-15 12:00:00,0.013902222
2022-12-15 13:00:00,0.025871111
2022-12-15 14:00:00,0.022866944
2022-12-15 15:00:00,-0.003366944
2022-12-15 16:00:00,-0.006463889
2022-12-15 17:00:00,-0.006354444
2022-12-15 18:00:00,-0.006284167
2022-12-15 19:00:00,-0.006322222
2022-12-15 20:00:00,-0.006256667
2022-12-15 21:00:00,-0.00626
2022-12-15 22:00:00,-0.006306111
2022-12-15 23:00:00,-0.006305278
2022-12-16 00:00:00,-0.006269722
2022-12-16 01:00:00,-0.006246111
2022-12-16 02:00:00,-0.006274722
2022-12-16 03:00:00,-0.006295556
2022-12-16 04:00:00,-0.006278333
2022-12-16 05:00:00,-0.006215556
2022-12-16 06:00:00,-0.006177778
2022-12-16 07:00:00,-0.006365
2022-12-16 08:00:00,-0.006441944
2022-12-16 09:00:00,-0.005281667
2022-12-16 10:00:00,0.022429721
2022-12-16 11:00:00,0.001885833
2022-12-16 12:00:00,0.016224166
2022-12-16 13:00:00,-0.004680278
2022-12-16 14:00:00,-0.006431667
2022-12-16 15:00:00,-0.006426389
2022-12-16 16:00:00,-0.006381667
2022-12-16 17:00:00,-0.006328333
2022-12-16 18:00:00,-0.006304167
2022-12-16 19:00:00,-0.006286111
2022-12-16 20:00:00,-0.006288889
2022-12-16 21:00:00,-0.006273056
2022-12-16 22:00:00,-0.006230278
2022-12-16 23:00:00,-0.006276944
2022-12-17 00:00:00,-0.006261944
2022-12-17 01:00:00,-0.006236667
2022-12-17 02:00:00,-0.006225833
2022-12-17 03:00:00,-0.006237222
2022-12-17 04:00:00,-0.006238889
2022-12-17 05:00:00,-0.006228056
2022-12-17 06:00:00,-0.006213056
2022-12-17 07:00:00,-0.006208333
2022-12-17 08:00:00,-0.006279167
2022-12-17 09:00:00,-0.006275556
2022-12-17 10:00:00,-0.006254444
2022-12-17 11:00:00,0.003636111
2022-12-17 12:00:00,-0.003635833
2022-12-17 13:00:00,-0.006277222
2022-12-17 14:00:00,-0.00626
2022-12-17 15:00:00,-0.006205833
2022-12-17 16:00:00,-0.006146389
2022-12-17 17:00:00,-0.006139722
2022-12-17 18:00:00,-0.0061825
2022-12-17 19:00:00,-0.006233889
2022-12-17 20:00:00,-0.006219167
2022-12-17 21:00:00,-0.006250833
2022-12-17 22:00:00,-0.006316111
2022-12-17 23:00:00,-0.006332778
2022-12-18 00:00:00,-0.006255556
2022-12-18 01:00:00,-0.0062275
2022-12-18 02:00:00,-0.006231389
2022-12-18 03:00:00,-0.006212222
2022-12-18 04:00:00,-0.006217778
2022-12-18 05:00:00,-0.006218889
2022-12-18 06:00:00,-0.006164722
2022-12-18 07:00:00,-0.006163889
2022-12-18 08:00:00,-0.006160556
2022-12-18 09:00:00,0.0026375
2022-12-18 10:00:00,0.040404167
2022-12-18 11:00:00,0.073994718
2022-12-18 12:00:00,0.081299722
2022-12-18 13:00:00,0.063156947
2022-12-18 14:00:00,0.027483055
2022-12-18 15:00:00,-0.0027175
2022-12-18 16:00:00,-0.006079722
2022-12-18 17:00:00,-0.006071389
2022-12-18 18:00:00,-0.006077778
2022-12-18 19:00:00,-0.006082222
2022-12-18 20:00:00,-0.006109722
2022-12-18 21:00:00,-0.006123889
2022-12-18 22:00:00,-0.006150833
2022-12-18 23:00:00,-0.006179722
2022-12-19 00:00:00,-0.006168333
2022-12-19 01:00:00,-0.00613
2022-12-19 02:00:00,-0.006124722
2022-12-19 03:00:00,-0.006080556
2022-12-19 04:00:00,-0.006109444
2022-12-19 05:00:00,-0.00608
2022-12-19 06:00:00,-0.006053333
2022-12-19 07:00:00,-0.0062
2022-12-19 08:00:00,-0.006230833
2022-12-19 09:00:00,-0.003653889
2022-12-19 10:00:00,-0.000608333
2022-12-19 11:00:00,-0.005240556
2022-12-19 12:00:00,-0.005085
2022-12-19 13:00:00,-0.006279722
2022-12-19 14:00:00,-0.006292778
2022-12-19 15:00:00,-0.006298333
2022-12-19 16:00:00,-0.006244167
2022-12-19 17:00:00,-0.006259167
2022-12-19 18:00:00,-0.006268333
2022-12-19 19:00:00,-0.006279167
2022-12-19 20:00:00,-0.006292222
2022-12-19 21:00:00,-0.006299722
2022-12-19 22:00:00,-0.006306389
2022-12-19 23:00:00,-0.0062225
2022-12-20 00:00:00,-0.006164167
2022-12-20 01:00:00,-0.0061475
2022-12-20 02:00:00,-0.006122778
2022-12-20 03:00:00,-0.006100556
2022-12-20 04:00:00,-0.0061375
2022-12-20 05:00:00,-0.006176667
2022-12-20 06:00:00,-0.006153611
2022-12-20 07:00:00,-0.006238333
2022-12-20 08:00:00,-0.006252222
2022-12-20 09:00:00,0.001661111
2022-12-20 10:00:00,0.030321389
2022-12-20 11:00:00,0.058367223
2022-12-20 12:00:00,0.065629169
2022-12-20 13:00:00,0.049500834
2022-12-20 14:00:00,0.020290278
2022-12-20 15:00:00,-0.004740833
2022-12-20 16:00:00,-0.006248611
2022-12-20 17:00:00,-0.006178056
2022-12-20 18:00:00,-0.006091389
2022-12-20 19:00:00,-0.006098056
2022-12-20 20:00:00,-0.006116944
2022-12-20 21:00:00,-0.006125833
2022-12-20 22:00:00,-0.006164167
2022-12-20 23:00:00,-0.006139722
2022-12-21 00:00:00,-0.0061225
2022-12-21 01:00:00,-0.006140833
2022-12-21 02:00:00,-0.006138611
2022-12-21 03:00:00,-0.006085833
2022-12-21 04:00:00,-0.006111944
2022-12-21 05:00:00,-0.006114722
2022-12-21 06:00:00,-0.006046111
2022-12-21 07:00:00,-0.0061575
2022-12-21 08:00:00,-0.006149722
2022-12-21 09:00:00,-0.006159167
2022-12-21 10:00:00,-0.006173889
2022-12-21 11:00:00,-0.006168889
2022-12-21 12:00:00,-0.006206111
2022-12-21 13:00:00,-0.006203889
2022-12-21 14:00:00,-0.006229444
2022-12-21 15:00:00,-0.006239167
2022-12-21 16:00:00,-0.006221944
2022-12-21 17:00:00,-0.006187222
2022-12-21 18:00:00,-0.006035
2022-12-21 19:00:00,-0.006025833
2022-12-21 20:00:00,-0.006035833
2022-12-21 21:00:00,-0.006056111
2022-12-21 22:00:00,-0.006126389
2022-12-21 23:00:00,-0.006113333
2022-12-22 00:00:00,-0.006087222
2022-12-22 01:00:00,-0.006155278
2022-12-22 02:00:00,-0.006134167
2022-12-22 03:00:00,-0.006179444
2022-12-22 04:00:00,-0.006155556
2022-12-22 05:00:00,-0.006179167
2022-12-22 06:00:00,-0.006068333
2022-12-22 07:00:00,-0.006088333
2022-12-22 08:00:00,-0.006079167
2022-12-22 09:00:00,-0.006070833
2022-12-22 10:00:00,-0.006043056
2022-12-22 11:00:00,-0.006032778
2022-12-22 12:00:00,-0.006114722
2022-12-22 13:00:00,-0.006116944
2022-12-22 14:00:00,-0.006103889
2022-12-22 15:00:00,-0.0060975
2022-12-22 16:00:00,-0.006108333
2022-12-22 17:00:00,-0.006018056
2022-12-22 18:00:00,-0.006108056
2022-12-22 19:00:00,-0.006141111
2022-12-22 20:00:00,-0.006130833
2022-12-22 21:00:00,-0.006216667
2022-12-22 22:00:00,-0.006124722
2022-12-22 23:00:00,-0.006210556
2022-12-23 00:00:00,-0.00607
2022-12-23 01:00:00,-0.006206389
2022-12-23 02:00:00,-0.006152778
2022-12-23 03:00:00,-0.006140556
2022-12-23 04:00:00,-0.006158611
2022-12-23 05:00:00,-0.006132222
2022-12-23 06:00:00,-0.006117778
2022-12-23 07:00:00,-0.006066944
2022-12-23 08:00:00,-0.006061667
2022-12-23 09:00:00,-0.000826944
2022-12-23 10:00:00,0.048041113
2022-12-23 11:00:00,0.118149169
2022-12-23 12:00:00,0.185063332
2022-12-23 13:00:00,0.203441665
2022-12-23 14:00:00,0.20293805
2022-12-23 15:00:00,0.056266945
2022-12-23 16:00:00,-0.002590556
2022-12-23 17:00:00,-0.006131667
2022-12-23 18:00:00,-0.006120833
2022-12-23 19:00:00,-0.006099444
2022-12-23 20:00:00,-0.006125
2022-12-23 21:00:00,-0.006168333
2022-12-23 22:00:00,-0.006096667
2022-12-23 23:00:00,-0.006146667
2022-12-24 00:00:00,-0.006141389
2022-12-24 01:00:00,-0.006185278
2022-12-24 02:00:00,-0.006161111
2022-12-24 03:00:00,-0.006153889
2022-12-24 04:00:00,-0.0061225
2022-12-24 05:00:00,-0.006071389
2022-12-24 06:00:00,-0.006047778
2022-12-24 07:00:00,-0.006049444
2022-12-24 08:00:00,0.083713055
2022-12-24 09:00:00,0.392843336
2022-12-24 10:00:00,0.654876947
2022-12-24 11:00:00,0.825534165
2022-12-24 12:00:00,0.873226643
2022-12-24 13:00:00,0.797411919
2022-12-24 14:00:00,0.611448884
2022-12-24 15:00:00,0.326487511
2022-12-24 16:00:00,0.028049722
2022-12-24 17:00:00,-0.006086944
2022-12-24 18:00:00,-0.006085833
2022-12-24 19:00:00,-0.006135
2022-12-24 20:00:00,-0.006098333
2022-12-24 21:00:00,-0.006093611
2022-12-24 22:00:00,-0.006149444
2022-12-24 23:00:00,-0.006169444
2022-12-25 00:00:00,-0.006189444
2022-12-25 01:00:00,-0.006162222
2022-12-25 02:00:00,-0.006107222
2022-12-25 03:00:00,-0.006164444
2022-12-25 04:00:00,-0.006094444
2022-12-25 05:00:00,-0.006184167
2022-12-25 06:00:00,-0.006193056
2022-12-25 07:00:00,-0.006085
2022-12-25 08:00:00,0.08963
2022-12-25 09:00:00,0.280554444
2022-12-25 10:00:00,0.174904451
2022-12-25 11:00:00,0.318036675
2022-12-25 12:00:00,0.168584168
2022-12-25 13:00:00,0.169061661
2022-12-25 14:00:00,0.101587221
2022-12-25 15:00:00,0.013904167
2022-12-25 16:00:00,-0.006067778
2022-12-25 17:00:00,-0.006053333
2022-12-25 18:00:00,-0.006040833
2022-12-25 19:00:00,-0.006127222
2022-12-25 20:00:00,-0.006068889
2022-12-25 21:00:00,-0.006070833
2022-12-25 22:00:00,-0.006083611
2022-12-25 23:00:00,-0.006184167
2022-12-26 00:00:00,-0.006071667
2022-12-26 01:00:00,-0.00607
2022-12-26 02:00:00,-0.006087778
2022-12-26 03:00:00,-0.006076111
2022-12-26 04:00:00,-0.006089167
2022-12-26 05:00:00,-0.006073333
2022-12-26 06:00:00,-0.006066667
2022-12-26 07:00:00,-0.006224444
2022-12-26 08:00:00,0.062658891
2022-12-26 09:00:00,0.344072223
2022-12-26 10:00:00,0.617382526
2022-12-26 11:00:00,0.854770005
2022-12-26 12:00:00,1.047950268
2022-12-26 13:00:00,0.920818627
2022-12-26 14:00:00,0.755314708
2022-12-26 15:00:00,0.376185834
2022-12-26 16:00:00,0.053228889
2022-12-26 17:00:00,-0.006149167
2022-12-26 18:00:00,-0.006115556
2022-12-26 19:00:00,-0.006092778
2022-12-26 20:00:00,-0.006130556
2022-12-26 21:00:00,-0.006087222
2022-12-26 22:00:00,-0.006105278
2022-12-26 23:00:00,-0.006139167
2022-12-27 00:00:00,-0.006244167
2022-12-27 01:00:00,-0.006181944
2022-12-27 02:00:00,-0.006207778
2022-12-27 03:00:00,-0.006201667
2022-12-27 04:00:00,-0.006146667
2022-12-27 05:00:00,-0.0061775
2022-12-27 06:00:00,-0.006156667
2022-12-27 07:00:00,-0.006156389
2022-12-27 08:00:00,0.029003333
2022-12-27 09:00:00,0.436731935
2022-12-27 10:00:00,0.745858073
2022-12-27 11:00:00,0.714716971
2022-12-27 12:00:00,0.876760542
2022-12-27 13:00:00,0.658325851
2022-12-27 14:00:00,0.636135817
2022-12-27 15:00:00,0.226573333
2022-12-27 16:00:00,0.003945278
2022-12-27 17:00:00,-0.006198611
2022-12-27 18:00:00,-0.006211389
2022-12-27 19:00:00,-0.006213333
2022-12-27 20:00:00,-0.006233056
2022-12-27 21:00:00,-0.006251111
2022-12-27 22:00:00,-0.006260278
2022-12-27 23:00:00,-0.006199167
2022-12-28 00:00:00,-0.006212222
2022-12-28 01:00:00,-0.006216111
2022-12-28 02:00:00,-0.006213333
2022-12-28 03:00:00,-0.006210278
2022-12-28 04:00:00,-0.006209722
2022-12-28 05:00:00,-0.006225833
2022-12-28 06:00:00,-0.006215278
2022-12-28 07:00:00,-0.0062475
2022-12-28 08:00:00,-0.003935833
2022-12-28 09:00:00,0.05711611
2022-12-28 10:00:00,0.185115278
2022-12-28 11:00:00,0.283112228
2022-12-28 12:00:00,0.221693337
2022-12-28 13:00:00,0.438986123
2022-12-28 14:00:00,0.416057229
2022-12-28 15:00:00,0.137246385
2022-12-28 16:00:00,-0.003958333
2022-12-28 17:00:00,-0.006230833
2022-12-28 18:00:00,-0.006257222
2022-12-28 19:00:00,-0.006253889
2022-12-28 20:00:00,-0.006305556
2022-12-28 21:00:00,-0.00629
2022-12-28 22:00:00,-0.006333889
2022-12-28 23:00:00,-0.006373611
2022-12-29 00:00:00,-0.006306667
2022-12-29 01:00:00,-0.006285556
2022-12-29 02:00:00,-0.006295833
2022-12-29 03:00:00,-0.006268611
2022-12-29 04:00:00,-0.006310278
2022-12-29 05:00:00,-0.006245556
2022-12-29 06:00:00,-0.0062425
2022-12-29 07:00:00,-0.006243056
2022-12-29 08:00:00,0.107143335
2022-12-29 09:00:00,0.233905837
2022-12-29 10:00:00,0.499325842
2022-12-29 11:00:00,0.39496389
2022-12-29 12:00:00,0.379713625
2022-12-29 13:00:00,0.501553357
2022-12-29 14:00:00,0.57822752
2022-12-29 15:00:00,0.325040281
2022-12-29 16:00:00,0.028961668
2022-12-29 17:00:00,-0.006259167
2022-12-29 18:00:00,-0.006258889
2022-12-29 19:00:00,-0.006259722
2022-12-29 20:00:00,-0.006294167
2022-12-29 21:00:00,-0.006274444
2022-12-29 22:00:00,-0.006280556
2022-12-29 23:00:00,-0.006277222
2022-12-30 00:00:00,-0.006259722
2022-12-30 01:00:00,-0.0062825
2022-12-30 02:00:00,-0.006264722
2022-12-30 03:00:00,-0.006254167
2022-12-30 04:00:00,-0.0062475
2022-12-30 05:00:00,-0.00618
2022-12-30 06:00:00,-0.006155556
2022-12-30 07:00:00,-0.006170278
2022-12-30 08:00:00,0.0097125
2022-12-30 09:00:00,0.247074172
2022-12-30 10:00:00,1.743293285
2022-12-30 11:00:00,3.238936424
2022-12-30 12:00:00,3.478773832
2022-12-30 13:00:00,3.280143023
2022-12-30 14:00:00,2.630236864
2022-12-30 15:00:00,1.523624182
2022-12-30 16:00:00,0.198541105
2022-12-30 17:00:00,-0.006421944
2022-12-30 18:00:00,-0.006337778
2022-12-30 19:00:00,-0.00633
2022-12-30 20:00:00,-0.006357778
2022-12-30 21:00:00,-0.006371667
2022-12-30 22:00:00,-0.006348611
2022-12-30 23:00:00,-0.006308056
2022-12-31 00:00:00,-0.006312222
2022-12-31 01:00:00,-0.006326944
2022-12-31 02:00:00,-0.0063425
2022-12-31 03:00:00,-0.00639
2022-12-31 04:00:00,-0.006313611
2022-12-31 05:00:00,-0.006293889
2022-12-31 06:00:00,-0.006263056
2022-12-31 07:00:00,-0.006231111
2022-12-31 08:00:00,0.049221389
2022-12-31 09:00:00,0.453778893
2022-12-31 10:00:00,1.695542455
2022-12-31 11:00:00,1.582336664
2022-12-31 12:00:00,1.187937737
2022-12-31 13:00:00,0.877269447
2022-12-31 14:00:00,1.282259703
2022-12-31 15:00:00,0.522051692
2022-12-31 16:00:00,0.029739168
2022-12-31 17:00:00,-0.006266111
2022-12-31 18:00:00,-0.00628
2022-12-31 19:00:00,-0.006280556
2022-12-31 20:00:00,-0.006291111
2022-12-31 21:00:00,-0.006307222
2022-12-31 22:00:00,-0.006383333
2022-12-31 23:00:00,-0.006361667
2023-01-01 00:00:00,-0.006310833
2023-01-01 01:00:00,-0.006300556
2023-01-01 02:00:00,-0.006318333
2023-01-01 03:00:00,-0.0062875
2023-01-01 04:00:00,-0.006265278
2023-01-01 05:00:00,-0.006266111
2023-01-01 06:00:00,-0.006261389
2023-01-01 07:00:00,-0.006277778
2023-01-01 08:00:00,0.027684167
2023-01-01 09:00:00,0.188796937
2023-01-01 10:00:00,0.435555845
2023-01-01 11:00:00,0.584276676
2023-01-01 12:00:00,0.763323605
2023-01-01 13:00:00,1.938319206
2023-01-01 14:00:00,2.920572758
2023-01-01 15:00:00,1.793779969
2023-01-01 16:00:00,0.172161937
2023-01-01 17:00:00,-0.006344722
2023-01-01 18:00:00,-0.006328611
2023-01-01 19:00:00,-0.0063075
2023-01-01 20:00:00,-0.006322222
2023-01-01 21:00:00,-0.006343889
2023-01-01 22:00:00,-0.006383333
2023-01-01 23:00:00,-0.006330833
2023-01-02 00:00:00,-0.006286389
2023-01-02 01:00:00,-0.006306667
2023-01-02 02:00:00,-0.006271944
2023-01-02 03:00:00,-0.006265833
2023-01-02 04:00:00,-0.006248889
2023-01-02 05:00:00,-0.006256667
2023-01-02 06:00:00,-0.006219444
2023-01-02 07:00:00,-0.006224444
2023-01-02 08:00:00,0.029513333
2023-01-02 09:00:00,0.214827493
2023-01-02 10:00:00,0.466169178
2023-01-02 11:00:00,0.576080561
2023-01-02 12:00:00,0.507216394
2023-01-02 13:00:00,0.272359997
2023-01-02 14:00:00,0.193635285
2023-01-02 15:00:00,0.094706945
2023-01-02 16:00:00,-0.005923611
2023-01-02 17:00:00,-0.006235278
2023-01-02 18:00:00,-0.006244722
2023-01-02 19:00:00,-0.006210833
2023-01-02 20:00:00,-0.006249722
2023-01-02 21:00:00,-0.006261944
2023-01-02 22:00:00,-0.006294722
2023-01-02 23:00:00,-0.006310278
2023-01-03 00:00:00,-0.006363056
2023-01-03 01:00:00,-0.006318333
2023-01-03 02:00:00,-0.0063025
2023-01-03 03:00:00,-0.006305278
2023-01-03 04:00:00,-0.006296944
2023-01-03 05:00:00,-0.006273056
2023-01-03 06:00:00,-0.006200278
2023-01-03 07:00:00,-0.006276389
2023-01-03 08:00:00,-0.006341111
2023-01-03 09:00:00,-0.000603056
2023-01-03 10:00:00,0.008851389
2023-01-03 11:00:00,-0.005539444
2023-01-03 12:00:00,-0.006295278
2023-01-03 13:00:00,-0.006320278
2023-01-03 14:00:00,-0.006296389
2023-01-03 15:00:00,-0.006326667
2023-01-03 16:00:00,-0.006331944
2023-01-03 17:00:00,-0.006259722
2023-01-03 18:00:00,-0.006220833
2023-01-03 19:00:00,-0.006210556
2023-01-03 20:00:00,-0.006257222
2023-01-03 21:00:00,-0.006205833
2023-01-03 22:00:00,-0.006253611
2023-01-03 23:00:00,-0.006265833
2023-01-04 00:00:00,-0.006264444
2023-01-04 01:00:00,-0.0062825
2023-01-04 02:00:00,-0.006294167
2023-01-04 03:00:00,-0.006285833
2023-01-04 04:00:00,-0.006290833
2023-01-04 05:00:00,-0.006251389
2023-01-04 06:00:00,-0.006154444
2023-01-04 07:00:00,-0.006256111
2023-01-04 08:00:00,-0.006293889
2023-01-04 09:00:00,-0.006303333
2023-01-04 10:00:00,-0.006330556
2023-01-04 11:00:00,-0.006344444
2023-01-04 12:00:00,-0.006356111
2023-01-04 13:00:00,-0.006362222
2023-01-04 14:00:00,-0.006386944
2023-01-04 15:00:00,-0.006365833
2023-01-04 16:00:00,-0.006317222
2023-01-04 17:00:00,-0.006273889
2023-01-04 18:00:00,-0.006263056
2023-01-04 19:00:00,-0.006301389
2023-01-04 20:00:00,-0.006311667
2023-01-04 21:00:00,-0.006294444
2023-01-04 22:00:00,-0.006270556
2023-01-04 23:00:00,-0.006306944
2023-01-05 00:00:00,-0.0062975
2023-01-05 01:00:00,-0.006281389
2023-01-05 02:00:00,-0.006286389
2023-01-05 03:00:00,-0.00627
2023-01-05 04:00:00,-0.006270556
2023-01-05 05:00:00,-0.006231667
2023-01-05 06:00:00,-0.006158333
2023-01-05 07:00:00,-0.006275
2023-01-05 08:00:00,-0.0063075
2023-01-05 09:00:00,-0.0063275
2023-01-05 10:00:00,-0.006357778
2023-01-05 11:00:00,-0.006349444
2023-01-05 12:00:00,-0.006361111
2023-01-05 13:00:00,-0.006311667
2023-01-05 14:00:00,-0.006353611
2023-01-05 15:00:00,-0.006341111
2023-01-05 16:00:00,-0.006298333
2023-01-05 17:00:00,-0.006238889
2023-01-05 18:00:00,-0.006190556
2023-01-05 19:00:00,-0.006237222
2023-01-05 20:00:00,-0.006256389
2023-01-05 21:00:00,-0.006270278
2023-01-05 22:00:00,-0.006280278
2023-01-05 23:00:00,-0.006263333
2023-01-06 00:00:00,-0.006262778
2023-01-06 01:00:00,-0.006254167
2023-01-06 02:00:00,-0.00624
2023-01-06 03:00:00,-0.006235278
2023-01-06 04:00:00,-0.006244722
2023-01-06 05:00:00,-0.0062175
2023-01-06 06:00:00,-0.006107222
2023-01-06 07:00:00,-0.00625
2023-01-06 08:00:00,-0.006308333
2023-01-06 09:00:00,-0.006305
2023-01-06 10:00:00,-0.006300833
2023-01-06 11:00:00,-0.006293056
2023-01-06 12:00:00,-0.006299722
2023-01-06 13:00:00,-0.006285833
2023-01-06 14:00:00,-0.0063225
2023-01-06 15:00:00,-0.0062875
2023-01-06 16:00:00,-0.006252778
2023-01-06 17:00:00,-0.006169722
2023-01-06 18:00:00,-0.006092222
2023-01-06 19:00:00,-0.006111667
2023-01-06 20:00:00,-0.006116111
2023-01-06 21:00:00,-0.006145278
2023-01-06 22:00:00,-0.006166389
2023-01-06 23:00:00,-0.006177222
2023-01-07 00:00:00,-0.0061575
2023-01-07 01:00:00,-0.006121389
2023-01-07 02:00:00,-0.006123611
2023-01-07 03:00:00,-0.00613
2023-01-07 04:00:00,-0.006159444
2023-01-07 05:00:00,-0.006164167
2023-01-07 06:00:00,-0.006148611
2023-01-07 07:00:00,-0.006168611
2023-01-07 08:00:00,-0.006215556
2023-01-07 09:00:00,-0.006203889
2023-01-07 10:00:00,-0.006218333
2023-01-07 11:00:00,-0.006204722
2023-01-07 12:00:00,-0.006188056
2023-01-07 13:00:00,-0.006220556
2023-01-07 14:00:00,-0.0062075
2023-01-07 15:00:00,-0.006195278
2023-01-07 16:00:00,-0.006161667
2023-01-07 17:00:00,-0.006121944
2023-01-07 18:00:00,-0.006119722
2023-01-07 19:00:00,-0.006140833
2023-01-07 20:00:00,-0.006163056
2023-01-07 21:00:00,-0.0062025
2023-01-07 22:00:00,-0.006215833
2023-01-07 23:00:00,-0.006222222
2023-01-08 00:00:00,-0.006191667
2023-01-08 01:00:00,-0.006193889
2023-01-08 02:00:00,-0.006191667
2023-01-08 03:00:00,-0.006176111
2023-01-08 04:00:00,-0.006182222
2023-01-08 05:00:00,-0.0061925
2023-01-08 06:00:00,-0.006166389
2023-01-08 07:00:00,-0.006157778
2023-01-08 08:00:00,-0.006165
2023-01-08 09:00:00,-0.0061475
2023-01-08 10:00:00,-0.006160833
2023-01-08 11:00:00,-0.006169722
2023-01-08 12:00:00,-0.006172778
2023-01-08 13:00:00,-0.006175
2023-01-08 14:00:00,-0.006173611
2023-01-08 15:00:00,-0.006166667
2023-01-08 16:00:00,-0.006152778
2023-01-08 17:00:00,-0.006104722
2023-01-08 18:00:00,-0.006093611
2023-01-08 19:00:00,-0.006097778
2023-01-08 20:00:00,-0.006124444
2023-01-08 21:00:00,-0.006142222
2023-01-08 22:00:00,-0.006129722
2023-01-08 23:00:00,-0.006174167
2023-01-09 00:00:00,-0.006194444
2023-01-09 01:00:00,-0.006180556
2023-01-09 02:00:00,-0.006182778
2023-01-09 03:00:00,-0.006199444
2023-01-09 04:00:00,-0.006204444
2023-01-09 05:00:00,-0.006153611
2023-01-09 06:00:00,-0.006137778
2023-01-09 07:00:00,-0.006221944
2023-01-09 08:00:00,-0.006253889
2023-01-09 09:00:00,-0.006272778
2023-01-09 10:00:00,-0.006302778
2023-01-09 11:00:00,-0.006321389
2023-01-09 12:00:00,-0.006343611
2023-01-09 13:00:00,-0.006336667
2023-01-09 14:00:00,-0.006325
2023-01-09 15:00:00,-0.006339722
2023-01-09 16:00:00,-0.006290833
2023-01-09 17:00:00,-0.006248333
2023-01-09 18:00:00,-0.006215833
2023-01-09 19:00:00,-0.006201389
2023-01-09 20:00:00,-0.006208333
2023-01-09 21:00:00,-0.006225556
2023-01-09 22:00:00,-0.006299722
2023-01-09 23:00:00,-0.006297222
2023-01-10 00:00:00,-0.006264444
2023-01-10 01:00:00,-0.006201667
2023-01-10 02:00:00,-0.006217778
2023-01-10 03:00:00,-0.006175
2023-01-10 04:00:00,-0.006205556
2023-01-10 05:00:00,-0.006199444
2023-01-10 06:00:00,-0.006126944
2023-01-10 07:00:00,-0.006269167
2023-01-10 08:00:00,-0.006311944
2023-01-10 09:00:00,-0.006329444
2023-01-10 10:00:00,-0.006322778
2023-01-10 11:00:00,-0.006310556
2023-01-10 12:00:00,-0.0063125
2023-01-10 13:00:00,-0.0063275
2023-01-10 14:00:00,-0.006326944
2023-01-10 15:00:00,-0.006333056
2023-01-10 16:00:00,-0.006295278
2023-01-10 17:00:00,-0.006229444
2023-01-10 18:00:00,-0.006134722
2023-01-10 19:00:00,-0.006141944
2023-01-10 20:00:00,-0.0061375
2023-01-10 21:00:00,-0.006161111
2023-01-10 22:00:00,-0.0062225
2023-01-10 23:00:00,-0.006258611
2023-01-11 00:00:00,-0.006226111
2023-01-11 01:00:00,-0.006188333
2023-01-11 02:00:00,-0.006191389
2023-01-11 03:00:00,-0.006168333
2023-01-11 04:00:00,-0.006174167
2023-01-11 05:00:00,-0.006174444
2023-01-11 06:00:00,-0.006111111
2023-01-11 07:00:00,-0.006216389
2023-01-11 08:00:00,-0.006291389
2023-01-11 09:00:00,-0.006305
2023-01-11 10:00:00,-0.006309167
2023-01-11 11:00:00,-0.0063375
2023-01-11 12:00:00,-0.006320833
2023-01-11 13:00:00,-0.006266389
2023-01-11 14:00:00,-0.006273056
2023-01-11 15:00:00,-0.006241111
2023-01-11 16:00:00,-0.006239444
2023-01-11 17:00:00,-0.006193333
2023-01-11 18:00:00,-0.006148056
2023-01-11 19:00:00,-0.006156389
2023-01-11 20:00:00,-0.006176111
2023-01-11 21:00:00,-0.0061775
2023-01-11 22:00:00,-0.006262222
2023-01-11 23:00:00,-0.006286111
2023-01-12 00:00:00,-0.006262222
2023-01-12 01:00:00,-0.0062675
2023-01-12 02:00:00,-0.006250833
2023-01-12 03:00:00,-0.006188333
2023-01-12 04:00:00,-0.006225
2023-01-12 05:00:00,-0.006243889
2023-01-12 06:00:00,-0.00623
2023-01-12 07:00:00,-0.006233056
2023-01-12 08:00:00,-0.006308056
2023-01-12 09:00:00,-0.006328333
2023-01-12 10:00:00,-0.006334167
2023-01-12 11:00:00,-0.006301389
2023-01-12 12:00:00,-0.006286111
2023-01-12 13:00:00,-0.006310833
2023-01-12 14:00:00,-0.006324167
2023-01-12 15:00:00,-0.006341944
2023-01-12 16:00:00,-0.006279167
2023-01-12 17:00:00,-0.006181111
2023-01-12 18:00:00,-0.006129167
2023-01-12 19:00:00,-0.006155833
2023-01-12 20:00:00,-0.006208333
2023-01-12 21:00:00,-0.006265
2023-01-12 22:00:00,-0.006413333
2023-01-12 23:00:00,-0.006416944
2023-01-13 00:00:00,-0.006394444
2023-01-13 01:00:00,-0.006342222
2023-01-13 02:00:00,-0.006297222
2023-01-13 03:00:00,-0.006211389
2023-01-13 04:00:00,-0.0061825
2023-01-13 05:00:00,-0.006169444
2023-01-13 06:00:00,-0.006111389
2023-01-13 07:00:00,-0.006184722
2023-01-13 08:00:00,-0.006238889
2023-01-13 09:00:00,-0.00623
2023-01-13 10:00:00,-0.006222222
2023-01-13 11:00:00,-0.006221111
2023-01-13 12:00:00,-0.006186111
2023-01-13 13:00:00,-0.006176111
2023-01-13 14:00:00,-0.006204444
2023-01-13 15:00:00,-0.006206389
2023-01-13 16:00:00,-0.006158611
2023-01-13 17:00:00,-0.006083333
2023-01-13 18:00:00,-0.006029722
2023-01-13 19:00:00,-0.006051111
2023-01-13 20:00:00,-0.006043889
2023-01-13 21:00:00,-0.006085833
2023-01-13 22:00:00,-0.006140833
2023-01-13 23:00:00,-0.006146944
2023-01-14 00:00:00,-0.006184167
2023-01-14 01:00:00,-0.006223889
2023-01-14 02:00:00,-0.006233889
2023-01-14 03:00:00,-0.006140833
2023-01-14 04:00:00,-0.006253889
2023-01-14 05:00:00,-0.006277222
2023-01-14 06:00:00,-0.006244722
2023-01-14 07:00:00,-0.006211667
2023-01-14 08:00:00,-0.006223889
2023-01-14 09:00:00,-0.006214167
2023-01-14 10:00:00,-0.006200278
2023-01-14 11:00:00,-0.006225556
2023-01-14 12:00:00,-0.006248611
2023-01-14 13:00:00,-0.006305278
2023-01-14 14:00:00,-0.006258611
2023-01-14 15:00:00,-0.006275556
2023-01-14 16:00:00,-0.006235278
2023-01-14 17:00:00,-0.00617
2023-01-14 18:00:00,-0.006180833
2023-01-14 19:00:00,-0.006216389
2023-01-14 20:00:00,-0.006233611
2023-01-14 21:00:00,-0.006231944
2023-01-14 22:00:00,-0.006231944
2023-01-14 23:00:00,-0.006218889
2023-01-15 00:00:00,-0.006193056
2023-01-15 01:00:00,-0.006170278
2023-01-15 02:00:00,-0.006169722
2023-01-15 03:00:00,-0.006137778
2023-01-15 04:00:00,-0.006120278
2023-01-15 05:00:00,-0.006098056
2023-01-15 06:00:00,-0.006101389
2023-01-15 07:00:00,-0.006125278
2023-01-15 08:00:00,-0.006116667
2023-01-15 09:00:00,-0.006220278
2023-01-15 10:00:00,-0.006316111
2023-01-15 11:00:00,-0.005829444
2023-01-15 12:00:00,-0.002871667
2023-01-15 13:00:00,-0.002153889
2023-01-15 14:00:00,-0.005666944
2023-01-15 15:00:00,-0.006200278
2023-01-15 16:00:00,-0.006211111
2023-01-15 17:00:00,-0.00618
2023-01-15 18:00:00,-0.006192778
2023-01-15 19:00:00,-0.006241944
2023-01-15 20:00:00,-0.006259722
2023-01-15 21:00:00,-0.006293333
2023-01-15 22:00:00,-0.006305278
2023-01-15 23:00:00,-0.006259444
2023-01-16 00:00:00,-0.006243611
2023-01-16 01:00:00,-0.006192222
2023-01-16 02:00:00,-0.006221944
2023-01-16 03:00:00,-0.006209722
2023-01-16 04:00:00,-0.006223889
2023-01-16 05:00:00,-0.00618
2023-01-16 06:00:00,-0.006191111
2023-01-16 07:00:00,-0.006276111
2023-01-16 08:00:00,-0.006300556
2023-01-16 09:00:00,-0.0062875
2023-01-16 10:00:00,-0.006256944
2023-01-16 11:00:00,-0.006249167
2023-01-16 12:00:00,-0.006243056
2023-01-16 13:00:00,-0.006256667
2023-01-16 14:00:00,-0.006266667
2023-01-16 15:00:00,-0.006265278
2023-01-16 16:00:00,-0.006240556
2023-01-16 17:00:00,-0.006204167
2023-01-16 18:00:00,-0.006210278
2023-01-16 19:00:00,-0.006280556
2023-01-16 20:00:00,-0.0062475
2023-01-16 21:00:00,-0.006218889
2023-01-16 22:00:00,-0.006251667
2023-01-16 23:00:00,-0.006258611
2023-01-17 00:00:00,-0.006231667
2023-01-17 01:00:00,-0.006218333
2023-01-17 02:00:00,-0.006232222
2023-01-17 03:00:00,-0.006230556
2023-01-17 04:00:00,-0.006224167
2023-01-17 05:00:00,-0.006216389
2023-01-17 06:00:00,-0.006150278
2023-01-17 07:00:00,-0.006250556
2023-01-17 08:00:00,-0.006331944
2023-01-17 09:00:00,-0.006334444
2023-01-17 10:00:00,-0.006333333
2023-01-17 11:00:00,-0.006293611
2023-01-17 12:00:00,-0.0061775
2023-01-17 13:00:00,-0.006397222
2023-01-17 14:00:00,-0.006369444
2023-01-17 15:00:00,-0.006351944
2023-01-17 16:00:00,-0.006344167
2023-01-17 17:00:00,-0.006274444
2023-01-17 18:00:00,-0.006138056
2023-01-17 19:00:00,-0.006154722
2023-01-17 20:00:00,-0.006179167
2023-01-17 21:00:00,-0.006180833
2023-01-17 22:00:00,-0.006201111
2023-01-17 23:00:00,-0.0062175
2023-01-18 00:00:00,-0.006244722
2023-01-18 01:00:00,-0.006221389
2023-01-18 02:00:00,-0.006225833
2023-01-18 03:00:00,-0.006181389
2023-01-18 04:00:00,-0.006179722
2023-01-18 05:00:00,-0.006176389
2023-01-18 06:00:00,-0.006096944
2023-01-18 07:00:00,-0.006200556
2023-01-18 08:00:00,-0.006269444
2023-01-18 09:00:00,-0.005973889
2023-01-18 10:00:00,0.002514444
2023-01-18 11:00:00,0.013826111
2023-01-18 12:00:00,0.0063475
2023-01-18 13:00:00,-0.002617222
2023-01-18 14:00:00,-0.004283889
2023-01-18 15:00:00,-0.006298889
2023-01-18 16:00:00,-0.006258056
2023-01-18 17:00:00,-0.0062175
2023-01-18 18:00:00,-0.006106667
2023-01-18 19:00:00,-0.00609
2023-01-18 20:00:00,-0.006142222
2023-01-18 21:00:00,-0.006187222
2023-01-18 22:00:00,-0.006226667
2023-01-18 23:00:00,-0.006236389
2023-01-19 00:00:00,-0.006208889
2023-01-19 01:00:00,-0.0061775
2023-01-19 02:00:00,-0.006189722
2023-01-19 03:00:00,-0.006175556
2023-01-19 04:00:00,-0.006202778
2023-01-19 05:00:00,-0.006210556
2023-01-19 06:00:00,-0.006107222
2023-01-19 07:00:00,-0.006226111
2023-01-19 08:00:00,-0.006252222
2023-01-19 09:00:00,-0.006233889
2023-01-19 10:00:00,-0.006230278
2023-01-19 11:00:00,-0.006187222
2023-01-19 12:00:00,-0.006142222
2023-01-19 13:00:00,-0.006238333
2023-01-19 14:00:00,-0.006258611
2023-01-19 15:00:00,-0.006269722
2023-01-19 16:00:00,-0.006244167
2023-01-19 17:00:00,-0.006201389
2023-01-19 18:00:00,-0.006121667
2023-01-19 19:00:00,-0.00614
2023-01-19 20:00:00,-0.006199444
2023-01-19 21:00:00,-0.006197222
2023-01-19 22:00:00,-0.006246944
2023-01-19 23:00:00,-0.006257222
2023-01-20 00:00:00,-0.006214444
2023-01-20 01:00:00,-0.006191111
2023-01-20 02:00:00,-0.006193056
2023-01-20 03:00:00,-0.006165
2023-01-20 04:00:00,-0.006161667
2023-01-20 05:00:00,-0.006146944
2023-01-20 06:00:00,-0.006083333
2023-01-20 07:00:00,-0.006218056
2023-01-20 08:00:00,-0.006231389
2023-01-20 09:00:00,-0.006206944
2023-01-20 10:00:00,-0.006214167
2023-01-20 11:00:00,-0.004521944
2023-01-20 12:00:00,0.003842222
2023-01-20 13:00:00,0.001423611
2023-01-20 14:00:00,-0.005851389
2023-01-20 15:00:00,-0.006277778
2023-01-20 16:00:00,-0.006260278
2023-01-20 17:00:00,-0.006189167
2023-01-20 18:00:00,-0.006079167
2023-01-20 19:00:00,-0.006096667
2023-01-20 20:00:00,-0.006116944
2023-01-20 21:00:00,-0.006148889
2023-01-20 22:00:00,-0.006171389
2023-01-20 23:00:00,-0.006161667
2023-01-21 00:00:00,-0.006176389
2023-01-21 01:00:00,-0.006144444
2023-01-21 02:00:00,-0.006151389
2023-01-21 03:00:00,-0.006148889
2023-01-21 04:00:00,-0.006157222
2023-01-21 05:00:00,-0.006175
2023-01-21 06:00:00,-0.006146944
2023-01-21 07:00:00,-0.006116944
2023-01-21 08:00:00,-0.006125833
2023-01-21 09:00:00,-0.006119722
2023-01-21 10:00:00,-0.006130833
2023-01-21 11:00:00,-0.006151389
2023-01-21 12:00:00,-0.006129722
2023-01-21 13:00:00,-0.006091944
2023-01-21 14:00:00,-0.006072778
2023-01-21 15:00:00,-0.006133611
2023-01-21 16:00:00,-0.006135278
2023-01-21 17:00:00,-0.006105833
2023-01-21 18:00:00,-0.0061025
2023-01-21 19:00:00,-0.006127778
2023-01-21 20:00:00,-0.006138611
2023-01-21 21:00:00,-0.006188056
2023-01-21 22:00:00,-0.006166944
2023-01-21 23:00:00,-0.006168889
2023-01-22 00:00:00,-0.006158611
2023-01-22 01:00:00,-0.006155
2023-01-22 02:00:00,-0.006167778
2023-01-22 03:00:00,-0.006178889
2023-01-22 04:00:00,-0.006171389
2023-01-22 05:00:00,-0.006160833
2023-01-22 06:00:00,-0.006134444
2023-01-22 07:00:00,-0.006143333
2023-01-22 08:00:00,-0.006146111
2023-01-22 09:00:00,-0.006135
2023-01-22 10:00:00,-0.006118056
2023-01-22 11:00:00,-0.00609
2023-01-22 12:00:00,-0.006080278
2023-01-22 13:00:00,-0.006073056
2023-01-22 14:00:00,-0.006071944
2023-01-22 15:00:00,-0.006071111
2023-01-22 16:00:00,-0.006044444
2023-01-22 17:00:00,-0.00602
2023-01-22 18:00:00,-0.006061667
2023-01-22 19:00:00,-0.006077222
2023-01-22 20:00:00,-0.006121944
2023-01-22 21:00:00,-0.006166944
2023-01-22 22:00:00,-0.006228889
2023-01-22 23:00:00,-0.006186667
2023-01-23 00:00:00,-0.006188889
2023-01-23 01:00:00,-0.006171389
2023-01-23 02:00:00,-0.006161389
2023-01-23 03:00:00,-0.006118889
2023-01-23 04:00:00,-0.006107778
2023-01-23 05:00:00,-0.006086111
2023-01-23 06:00:00,-0.006020278
2023-01-23 07:00:00,-0.006161944
2023-01-23 08:00:00,-0.006185833
2023-01-23 09:00:00,-0.005099167
2023-01-23 10:00:00,-0.005425556
2023-01-23 11:00:00,-0.0061725
2023-01-23 12:00:00,-0.00618
2023-01-23 13:00:00,-0.006094167
2023-01-23 14:00:00,-0.006232778
2023-01-23 15:00:00,-0.006252778
2023-01-23 16:00:00,-0.0062225
2023-01-23 17:00:00,-0.006138611
2023-01-23 18:00:00,-0.006095278
2023-01-23 19:00:00,-0.006109722
2023-01-23 20:00:00,-0.006128056
2023-01-23 21:00:00,-0.006185556
2023-01-23 22:00:00,-0.006221111
2023-01-23 23:00:00,-0.006199722
2023-01-24 00:00:00,-0.006206667
2023-01-24 01:00:00,-0.006191667
2023-01-24 02:00:00,-0.0061675
2023-01-24 03:00:00,-0.006123056
2023-01-24 04:00:00,-0.006131944
2023-01-24 05:00:00,-0.006136389
2023-01-24 06:00:00,-0.0060225
2023-01-24 07:00:00,-0.006209167
2023-01-24 08:00:00,-0.006217222
2023-01-24 09:00:00,-0.001597778
2023-01-24 10:00:00,0.020907778
2023-01-24 11:00:00,0.027868332
2023-01-24 12:00:00,-0.000371667
2023-01-24 13:00:00,-0.00296
2023-01-24 14:00:00,-0.006204444
2023-01-24 15:00:00,-0.006221111
2023-01-24 16:00:00,-0.006177222
2023-01-24 17:00:00,-0.006131111
2023-01-24 18:00:00,-0.006053611
2023-01-24 19:00:00,-0.006070556
2023-01-24 20:00:00,-0.0060775
2023-01-24 21:00:00,-0.006119167
2023-01-24 22:00:00,-0.00621
2023-01-24 23:00:00,-0.006190278
2023-01-25 00:00:00,-0.006145833
2023-01-25 01:00:00,-0.006118611
2023-01-25 02:00:00,-0.006118333
2023-01-25 03:00:00,-0.006100556
2023-01-25 04:00:00,-0.006120833
2023-01-25 05:00:00,-0.006180278
2023-01-25 06:00:00,-0.006113056
2023-01-25 07:00:00,-0.006187778
2023-01-25 08:00:00,-0.006210278
2023-01-25 09:00:00,-0.006182222
2023-01-25 10:00:00,-0.006158333
2023-01-25 11:00:00,-0.006161111
2023-01-25 12:00:00,-0.006161111
2023-01-25 13:00:00,-0.0061875
2023-01-25 14:00:00,-0.0062575
2023-01-25 15:00:00,-0.006216944
2023-01-25 16:00:00,-0.006171389
2023-01-25 17:00:00,-0.006121111
2023-01-25 18:00:00,-0.006030278
2023-01-25 19:00:00,-0.006062778
2023-01-25 20:00:00,-0.00614
2023-01-25 21:00:00,-0.006204722
2023-01-25 22:00:00,-0.006208333
2023-01-25 23:00:00,-0.006220833
2023-01-26 00:00:00,-0.006206389
2023-01-26 01:00:00,-0.006123056
2023-01-26 02:00:00,-0.006095
2023-01-26 03:00:00,-0.006112222
2023-01-26 04:00:00,-0.006106944
2023-01-26 05:00:00,-0.006083333
2023-01-26 06:00:00,-0.006006944
2023-01-26 07:00:00,-0.006153333
2023-01-26 08:00:00,-0.006161667
2023-01-26 09:00:00,-0.003703611
2023-01-26 10:00:00,0.005508056
2023-01-26 11:00:00,0.020009723
2023-01-26 12:00:00,0.024289722
2023-01-26 13:00:00,0.005649444
2023-01-26 14:00:00,-0.005730833
2023-01-26 15:00:00,-0.006164722
2023-01-26 16:00:00,-0.006121389
2023-01-26 17:00:00,-0.006155556
2023-01-26 18:00:00,-0.006025278
2023-01-26 19:00:00,-0.006093333
2023-01-26 20:00:00,-0.006111389
2023-01-26 21:00:00,-0.006139167
2023-01-26 22:00:00,-0.0061525
2023-01-26 23:00:00,-0.006161944
2023-01-27 00:00:00,-0.006167222
2023-01-27 01:00:00,-0.006100556
2023-01-27 02:00:00,-0.006125
2023-01-27 03:00:00,-0.006119722
2023-01-27 04:00:00,-0.006131944
2023-01-27 05:00:00,-0.006100833
2023-01-27 06:00:00,-0.006093611
2023-01-27 07:00:00,-0.0062525
2023-01-27 08:00:00,-0.006228056
2023-01-27 09:00:00,-0.006216389
2023-01-27 10:00:00,-0.006235833
2023-01-27 11:00:00,0.029794443
2023-01-27 12:00:00,0.04599889
2023-01-27 13:00:00,0.053986944
2023-01-27 14:00:00,0.041541945
2023-01-27 15:00:00,0.008462778
2023-01-27 16:00:00,-0.006244444
2023-01-27 17:00:00,-0.006163889
2023-01-27 18:00:00,-0.006031944
2023-01-27 19:00:00,-0.006056389
2023-01-27 20:00:00,-0.006063611
2023-01-27 21:00:00,-0.006103333
2023-01-27 22:00:00,-0.006148333
2023-01-27 23:00:00,-0.006151944
2023-01-28 00:00:00,-0.006137222
2023-01-28 01:00:00,-0.006133333
2023-01-28 02:00:00,-0.006127222
2023-01-28 03:00:00,-0.006122778
2023-01-28 04:00:00,-0.006100278
2023-01-28 05:00:00,-0.006091111
2023-01-28 06:00:00,-0.006094167
2023-01-28 07:00:00,-0.006076944
2023-01-28 08:00:00,-0.006057222
2023-01-28 09:00:00,-0.005844167
2023-01-28 10:00:00,-8.75e-05
2023-01-28 11:00:00,0.012135278
2023-01-28 12:00:00,0.032413889
2023-01-28 13:00:00,0.040609445
2023-01-28 14:00:00,0.009655556
2023-01-28 15:00:00,-0.001336944
2023-01-28 16:00:00,-0.006076667
2023-01-28 17:00:00,-0.006021389
2023-01-28 18:00:00,-0.006011667
2023-01-28 19:00:00,-0.006058056
2023-01-28 20:00:00,-0.0060625
2023-01-28 21:00:00,-0.006062778
2023-01-28 22:00:00,-0.0061025
2023-01-28 23:00:00,-0.006084444
2023-01-29 00:00:00,-0.006055833
2023-01-29 01:00:00,-0.006131389
2023-01-29 02:00:00,-0.006098333
2023-01-29 03:00:00,-0.006110278
2023-01-29 04:00:00,-0.006166667
2023-01-29 05:00:00,-0.006139444
2023-01-29 06:00:00,-0.00615
2023-01-29 07:00:00,-0.006116111
2023-01-29 08:00:00,-0.006064444
2023-01-29 09:00:00,0.004371667
2023-01-29 10:00:00,0.044752501
2023-01-29 11:00:00,0.067552499
2023-01-29 12:00:00,0.092656948
2023-01-29 13:00:00,0.090329446
2023-01-29 14:00:00,0.054366667
2023-01-29 15:00:00,0.015491389
2023-01-29 16:00:00,-0.005857778
2023-01-29 17:00:00,-0.006112778
2023-01-29 18:00:00,-0.006102222
2023-01-29 19:00:00,-0.006179167
2023-01-29 20:00:00,-0.006243056
2023-01-29 21:00:00,-0.006205
2023-01-29 22:00:00,-0.006194722
2023-01-29 23:00:00,-0.006186111
2023-01-30 00:00:00,-0.006198611
2023-01-30 01:00:00,-0.006225
2023-01-30 02:00:00,-0.006221667
2023-01-30 03:00:00,-0.006202778
2023-01-30 04:00:00,-0.006195
2023-01-30 05:00:00,-0.006158333
2023-01-30 06:00:00,-0.00604
2023-01-30 07:00:00,-0.006156667
2023-01-30 08:00:00,-0.006062222
2023-01-30 09:00:00,0.014405556
2023-01-30 10:00:00,0.059103612
2023-01-30 11:00:00,0.092498608
2023-01-30 12:00:00,0.105850279
2023-01-30 13:00:00,0.094773054
2023-01-30 14:00:00,0.063465275
2023-01-30 15:00:00,0.020279445
2023-01-30 16:00:00,-0.005413889
2023-01-30 17:00:00,-0.006219722
2023-01-30 18:00:00,-0.006110556
2023-01-30 19:00:00,-0.006131667
2023-01-30 20:00:00,-0.00619
2023-01-30 21:00:00,-0.006199722
2023-01-30 22:00:00,-0.006284167
2023-01-30 23:00:00,-0.006213611
2023-01-31 00:00:00,-0.006136389
2023-01-31 01:00:00,-0.0061425
2023-01-31 02:00:00,-0.006121944
2023-01-31 03:00:00,-0.006095278
2023-01-31 04:00:00,-0.006098056
2023-01-31 05:00:00,-0.0060825
2023-01-31 06:00:00,-0.006071667
2023-01-31 07:00:00,-0.006180278
2023-01-31 08:00:00,-0.005689167
2023-01-31 09:00:00,0.019502223
2023-01-31 10:00:00,0.05271028
2023-01-31 11:00:00,0.064276114
2023-01-31 12:00:00,0.069451943
2023-01-31 13:00:00,0.077113613
2023-01-31 14:00:00,0.066968888
2023-01-31 15:00:00,0.023731111
2023-01-31 16:00:00,-0.004471111
2023-01-31 17:00:00,-0.006208056
2023-01-31 18:00:00,-0.006092778
2023-01-31 19:00:00,-0.006132222
2023-01-31 20:00:00,-0.006165833
2023-01-31 21:00:00,-0.006163611
2023-01-31 22:00:00,-0.006228889
2023-01-31 23:00:00,-0.006234444
2023-02-01 00:00:00,-0.006174167
2023-02-01 01:00:00,-0.006203056
2023-02-01 02:00:00,-0.006138611
2023-02-01 03:00:00,-0.006149722
2023-02-01 04:00:00,-0.006151389
2023-02-01 05:00:00,-0.006056111
2023-02-01 06:00:00,-0.006073333
2023-02-01 07:00:00,-0.006187778
2023-02-01 08:00:00,-0.00511
2023-02-01 09:00:00,0.022783056
2023-02-01 10:00:00,0.068006665
2023-02-01 11:00:00,0.065535277
2023-02-01 12:00:00,0.063469447
2023-02-01 13:00:00,0.078592218
2023-02-01 14:00:00,0.041357778
2023-02-01 15:00:00,0.025594167
2023-02-01 16:00:00,-0.004000278
2023-02-01 17:00:00,-0.006208056
2023-02-01 18:00:00,-0.006158611
2023-02-01 19:00:00,-0.006118056
2023-02-01 20:00:00,-0.006193889
2023-02-01 21:00:00,-0.006241111
2023-02-01 22:00:00,-0.006249167
2023-02-01 23:00:00,-0.006268611
2023-02-02 00:00:00,-0.006218056
2023-02-02 01:00:00,-0.006227222
2023-02-02 02:00:00,-0.006218056
2023-02-02 03:00:00,-0.006182222
2023-02-02 04:00:00,-0.006193889
2023-02-02 05:00:00,-0.006114444
2023-02-02 06:00:00,-0.006115278
2023-02-02 07:00:00,-0.006181111
2023-02-02 08:00:00,-0.006209167
2023-02-02 09:00:00,0.031651944
2023-02-02 10:00:00,0.083475277
2023-02-02 11:00:00,0.123433337
2023-02-02 12:00:00,0.139462501
2023-02-02 13:00:00,0.129430279
2023-02-02 14:00:00,0.092803054
2023-02-02 15:00:00,0.041499168
2023-02-02 16:00:00,-0.000381944
2023-02-02 17:00:00,-0.006188611
2023-02-02 18:00:00,-0.006092778
2023-02-02 19:00:00,-0.006078611
2023-02-02 20:00:00,-0.006141389
2023-02-02 21:00:00,-0.006162778
2023-02-02 22:00:00,-0.006129722
2023-02-02 23:00:00,-0.006113056
2023-02-03 00:00:00,-0.0062175
2023-02-03 01:00:00,-0.006111389
2023-02-03 02:00:00,-0.006100556
2023-02-03 03:00:00,-0.006052778
2023-02-03 04:00:00,-0.006088056
2023-02-03 05:00:00,-0.006022778
2023-02-03 06:00:00,-0.006013889
2023-02-03 07:00:00,-0.006103056
2023-02-03 08:00:00,-0.006095278
2023-02-03 09:00:00,-0.001453611
2023-02-03 10:00:00,0.021605277
2023-02-03 11:00:00,0.022891944
2023-02-03 12:00:00,0.034049999
2023-02-03 13:00:00,0.027451666
2023-02-03 14:00:00,0.021004166
2023-02-03 15:00:00,0.002291944
2023-02-03 16:00:00,-0.006194722
2023-02-03 17:00:00,-0.00613
2023-02-03 18:00:00,-0.0060075
2023-02-03 19:00:00,-0.006034444
2023-02-03 20:00:00,-0.006014722
2023-02-03 21:00:00,-0.006039722
2023-02-03 22:00:00,-0.006101667
2023-02-03 23:00:00,-0.006085833
2023-02-04 00:00:00,-0.006096944
2023-02-04 01:00:00,-0.006065556
2023-02-04 02:00:00,-0.006063889
2023-02-04 03:00:00,-0.006046389
2023-02-04 04:00:00,-0.006042222
2023-02-04 05:00:00,-0.0061025
2023-02-04 06:00:00,-0.006097222
2023-02-04 07:00:00,-0.006137222
2023-02-04 08:00:00,-0.002440556
2023-02-04 09:00:00,0.039396945
2023-02-04 10:00:00,0.051916666
2023-02-04 11:00:00,0.033890277
2023-02-04 12:00:00,0.049373057
2023-02-04 13:00:00,0.065923892
2023-02-04 14:00:00,0.053074166
2023-02-04 15:00:00,-0.002185278
2023-02-04 16:00:00,-0.006088056
2023-02-04 17:00:00,-0.006094444
2023-02-04 18:00:00,-0.006047778
2023-02-04 19:00:00,-0.006222778
2023-02-04 20:00:00,-0.006188611
2023-02-04 21:00:00,-0.006256111
2023-02-04 22:00:00,-0.006223056
2023-02-04 23:00:00,-0.006224167
2023-02-05 00:00:00,-0.006232222
2023-02-05 01:00:00,-0.006209722
2023-02-05 02:00:00,-0.006211111
2023-02-05 03:00:00,-0.006222778
2023-02-05 04:00:00,-0.006230556
2023-02-05 05:00:00,-0.006156111
2023-02-05 06:00:00,-0.006119167
2023-02-05 07:00:00,-0.006181111
2023-02-05 08:00:00,-0.002953889
2023-02-05 09:00:00,0.058369722
2023-02-05 10:00:00,0.12220528
2023-02-05 11:00:00,0.120954163
2023-02-05 12:00:00,0.200186387
2023-02-05 13:00:00,0.202905551
2023-02-05 14:00:00,0.172279447
2023-02-05 15:00:00,0.103071108
2023-02-05 16:00:00,0.022929167
2023-02-05 17:00:00,-0.006131389
2023-02-05 18:00:00,-0.006058889
2023-02-05 19:00:00,-0.006095833
2023-02-05 20:00:00,-0.006108056
2023-02-05 21:00:00,-0.006150556
2023-02-05 22:00:00,-0.006145833
2023-02-05 23:00:00,-0.006270556
2023-02-06 00:00:00,-0.006384444
2023-02-06 01:00:00,-0.006283889
2023-02-06 02:00:00,-0.006250278
2023-02-06 03:00:00,-0.006215833
2023-02-06 04:00:00,-0.006195
2023-02-06 05:00:00,-0.006207222
2023-02-06 06:00:00,-0.006105
2023-02-06 07:00:00,-0.006173889
2023-02-06 08:00:00,0.015219167
2023-02-06 09:00:00,0.062758058
2023-02-06 10:00:00,0.114096388
2023-02-06 11:00:00,0.190463334
2023-02-06 12:00:00,0.266140014
2023-02-06 13:00:00,0.13397111
2023-02-06 14:00:00,0.06958361
2023-02-06 15:00:00,-0.006008056
2023-02-06 16:00:00,-0.006259444
2023-02-06 17:00:00,-0.006214722
2023-02-06 18:00:00,-0.006180556
2023-02-06 19:00:00,-0.006228333
2023-02-06 20:00:00,-0.006247222
2023-02-06 21:00:00,-0.0062175
2023-02-06 22:00:00,-0.006297222
2023-02-06 23:00:00,-0.006234444
2023-02-07 00:00:00,-0.006168611
2023-02-07 01:00:00,-0.006149722
2023-02-07 02:00:00,-0.006187778
2023-02-07 03:00:00,-0.006178056
2023-02-07 04:00:00,-0.006190833
2023-02-07 05:00:00,-0.006226667
2023-02-07 06:00:00,-0.006143889
2023-02-07 07:00:00,-0.006201944
2023-02-07 08:00:00,0.008291389
2023-02-07 09:00:00,0.277374178
2023-02-07 10:00:00,0.527269423
2023-02-07 11:00:00,0.675472498
2023-02-07 12:00:00,0.780577481
2023-02-07 13:00:00,0.822381139
2023-02-07 14:00:00,0.773652196
2023-02-07 15:00:00,0.588131368
2023-02-07 16:00:00,0.271106124
2023-02-07 17:00:00,0.009916111
2023-02-07 18:00:00,-0.006213056
2023-02-07 19:00:00,-0.006272778
2023-02-07 20:00:00,-0.006326944
2023-02-07 21:00:00,-0.006348056
2023-02-07 22:00:00,-0.006312778
2023-02-07 23:00:00,-0.006354444
2023-02-08 00:00:00,-0.006353333
2023-02-08 01:00:00,-0.006291111
2023-02-08 02:00:00,-0.006284444
2023-02-08 03:00:00,-0.006226667
2023-02-08 04:00:00,-0.006198611
2023-02-08 05:00:00,-0.006165278
2023-02-08 06:00:00,-0.006170278
2023-02-08 07:00:00,-0.001946389
2023-02-08 08:00:00,0.235330835
2023-02-08 09:00:00,0.620941103
2023-02-08 10:00:00,0.950395584
2023-02-08 11:00:00,1.290692806
2023-02-08 12:00:00,1.691034436
2023-02-08 13:00:00,2.012517691
2023-02-08 14:00:00,2.052546978
2023-02-08 15:00:00,1.660835505
2023-02-08 16:00:00,0.856018066
2023-02-08 17:00:00,0.066319719
2023-02-08 18:00:00,-0.006372222
2023-02-08 19:00:00,-0.006359722
2023-02-08 20:00:00,-0.006390556
2023-02-08 21:00:00,-0.006351389
2023-02-08 22:00:00,-0.006355833
2023-02-08 23:00:00,-0.006399167
2023-02-09 00:00:00,-0.006424444
2023-02-09 01:00:00,-0.006365833
2023-02-09 02:00:00,-0.006336111
2023-02-09 03:00:00,-0.006288333
2023-02-09 04:00:00,-0.006282778
2023-02-09 05:00:00,-0.006285833
2023-02-09 06:00:00,-0.006181667
2023-02-09 07:00:00,-0.004541944
2023-02-09 08:00:00,0.152208328
2023-02-09 09:00:00,0.144558609
2023-02-09 10:00:00,0.266169459
2023-02-09 11:00:00,0.599426687
2023-02-09 12:00:00,1.312508106
2023-02-09 13:00:00,1.08728385
2023-02-09 14:00:00,0.507502496
2023-02-09 15:00:00,0.734621406
2023-02-09 16:00:00,0.299316108
2023-02-09 17:00:00,0.014576667
2023-02-09 18:00:00,-0.006178056
2023-02-09 19:00:00,-0.006159722
2023-02-09 20:00:00,-0.006785556
2023-02-09 21:00:00,-0.006842222
2023-02-09 22:00:00,-0.006860833
2023-02-09 23:00:00,-0.006857222
2023-02-10 00:00:00,-0.006753611
2023-02-10 01:00:00,-0.006741389
2023-02-10 02:00:00,-0.006725556
2023-02-10 03:00:00,-0.006704722
2023-02-10 04:00:00,-0.006678889
2023-02-10 05:00:00,-0.006660833
2023-02-10 06:00:00,-0.006579167
2023-02-10 07:00:00,0.034009166
2023-02-10 08:00:00,0.957920849
2023-02-10 09:00:00,2.156735659
2023-02-10 10:00:00,2.982956409
2023-02-10 11:00:00,3.494354248
2023-02-10 12:00:00,3.680594444
2023-02-10 13:00:00,3.542565584
2023-02-10 14:00:00,3.085641623
2023-02-10 15:00:00,2.27602005
2023-02-10 16:00:00,1.138181686
2023-02-10 17:00:00,0.113989443
2023-02-10 18:00:00,-0.006756389
2023-02-10 19:00:00,-0.006803611
2023-02-10 20:00:00,-0.006771111
2023-02-10 21:00:00,-0.006716111
2023-02-10 22:00:00,-0.006801389
2023-02-10 23:00:00,-0.006865
2023-02-11 00:00:00,-0.006812222
2023-02-11 01:00:00,-0.006768889
2023-02-11 02:00:00,-0.006779722
2023-02-11 03:00:00,-0.006754167
2023-02-11 04:00:00,-0.006763333
2023-02-11 05:00:00,-0.006703611
2023-02-11 06:00:00,-0.006625278
2023-02-11 07:00:00,0.038169723
2023-02-11 08:00:00,0.959869742
2023-02-11 09:00:00,2.197075605
2023-02-11 10:00:00,3.07921505
2023-02-11 11:00:00,3.659785032
2023-02-11 12:00:00,3.878256321
2023-02-11 13:00:00,4.084074497
2023-02-11 14:00:00,3.747407198
2023-02-11 15:00:00,2.879397154
2023-02-11 16:00:00,1.498113275
2023-02-11 17:00:00,0.137864724
2023-02-11 18:00:00,-0.006945
2023-02-11 19:00:00,-0.0069075
2023-02-11 20:00:00,-0.006869722
2023-02-11 21:00:00,-0.006793889
2023-02-11 22:00:00,-0.006841944
2023-02-11 23:00:00,-0.006812778
2023-02-12 00:00:00,-0.006793056
2023-02-12 01:00:00,-0.006723889
2023-02-12 02:00:00,-0.006629167
2023-02-12 03:00:00,-0.006637778
2023-02-12 04:00:00,-0.006648611
2023-02-12 05:00:00,-0.006602778
2023-02-12 06:00:00,-0.006587222
2023-02-12 07:00:00,0.064744167
2023-02-12 08:00:00,1.203136444
2023-02-12 09:00:00,2.845950842
2023-02-12 10:00:00,3.196299076
2023-02-12 11:00:00,4.02140522
2023-02-12 12:00:00,4.890190125
2023-02-12 13:00:00,4.965521812
2023-02-12 14:00:00,4.48238039
2023-02-12 15:00:00,3.431295872
2023-02-12 16:00:00,1.881496668
2023-02-12 17:00:00,0.222982779
2023-02-12 18:00:00,-0.006786389
2023-02-12 19:00:00,-0.006703333
2023-02-12 20:00:00,-0.006641944
2023-02-12 21:00:00,-0.006641389
2023-02-12 22:00:00,-0.006679722
2023-02-12 23:00:00,-0.006695
2023-02-13 00:00:00,-0.006709722
2023-02-13 01:00:00,-0.006679167
2023-02-13 02:00:00,-0.006663611
2023-02-13 03:00:00,-0.006670833
2023-02-13 04:00:00,-0.006641944
2023-02-13 05:00:00,-0.0065625
2023-02-13 06:00:00,-0.006523056
2023-02-13 07:00:00,0.103752501
2023-02-13 08:00:00,1.664298058
2023-02-13 09:00:00,3.659080505
2023-02-13 10:00:00,4.952365875
2023-02-13 11:00:00,5.75958395
2023-02-13 12:00:00,6.083154678
2023-02-13 13:00:00,6.044910908
2023-02-13 14:00:00,5.401516438
2023-02-13 15:00:00,4.156139851
2023-02-13 16:00:00,2.209938049
2023-02-13 17:00:00,0.265379459
2023-02-13 18:00:00,-0.006933889
2023-02-13 19:00:00,-0.006860833
2023-02-13 20:00:00,-0.006880833
2023-02-13 21:00:00,-0.006940278
2023-02-13 22:00:00,-0.006916111
2023-02-13 23:00:00,-0.00679
2023-02-14 00:00:00,-0.006755278
2023-02-14 01:00:00,-0.006763889
2023-02-14 02:00:00,-0.0067475
2023-02-14 03:00:00,-0.006719167
2023-02-14 04:00:00,-0.006720556
2023-02-14 05:00:00,-0.006676944
2023-02-14 06:00:00,-0.006611667
2023-02-14 07:00:00,-0.0050075
2023-02-14 08:00:00,0.059037779
2023-02-14 09:00:00,0.286428064
2023-02-14 10:00:00,0.392474174
2023-02-14 11:00:00,0.431904167
2023-02-14 12:00:00,0.429333329
2023-02-14 13:00:00,0.312979996
2023-02-14 14:00:00,0.284313321
2023-02-14 15:00:00,0.082027219
2023-02-14 16:00:00,0.017785277
2023-02-14 17:00:00,-0.0055625
2023-02-14 18:00:00,-0.0066475
2023-02-14 19:00:00,-0.0065925
2023-02-14 20:00:00,-0.006574167
2023-02-14 21:00:00,-0.006661389
2023-02-14 22:00:00,-0.006698056
2023-02-14 23:00:00,-0.006664444
2023-02-15 00:00:00,-0.006627222
2023-02-15 01:00:00,-0.006609722
2023-02-15 02:00:00,-0.006606667
2023-02-15 03:00:00,-0.006605
2023-02-15 04:00:00,-0.006549722
2023-02-15 05:00:00,-0.006505
2023-02-15 06:00:00,-0.006479722
2023-02-15 07:00:00,-0.000922222
2023-02-15 08:00:00,0.208700001
2023-02-15 09:00:00,0.572479427
2023-02-15 10:00:00,3.045205832
2023-02-15 11:00:00,5.099925041
2023-02-15 12:00:00,5.856851578
2023-02-15 13:00:00,7.812485695
2023-02-15 14:00:00,7.275660515
2023-02-15 15:00:00,5.464190006
2023-02-15 16:00:00,2.797721386
2023-02-15 17:00:00,0.35917443
2023-02-15 18:00:00,-0.006743333
2023-02-15 19:00:00,-0.006668056
2023-02-15 20:00:00,-0.006627222
2023-02-15 21:00:00,-0.006661667
2023-02-15 22:00:00,-0.006654722
2023-02-15 23:00:00,-0.006580833
2023-02-16 00:00:00,-0.006588056
2023-02-16 01:00:00,-0.0065325
2023-02-16 02:00:00,-0.006517222
2023-02-16 03:00:00,-0.006486944
2023-02-16 04:00:00,-0.006483889
2023-02-16 05:00:00,-0.006417778
2023-02-16 06:00:00,-0.006353056
2023-02-16 07:00:00,0.051941667
2023-02-16 08:00:00,0.736982763
2023-02-16 09:00:00,1.814006925
2023-02-16 10:00:00,2.184585571
2023-02-16 11:00:00,3.436877728
2023-02-16 12:00:00,6.034377575
2023-02-16 13:00:00,7.222371578
2023-02-16 14:00:00,7.016330719
2023-02-16 15:00:00,5.138455868
2023-02-16 16:00:00,2.906233072
2023-02-16 17:00:00,0.430892766
2023-02-16 18:00:00,-0.006660278
2023-02-16 19:00:00,-0.006596111
2023-02-16 20:00:00,-0.006573333
2023-02-16 21:00:00,-0.006552778
2023-02-16 22:00:00,-0.006574444
2023-02-16 23:00:00,-0.006575278
2023-02-17 00:00:00,-0.006576389
2023-02-17 01:00:00,-0.006540833
2023-02-17 02:00:00,-0.006520278
2023-02-17 03:00:00,-0.006480278
2023-02-17 04:00:00,-0.006469167
2023-02-17 05:00:00,-0.0063925
2023-02-17 06:00:00,-0.006329722
2023-02-17 07:00:00,0.213630557
2023-02-17 08:00:00,2.75742507
2023-02-17 09:00:00,5.530950069
2023-02-17 10:00:00,7.157242298
2023-02-17 11:00:00,7.990263462
2023-02-17 12:00:00,8.201648712
2023-02-17 13:00:00,7.722071648
2023-02-17 14:00:00,7.06854248
2023-02-17 15:00:00,5.49293232
2023-02-17 16:00:00,2.778597832
2023-02-17 17:00:00,0.418698043
2023-02-17 18:00:00,-0.006765278
2023-02-17 19:00:00,-0.006706944
2023-02-17 20:00:00,-0.006661667
2023-02-17 21:00:00,-0.006676389
2023-02-17 22:00:00,-0.006665278
2023-02-17 23:00:00,-0.006636667
2023-02-18 00:00:00,-0.006631111
2023-02-18 01:00:00,-0.006536111
2023-02-18 02:00:00,-0.006581389
2023-02-18 03:00:00,-0.006641111
2023-02-18 04:00:00,-0.006692222
2023-02-18 05:00:00,-0.006612778
2023-02-18 06:00:00,-0.006503333
2023-02-18 07:00:00,0.198086947
2023-02-18 08:00:00,2.400621414
2023-02-18 09:00:00,5.037118435
2023-02-18 10:00:00,6.590816975
2023-02-18 11:00:00,6.937401772
2023-02-18 12:00:00,4.992175102
2023-02-18 13:00:00,4.004247189
2023-02-18 14:00:00,2.886320353
2023-02-18 15:00:00,3.079687595
2023-02-18 16:00:00,1.198104143
2023-02-18 17:00:00,0.175196111
2023-02-18 18:00:00,-0.006781389
2023-02-18 19:00:00,-0.006720556
2023-02-18 20:00:00,-0.006705
2023-02-18 21:00:00,-0.006737778
2023-02-18 22:00:00,-0.006726944
2023-02-18 23:00:00,-0.006681111
2023-02-19 00:00:00,-0.006598611
2023-02-19 01:00:00,-0.006543889
2023-02-19 02:00:00,-0.006566944
2023-02-19 03:00:00,-0.006525278
2023-02-19 04:00:00,-0.006526944
2023-02-19 05:00:00,-0.006508056
2023-02-19 06:00:00,-0.006479167
2023-02-19 07:00:00,0.085418887
2023-02-19 08:00:00,0.297741383
2023-02-19 09:00:00,0.630391359
2023-02-19 10:00:00,1.715636969
2023-02-19 11:00:00,1.924738884
2023-02-19 12:00:00,2.238476992
2023-02-19 13:00:00,4.040220737
2023-02-19 14:00:00,6.41672802
2023-02-19 15:00:00,5.472021103
2023-02-19 16:00:00,2.775561094
2023-02-19 17:00:00,0.409579724
2023-02-19 18:00:00,-0.006643056
2023-02-19 19:00:00,-0.006606111
2023-02-19 20:00:00,-0.006595833
2023-02-19 21:00:00,-0.006641111
2023-02-19 22:00:00,-0.006673889
2023-02-19 23:00:00,-0.006634444
2023-02-20 00:00:00,-0.006611667
2023-02-20 01:00:00,-0.006531389
2023-02-20 02:00:00,-0.006521389
2023-02-20 03:00:00,-0.006531389
2023-02-20 04:00:00,-0.006511667
2023-02-20 05:00:00,-0.006478611
2023-02-20 06:00:00,-0.006403611
2023-02-20 07:00:00,0.028469723
2023-02-20 08:00:00,-0.001899722
2023-02-20 09:00:00,0.0141325
2023-02-20 10:00:00,0.193702221
2023-02-20 11:00:00,0.246383891
2023-02-20 12:00:00,0.194256663
2023-02-20 13:00:00,0.246646941
2023-02-20 14:00:00,0.324121654
2023-02-20 15:00:00,0.198489442
2023-02-20 16:00:00,0.209281668
2023-02-20 17:00:00,0.008163611
2023-02-20 18:00:00,-0.0065475
2023-02-20 19:00:00,-0.006506944
2023-02-20 20:00:00,-0.006435833
2023-02-20 21:00:00,-0.006534167
2023-02-20 22:00:00,-0.006515
2023-02-20 23:00:00,-0.006471389
2023-02-21 00:00:00,-0.006475
2023-02-21 01:00:00,-0.006469167
2023-02-21 02:00:00,-0.006456389
2023-02-21 03:00:00,-0.006485556
2023-02-21 04:00:00,-0.006446111
2023-02-21 05:00:00,-0.006398611
2023-02-21 06:00:00,-0.006314722
2023-02-21 07:00:00,0.208401382
2023-02-21 08:00:00,1.533290863
2023-02-21 09:00:00,2.921687126
2023-02-21 10:00:00,2.801273346
2023-02-21 11:00:00,4.873949528
2023-02-21 12:00:00,2.213375568
2023-02-21 13:00:00,1.743304491
2023-02-21 14:00:00,1.306792736
2023-02-21 15:00:00,0.578156948
2023-02-21 16:00:00,0.049455833
2023-02-21 17:00:00,-0.006167222
2023-02-21 18:00:00,-0.006465278
2023-02-21 19:00:00,-0.006420833
2023-02-21 20:00:00,-0.006417778
2023-02-21 21:00:00,-0.006429444
2023-02-21 22:00:00,-0.006459722
2023-02-21 23:00:00,-0.006442778
2023-02-22 00:00:00,-0.006436389
2023-02-22 01:00:00,-0.006405556
2023-02-22 02:00:00,-0.006420833
2023-02-22 03:00:00,-0.006371111
2023-02-22 04:00:00,-0.006304167
2023-02-22 05:00:00,-0.006316389
2023-02-22 06:00:00,-0.006283611
2023-02-22 07:00:00,-0.0017625
2023-02-22 08:00:00,0.139167771
2023-02-22 09:00:00,0.199975833
2023-02-22 10:00:00,0.193354726
2023-02-22 11:00:00,0.249660283
2023-02-22 12:00:00,0.337371945
2023-02-22 13:00:00,0.305262774
2023-02-22 14:00:00,0.309923053
2023-02-22 15:00:00,0.152446389
2023-02-22 16:00:00,0.033309445
2023-02-22 17:00:00,-0.003060556
2023-02-22 18:00:00,-0.006367222
2023-02-22 19:00:00,-0.006378333
2023-02-22 20:00:00,-0.006358056
2023-02-22 21:00:00,-0.006388056
2023-02-22 22:00:00,-0.006394722
2023-02-22 23:00:00,-0.006412778
2023-02-23 00:00:00,-0.006418889
2023-02-23 01:00:00,-0.006383056
2023-02-23 02:00:00,-0.006414167
2023-02-23 03:00:00,-0.006416111
2023-02-23 04:00:00,-0.006421944
2023-02-23 05:00:00,-0.006402778
2023-02-23 06:00:00,-0.006311111
2023-02-23 07:00:00,-0.006338333
2023-02-23 08:00:00,-0.004530556
2023-02-23 09:00:00,0.033432499
2023-02-23 10:00:00,0.078426108
2023-02-23 11:00:00,0.161037222
2023-02-23 12:00:00,0.150502503
2023-02-23 13:00:00,0.108986668
2023-02-23 14:00:00,0.079366669
2023-02-23 15:00:00,0.080030277
2023-02-23 16:00:00,0.031233611
2023-02-23 17:00:00,-0.005876389
2023-02-23 18:00:00,-0.00634
2023-02-23 19:00:00,-0.006355
2023-02-23 20:00:00,-0.006397778
2023-02-23 21:00:00,-0.006448889
2023-02-23 22:00:00,-0.006447778
2023-02-23 23:00:00,-0.006361389
2023-02-24 00:00:00,-0.006385833
2023-02-24 01:00:00,-0.006403333
2023-02-24 02:00:00,-0.006364722
2023-02-24 03:00:00,-0.006311389
2023-02-24 04:00:00,-0.006359722
2023-02-24 05:00:00,-0.006330278
2023-02-24 06:00:00,-0.006265
2023-02-24 07:00:00,-0.006377778
2023-02-24 08:00:00,0.033806667
2023-02-24 09:00:00,0.179804727
2023-02-24 10:00:00,0.233173057
2023-02-24 11:00:00,0.264556378
2023-02-24 12:00:00,0.264995545
2023-02-24 13:00:00,0.234082222
2023-02-24 14:00:00,0.117767498
2023-02-24 15:00:00,0.065405555
2023-02-24 16:00:00,0.008291111
2023-02-24 17:00:00,-0.00593
2023-02-24 18:00:00,-0.006272222
2023-02-24 19:00:00,-0.006261111
2023-02-24 20:00:00,-0.00627
2023-02-24 21:00:00,-0.006304722
2023-02-24 22:00:00,-0.006294444
2023-02-24 23:00:00,-0.006335833
2023-02-25 00:00:00,-0.006341111
2023-02-25 01:00:00,-0.006313889
2023-02-25 02:00:00,-0.006301389
2023-02-25 03:00:00,-0.006261111
2023-02-25 04:00:00,-0.006271944
2023-02-25 05:00:00,-0.006276111
2023-02-25 06:00:00,-0.006306111
2023-02-25 07:00:00,-0.004565278
2023-02-25 08:00:00,0.069578059
2023-02-25 09:00:00,0.216409445
2023-02-25 10:00:00,0.37975806
2023-02-25 11:00:00,0.540153027
2023-02-25 12:00:00,0.698695004
2023-02-25 13:00:00,0.784058332
2023-02-25 14:00:00,0.764079452
2023-02-25 15:00:00,0.596204162
2023-02-25 16:00:00,0.302246392
2023-02-25 17:00:00,0.03987778
2023-02-25 18:00:00,-0.006394167
2023-02-25 19:00:00,-0.006404167
2023-02-25 20:00:00,-0.00642
2023-02-25 21:00:00,-0.006441944
2023-02-25 22:00:00,-0.006408333
2023-02-25 23:00:00,-0.006390556
2023-02-26 00:00:00,-0.006376944
2023-02-26 01:00:00,-0.006334444
2023-02-26 02:00:00,-0.006326111
2023-02-26 03:00:00,-0.006314167
2023-02-26 04:00:00,-0.006341111
2023-02-26 05:00:00,-0.006336667
2023-02-26 06:00:00,-0.006311389
2023-02-26 07:00:00,0.01913639
2023-02-26 08:00:00,0.319000274
2023-02-26 09:00:00,0.702443063
2023-02-26 10:00:00,1.045111895
2023-02-26 11:00:00,1.504245043
2023-02-26 12:00:00,2.042218924
2023-02-26 13:00:00,2.485400915
2023-02-26 14:00:00,2.450304508
2023-02-26 15:00:00,2.009142399
2023-02-26 16:00:00,0.993511677
2023-02-26 17:00:00,0.276962489
2023-02-26 18:00:00,-0.006519722
2023-02-26 19:00:00,-0.006479167
2023-02-26 20:00:00,-0.006503889
2023-02-26 21:00:00,-0.006515556
2023-02-26 22:00:00,-0.006524444
2023-02-26 23:00:00,-0.006538333
2023-02-27 00:00:00,-0.006573333
2023-02-27 01:00:00,-0.006553056
2023-02-27 02:00:00,-0.006565833
2023-02-27 03:00:00,-0.006522222
2023-02-27 04:00:00,-0.0065025
2023-02-27 05:00:00,-0.0064475
2023-02-27 06:00:00,-0.006393889
2023-02-27 07:00:00,-0.005514444
2023-02-27 08:00:00,0.10192167
2023-02-27 09:00:00,0.221973062
2023-02-27 10:00:00,0.244893894
2023-02-27 11:00:00,0.317789435
2023-02-27 12:00:00,0.27480638
2023-02-27 13:00:00,0.332993329
2023-02-27 14:00:00,0.332895011
2023-02-27 15:00:00,0.221550271
2023-02-27 16:00:00,0.160037503
2023-02-27 17:00:00,0.010260833
2023-02-27 18:00:00,-0.006517222
2023-02-27 19:00:00,-0.006435556
2023-02-27 20:00:00,-0.0064525
2023-02-27 21:00:00,-0.006497778
2023-02-27 22:00:00,-0.006523056
2023-02-27 23:00:00,-0.006555
2023-02-28 00:00:00,-0.006520278
2023-02-28 01:00:00,-0.006431389
2023-02-28 02:00:00,-0.006394722
2023-02-28 03:00:00,-0.006346111
2023-02-28 04:00:00,-0.0063525
2023-02-28 05:00:00,-0.006343333
2023-02-28 06:00:00,-0.0062975
2023-02-28 07:00:00,0.245368883
2023-02-28 08:00:00,1.614480257
2023-02-28 09:00:00,2.920217037
2023-02-28 10:00:00,3.872810364
2023-02-28 11:00:00,4.614201069
2023-02-28 12:00:00,5.028666019
2023-02-28 13:00:00,3.107409954
2023-02-28 14:00:00,1.892647743
2023-02-28 15:00:00,1.980010509
2023-02-28 16:00:00,0.899836123
2023-02-28 17:00:00,0.117030002
2023-02-28 18:00:00,-0.006558333
2023-02-28 19:00:00,-0.006546667
2023-02-28 20:00:00,-0.006474722
2023-02-28 21:00:00,-0.006476389
2023-02-28 22:00:00,-0.006488333
2023-02-28 23:00:00,-0.006468611
2023-03-01 00:00:00,-0.006405278
