"2023-02-28 01:00:00",-0.005942222
"2023-02-28 02:00:00",-0.006109444
"2023-02-28 03:00:00",-0.006017778
"2023-02-28 04:00:00",-0.006054722
"2023-02-28 05:00:00",-0.006160278
"2023-02-28 06:00:00",-0.005942500
"2023-02-28 07:00:00",-0.008278889
"2023-02-28 08:00:00",0.094812781
"2023-02-28 09:00:00",1.940207481
"2023-02-28 10:00:00",4.154201031
"2023-02-28 11:00:00",6.339931011
"2023-02-28 12:00:00",8.816251755
"2023-02-28 13:00:00",8.949260712
"2023-02-28 14:00:00",6.007242203
"2023-02-28 15:00:00",4.696676731
"2023-02-28 16:00:00",3.982859135
"2023-02-28 17:00:00",2.047150373
"2023-02-28 18:00:00",0.145126671
"2023-02-28 19:00:00",-0.006266389
"2023-02-28 20:00:00",-0.005799167
"2023-02-28 21:00:00",-0.005922222
"2023-02-28 22:00:00",-0.005881667
"2023-02-28 23:00:00",-0.005511667
"2023-03-01 00:00:00",-0.005741944
"2023-03-01 01:00:00",-0.006126944
"2023-03-01 02:00:00",-0.006023611
"2023-03-01 03:00:00",-0.006022500
"2023-03-01 04:00:00",-0.006083333
"2023-03-01 05:00:00",-0.005954167
"2023-03-01 06:00:00",-0.005922222
"2023-03-01 07:00:00",-0.006187500
"2023-03-01 08:00:00",-0.011798056
"2023-03-01 09:00:00",0.008300278
"2023-03-01 10:00:00",0.147722781
"2023-03-01 11:00:00",0.178432778
"2023-03-01 12:00:00",0.381658882
"2023-03-01 13:00:00",0.966941953
"2023-03-01 14:00:00",1.195589185
"2023-03-01 15:00:00",0.742822766
"2023-03-01 16:00:00",0.239884719
"2023-03-01 17:00:00",0.103335276
"2023-03-01 18:00:00",-0.006790000
"2023-03-01 19:00:00",-0.006554167
"2023-03-01 20:00:00",-0.005954444
"2023-03-01 21:00:00",-0.005986389
"2023-03-01 22:00:00",-0.006308056
"2023-03-01 23:00:00",-0.006128889
"2023-03-02 00:00:00",-0.006038056
"2023-03-02 01:00:00",-0.005913611
"2023-03-02 02:00:00",-0.005826111
"2023-03-02 03:00:00",-0.006021111
"2023-03-02 04:00:00",-0.006212222
"2023-03-02 05:00:00",-0.006195833
"2023-03-02 06:00:00",-0.005874722
"2023-03-02 07:00:00",-0.008551389
"2023-03-02 08:00:00",0.235301673
"2023-03-02 09:00:00",0.957256675
"2023-03-02 10:00:00",1.847104192
"2023-03-02 11:00:00",2.974776506
"2023-03-02 12:00:00",7.236834049
"2023-03-02 13:00:00",8.684198380
"2023-03-02 14:00:00",9.809495926
"2023-03-02 15:00:00",7.984497547
"2023-03-02 16:00:00",5.086874962
"2023-03-02 17:00:00",2.286604166
"2023-03-02 18:00:00",0.379159719
"2023-03-02 19:00:00",-0.010583056
"2023-03-02 20:00:00",-0.006069444
"2023-03-02 21:00:00",-0.006109722
"2023-03-02 22:00:00",-0.006036389
"2023-03-02 23:00:00",-0.006192222
"2023-03-03 00:00:00",-0.005984722
"2023-03-03 01:00:00",-0.005886944
"2023-03-03 02:00:00",-0.006131944
"2023-03-03 03:00:00",-0.006057778
"2023-03-03 04:00:00",-0.006253611
"2023-03-03 05:00:00",-0.006294444
"2023-03-03 06:00:00",-0.006030556
"2023-03-03 07:00:00",-0.008162222
"2023-03-03 08:00:00",0.217631117
"2023-03-03 09:00:00",0.759508312
"2023-03-03 10:00:00",4.896097183
"2023-03-03 11:00:00",6.453722954
"2023-03-03 12:00:00",8.077919960
"2023-03-03 13:00:00",10.629071236
"2023-03-03 14:00:00",10.213533401
"2023-03-03 15:00:00",8.450340271
"2023-03-03 16:00:00",6.475029469
"2023-03-03 17:00:00",4.534048080
"2023-03-03 18:00:00",0.708744466
"2023-03-03 19:00:00",-0.010994167
"2023-03-03 20:00:00",-0.006070278
"2023-03-03 21:00:00",-0.006106944
"2023-03-03 22:00:00",-0.005860833
"2023-03-03 23:00:00",-0.006140556
"2023-03-04 00:00:00",-0.006247222
"2023-03-04 01:00:00",-0.005996111
"2023-03-04 02:00:00",-0.006268889
"2023-03-04 03:00:00",-0.006037778
"2023-03-04 04:00:00",-0.005990556
"2023-03-04 05:00:00",-0.006240833
"2023-03-04 06:00:00",-0.006000833
"2023-03-04 07:00:00",-0.008634444
"2023-03-04 08:00:00",0.528876662
"2023-03-04 09:00:00",2.039141893
"2023-03-04 10:00:00",2.589919806
"2023-03-04 11:00:00",5.667669773
"2023-03-04 12:00:00",6.121664524
"2023-03-04 13:00:00",5.662712097
"2023-03-04 14:00:00",9.525083542
"2023-03-04 15:00:00",11.161179543
"2023-03-04 16:00:00",7.100728989
"2023-03-04 17:00:00",5.435125351
"2023-03-04 18:00:00",0.885838628
"2023-03-04 19:00:00",-0.010401389
"2023-03-04 20:00:00",-0.005803333
"2023-03-04 21:00:00",-0.005863889
"2023-03-04 22:00:00",-0.005871111
"2023-03-04 23:00:00",-0.006073611
"2023-03-05 00:00:00",-0.006076389
"2023-03-05 01:00:00",-0.006163889
"2023-03-05 02:00:00",-0.006060278
"2023-03-05 03:00:00",-0.006222778
"2023-03-05 04:00:00",-0.006229444
"2023-03-05 05:00:00",-0.006231389
"2023-03-05 06:00:00",-0.006127222
"2023-03-05 07:00:00",-0.005519722
"2023-03-05 08:00:00",0.450847775
"2023-03-05 09:00:00",2.666012049
"2023-03-05 10:00:00",6.450026035
"2023-03-05 11:00:00",12.256325722
"2023-03-05 12:00:00",13.384319305
"2023-03-05 13:00:00",8.899515152
"2023-03-05 14:00:00",9.933386803
"2023-03-05 15:00:00",4.793537140
"2023-03-05 16:00:00",1.585620284
"2023-03-05 17:00:00",1.145408034
"2023-03-05 18:00:00",-0.002713056
"2023-03-05 19:00:00",-0.006116389
"2023-03-05 20:00:00",-0.006210000
"2023-03-05 21:00:00",-0.006113333
"2023-03-05 22:00:00",-0.006216389
"2023-03-05 23:00:00",-0.006109722
"2023-03-06 00:00:00",-0.006283889
"2023-03-06 01:00:00",-0.005916944
"2023-03-06 02:00:00",-0.006247500
"2023-03-06 03:00:00",-0.006127222
"2023-03-06 04:00:00",-0.006253056
"2023-03-06 05:00:00",-0.006021111
"2023-03-06 06:00:00",-0.006156389
"2023-03-06 07:00:00",-0.006182500
"2023-03-06 08:00:00",-0.006238056
"2023-03-06 09:00:00",-0.006023611
"2023-03-06 10:00:00",-0.011707500
"2023-03-06 11:00:00",-0.022128332
"2023-03-06 12:00:00",-0.016490556
"2023-03-06 13:00:00",-0.001566667
"2023-03-06 14:00:00",-0.006197778
"2023-03-06 15:00:00",-0.011565000
"2023-03-06 16:00:00",-0.017982222
"2023-03-06 17:00:00",-0.029805556
"2023-03-06 18:00:00",-0.025953889
"2023-03-06 19:00:00",-0.006403333
"2023-03-06 20:00:00",-0.006322222
"2023-03-06 21:00:00",-0.006237222
"2023-03-06 22:00:00",-0.006021667
"2023-03-06 23:00:00",-0.006385556
"2023-03-07 00:00:00",-0.006207778
"2023-03-07 01:00:00",-0.005932500
"2023-03-07 02:00:00",-0.006151667
"2023-03-07 03:00:00",-0.005944167
"2023-03-07 04:00:00",-0.006079444
"2023-03-07 05:00:00",-0.006274444
"2023-03-07 06:00:00",-0.006234444
"2023-03-07 07:00:00",-0.006169722
"2023-03-07 08:00:00",-0.015336111
"2023-03-07 09:00:00",0.070679441
"2023-03-07 10:00:00",0.179586947
"2023-03-07 11:00:00",0.246535838
"2023-03-07 12:00:00",0.496495008
"2023-03-07 13:00:00",0.558249712
"2023-03-07 14:00:00",0.995021403
"2023-03-07 15:00:00",1.147780538
"2023-03-07 16:00:00",0.797503054
"2023-03-07 17:00:00",0.425310552
"2023-03-07 18:00:00",0.020335278
"2023-03-07 19:00:00",-0.011917778
"2023-03-07 20:00:00",-0.005898611
"2023-03-07 21:00:00",-0.005810556
"2023-03-07 22:00:00",-0.005721111
"2023-03-07 23:00:00",-0.005713333
"2023-03-08 00:00:00",-0.005820278
"2023-03-08 01:00:00",-0.006043889
"2023-03-08 02:00:00",-0.006056111
"2023-03-08 03:00:00",-0.006102500
"2023-03-08 04:00:00",-0.005882222
"2023-03-08 05:00:00",-0.005967778
"2023-03-08 06:00:00",-0.006001667
"2023-03-08 07:00:00",-0.009361111
"2023-03-08 08:00:00",0.000938611
"2023-03-08 09:00:00",0.143164173
"2023-03-08 10:00:00",0.107859164
"2023-03-08 11:00:00",0.779125810
"2023-03-08 12:00:00",0.248799443
"2023-03-08 13:00:00",0.211351395
"2023-03-08 14:00:00",0.009104444
"2023-03-08 15:00:00",0.053902779
"2023-03-08 16:00:00",-0.000452500
"2023-03-08 17:00:00",-0.000907500
"2023-03-08 18:00:00",-0.014332778
"2023-03-08 19:00:00",-0.008218611
"2023-03-08 20:00:00",-0.005551389
"2023-03-08 21:00:00",-0.005704444
"2023-03-08 22:00:00",-0.005524722
"2023-03-08 23:00:00",-0.005751111
"2023-03-09 00:00:00",-0.005626944
"2023-03-09 01:00:00",-0.005813056
"2023-03-09 02:00:00",-0.005930556
"2023-03-09 03:00:00",-0.006128056
"2023-03-09 04:00:00",-0.006195278
"2023-03-09 05:00:00",-0.006036111
"2023-03-09 06:00:00",-0.005809722
"2023-03-09 07:00:00",-0.007868056
"2023-03-09 08:00:00",-0.005786389
"2023-03-09 09:00:00",0.000456389
"2023-03-09 10:00:00",0.075269721
"2023-03-09 11:00:00",0.213880271
"2023-03-09 12:00:00",0.147280559
"2023-03-09 13:00:00",0.029667778
"2023-03-09 14:00:00",0.061746944
"2023-03-09 15:00:00",0.018431390
"2023-03-09 16:00:00",-0.003219444
"2023-03-09 17:00:00",-0.010172222
"2023-03-09 18:00:00",-0.025123056
"2023-03-09 19:00:00",-0.005913889
"2023-03-09 20:00:00",-0.006122222
"2023-03-09 21:00:00",-0.005872500
"2023-03-09 22:00:00",-0.006305556
"2023-03-09 23:00:00",-0.006260556
"2023-03-10 00:00:00",-0.006181111
"2023-03-10 01:00:00",-0.006123333
"2023-03-10 02:00:00",-0.006013333
"2023-03-10 03:00:00",-0.006113333
"2023-03-10 04:00:00",-0.006012222
"2023-03-10 05:00:00",-0.006141944
"2023-03-10 06:00:00",-0.006075278
"2023-03-10 07:00:00",-0.005991389
"2023-03-10 08:00:00",-0.012381667
"2023-03-10 09:00:00",-0.006726111
"2023-03-10 10:00:00",-0.005989444
"2023-03-10 11:00:00",-0.003985833
"2023-03-10 12:00:00",-0.005411667
"2023-03-10 13:00:00",0.000107778
"2023-03-10 14:00:00",-0.004515278
"2023-03-10 15:00:00",-0.006191389
"2023-03-10 16:00:00",-0.023488056
"2023-03-10 17:00:00",-0.029459167
"2023-03-10 18:00:00",-0.019660000
"2023-03-10 19:00:00",-0.006030556
"2023-03-10 20:00:00",-0.005899167
"2023-03-10 21:00:00",-0.006093333
"2023-03-10 22:00:00",-0.006034444
"2023-03-10 23:00:00",-0.006272500
"2023-03-11 00:00:00",-0.006045000
"2023-03-11 01:00:00",-0.006022222
"2023-03-11 02:00:00",-0.006132500
"2023-03-11 03:00:00",-0.006203611
"2023-03-11 04:00:00",-0.006214444
"2023-03-11 05:00:00",-0.006037222
"2023-03-11 06:00:00",-0.006220000
"2023-03-11 07:00:00",-0.006051111
"2023-03-11 08:00:00",-0.009412778
"2023-03-11 09:00:00",-0.013553889
"2023-03-11 10:00:00",-0.018784445
"2023-03-11 11:00:00",-0.019765278
"2023-03-11 12:00:00",-0.007508333
"2023-03-11 13:00:00",-0.003915000
"2023-03-11 14:00:00",-0.020551389
"2023-03-11 15:00:00",-0.029931666
"2023-03-11 16:00:00",-0.019704722
"2023-03-11 17:00:00",-0.006001389
"2023-03-11 18:00:00",-0.006190000
"2023-03-11 19:00:00",-0.006109444
"2023-03-11 20:00:00",-0.006198611
"2023-03-11 21:00:00",-0.006095000
"2023-03-11 22:00:00",-0.006029722
"2023-03-11 23:00:00",-0.006350556
"2023-03-12 00:00:00",-0.006252500
"2023-03-12 01:00:00",-0.006259167
"2023-03-12 04:00:00",-0.006082500
"2023-03-12 05:00:00",-0.005821389
"2023-03-12 06:00:00",-0.006031389
"2023-03-12 07:00:00",-0.006223611
"2023-03-12 08:00:00",-0.006022778
"2023-03-12 09:00:00",-0.006161389
"2023-03-12 10:00:00",-0.015558611
"2023-03-12 11:00:00",-0.021140832
"2023-03-12 12:00:00",-0.017742500
"2023-03-12 13:00:00",-0.008702222
"2023-03-12 14:00:00",-0.007573611
"2023-03-12 15:00:00",-0.021607777
"2023-03-12 16:00:00",-0.023003612
"2023-03-12 17:00:00",-0.019668888
"2023-03-12 18:00:00",-0.021561390
"2023-03-12 19:00:00",-0.011084167
"2023-03-12 20:00:00",-0.005981667
"2023-03-12 21:00:00",-0.005978333
"2023-03-12 22:00:00",-0.006055833
"2023-03-12 23:00:00",-0.005998611
"2023-03-13 00:00:00",-0.006197778
"2023-03-13 01:00:00",-0.006232222
"2023-03-13 02:00:00",-0.006139444
"2023-03-13 03:00:00",-0.006225833
"2023-03-13 04:00:00",-0.006150833
"2023-03-13 05:00:00",-0.006406389
"2023-03-13 06:00:00",-0.005805278
"2023-03-13 07:00:00",-0.006170278
"2023-03-13 08:00:00",-0.006060833
"2023-03-13 09:00:00",-0.010639722
"2023-03-13 10:00:00",-0.010973056
"2023-03-13 11:00:00",-0.005955833
"2023-03-13 12:00:00",-0.000418333
"2023-03-13 13:00:00",0.008741111
"2023-03-13 14:00:00",0.005475000
"2023-03-13 15:00:00",0.000513611
"2023-03-13 16:00:00",-0.002886944
"2023-03-13 17:00:00",-0.005490000
"2023-03-13 18:00:00",-0.015260278
"2023-03-13 19:00:00",-0.025198055
"2023-03-13 20:00:00",-0.006139722
"2023-03-13 21:00:00",-0.006066389
"2023-03-13 22:00:00",-0.006150833
"2023-03-13 23:00:00",-0.006147778
"2023-03-14 00:00:00",-0.006085278
"2023-03-14 01:00:00",-0.006061111
"2023-03-14 02:00:00",-0.006053889
"2023-03-14 03:00:00",-0.006162222
"2023-03-14 04:00:00",-0.006165833
"2023-03-14 05:00:00",-0.006223889
"2023-03-14 06:00:00",-0.006156667
"2023-03-14 07:00:00",-0.006185000
"2023-03-14 08:00:00",-0.006375000
"2023-03-14 09:00:00",-0.012041944
"2023-03-14 10:00:00",-0.003986667
"2023-03-14 11:00:00",-0.004041389
"2023-03-14 12:00:00",-0.000222222
"2023-03-14 13:00:00",0.003247500
"2023-03-14 14:00:00",0.005921111
"2023-03-14 15:00:00",0.003048889
"2023-03-14 16:00:00",-0.000183889
"2023-03-14 17:00:00",-0.004304167
"2023-03-14 18:00:00",-0.011603333
"2023-03-14 19:00:00",-0.028094444
"2023-03-14 20:00:00",-0.009664167
"2023-03-14 21:00:00",-0.006080278
"2023-03-14 22:00:00",-0.006244722
"2023-03-14 23:00:00",-0.006146667
"2023-03-15 00:00:00",-0.006138889
"2023-03-15 01:00:00",-0.005903889
"2023-03-15 02:00:00",-0.006012222
"2023-03-15 03:00:00",-0.006096667
"2023-03-15 04:00:00",-0.006052500
"2023-03-15 05:00:00",-0.006035000
"2023-03-15 06:00:00",-0.006034167
"2023-03-15 07:00:00",-0.005918333
"2023-03-15 08:00:00",-0.005862778
"2023-03-15 09:00:00",-0.012076667
"2023-03-15 10:00:00",0.000245833
"2023-03-15 11:00:00",-0.000876944
"2023-03-15 12:00:00",0.022763889
"2023-03-15 13:00:00",0.084166393
"2023-03-15 14:00:00",0.102578610
"2023-03-15 15:00:00",0.144046396
"2023-03-15 16:00:00",0.086778887
"2023-03-15 17:00:00",0.105273053
"2023-03-15 18:00:00",0.036944166
"2023-03-15 19:00:00",-0.011460556
"2023-03-15 20:00:00",-0.011968333
"2023-03-15 21:00:00",-0.005995000
"2023-03-15 22:00:00",-0.006047222
"2023-03-15 23:00:00",-0.006081944
"2023-03-16 00:00:00",-0.005961944
"2023-03-16 01:00:00",-0.006015000
"2023-03-16 02:00:00",-0.006090833
"2023-03-16 03:00:00",-0.005850278
"2023-03-16 04:00:00",-0.005918056
"2023-03-16 05:00:00",-0.006001944
"2023-03-16 06:00:00",-0.006084722
"2023-03-16 07:00:00",-0.005971389
"2023-03-16 08:00:00",-0.011291389
"2023-03-16 09:00:00",0.061993055
"2023-03-16 10:00:00",0.442258328
"2023-03-16 11:00:00",0.459589988
"2023-03-16 12:00:00",0.732574999
"2023-03-16 13:00:00",0.662296653
"2023-03-16 14:00:00",0.648763359
"2023-03-16 15:00:00",0.631925285
"2023-03-16 16:00:00",0.635610282
"2023-03-16 17:00:00",0.622623622
"2023-03-16 18:00:00",0.502990544
"2023-03-16 19:00:00",0.020206111
"2023-03-16 20:00:00",-0.016840277
"2023-03-16 21:00:00",-0.005748056
"2023-03-16 22:00:00",-0.005802222
"2023-03-16 23:00:00",-0.005793333
"2023-03-17 00:00:00",-0.005722778
"2023-03-17 01:00:00",-0.005939722
"2023-03-17 02:00:00",-0.006036944
"2023-03-17 03:00:00",-0.006128333
"2023-03-17 04:00:00",-0.006306667
"2023-03-17 05:00:00",-0.006287778
"2023-03-17 06:00:00",-0.006138333
"2023-03-17 07:00:00",-0.006151667
"2023-03-17 08:00:00",-0.004370833
"2023-03-17 09:00:00",0.005339722
"2023-03-17 10:00:00",0.005163333
"2023-03-17 11:00:00",0.005253611
"2023-03-17 12:00:00",0.005162500
"2023-03-17 13:00:00",0.082032502
"2023-03-17 14:00:00",0.107198060
"2023-03-17 15:00:00",0.074191667
"2023-03-17 16:00:00",0.064460553
"2023-03-17 17:00:00",0.024901388
"2023-03-17 18:00:00",0.005330278
"2023-03-17 19:00:00",0.003350556
"2023-03-17 20:00:00",-0.009660556
"2023-03-17 21:00:00",-0.006275556
"2023-03-17 22:00:00",-0.006273333
"2023-03-17 23:00:00",-0.006353889
"2023-03-18 00:00:00",-0.006328056
"2023-03-18 01:00:00",-0.006263611
"2023-03-18 02:00:00",-0.006365278
"2023-03-18 03:00:00",-0.006234444
"2023-03-18 04:00:00",-0.006191944
"2023-03-18 05:00:00",-0.006172222
"2023-03-18 06:00:00",-0.006289722
"2023-03-18 07:00:00",-0.006236667
"2023-03-18 08:00:00",-0.003923889
"2023-03-18 09:00:00",0.004161111
"2023-03-18 10:00:00",0.005356667
"2023-03-18 11:00:00",0.005426389
"2023-03-18 12:00:00",6.993680000
"2023-03-18 13:00:00",14.554671288
"2023-03-18 14:00:00",17.878431320
"2023-03-18 15:00:00",17.847003937
"2023-03-18 16:00:00",13.115906715
"2023-03-18 17:00:00",11.000466347
"2023-03-18 18:00:00",7.385494232
"2023-03-18 19:00:00",2.249435902
"2023-03-18 20:00:00",-0.000256389
"2023-03-18 21:00:00",-0.006133056
"2023-03-18 22:00:00",-0.006205556
"2023-03-18 23:00:00",-0.006282222
"2023-03-19 00:00:00",-0.006218333
"2023-03-19 01:00:00",-0.006223889
"2023-03-19 02:00:00",-0.006315000
"2023-03-19 03:00:00",-0.006306944
"2023-03-19 04:00:00",-0.006322500
"2023-03-19 05:00:00",-0.006282778
"2023-03-19 06:00:00",-0.006336111
"2023-03-19 07:00:00",-0.006300556
"2023-03-19 08:00:00",-0.001618889
"2023-03-19 09:00:00",0.005164167
"2023-03-19 10:00:00",0.005138056
"2023-03-19 11:00:00",13.371668816
"2023-03-19 12:00:00",17.715427399
"2023-03-19 13:00:00",19.544746399
"2023-03-19 14:00:00",20.259542465
"2023-03-19 15:00:00",19.629226685
"2023-03-19 16:00:00",17.159587860
"2023-03-19 17:00:00",12.353564262
"2023-03-19 18:00:00",6.419767380
"2023-03-19 19:00:00",1.566898942
"2023-03-19 20:00:00",-0.002706389
"2023-03-19 21:00:00",-0.006193333
"2023-03-19 22:00:00",-0.006064444
"2023-03-19 23:00:00",-0.006193611
"2023-03-20 00:00:00",-0.006077222
"2023-03-20 01:00:00",-0.006118333
"2023-03-20 02:00:00",-0.006109167
"2023-03-20 03:00:00",-0.006036667
"2023-03-20 04:00:00",-0.006144167
"2023-03-20 05:00:00",-0.006092500
"2023-03-20 06:00:00",-0.006181667
"2023-03-20 07:00:00",-0.006002222
"2023-03-20 08:00:00",0.279031396
"2023-03-20 09:00:00",2.112361908
"2023-03-20 10:00:00",8.449555397
"2023-03-20 11:00:00",13.273231506
"2023-03-20 12:00:00",15.638110161
"2023-03-20 13:00:00",21.105720520
"2023-03-20 14:00:00",21.575754166
"2023-03-20 15:00:00",21.761777878
"2023-03-20 16:00:00",20.235517502
"2023-03-20 17:00:00",16.357299805
"2023-03-20 18:00:00",9.628684044
"2023-03-20 19:00:00",2.637858391
"2023-03-20 20:00:00",0.039251111
"2023-03-20 21:00:00",-0.006049722
"2023-03-20 22:00:00",-0.006180833
"2023-03-20 23:00:00",-0.006177500
"2023-03-21 00:00:00",-0.006111667
"2023-03-21 01:00:00",-0.006031944
"2023-03-21 02:00:00",-0.006043611
"2023-03-21 03:00:00",-0.006106111
"2023-03-21 04:00:00",-0.006177222
"2023-03-21 05:00:00",-0.006178333
"2023-03-21 06:00:00",-0.006080000
"2023-03-21 07:00:00",-0.006091111
"2023-03-21 08:00:00",0.212303340
"2023-03-21 09:00:00",2.889588118
"2023-03-21 10:00:00",6.732112885
"2023-03-21 11:00:00",8.368892670
"2023-03-21 12:00:00",11.884408951
"2023-03-21 13:00:00",19.276065826
"2023-03-21 14:00:00",24.196615219
"2023-03-21 15:00:00",23.933654785
"2023-03-21 16:00:00",19.236391068
"2023-03-21 17:00:00",13.415606499
"2023-03-21 18:00:00",5.239367962
"2023-03-21 19:00:00",1.730412245
"2023-03-21 20:00:00",0.033480000
"2023-03-21 21:00:00",-0.005931111
"2023-03-21 22:00:00",-0.006131667
"2023-03-21 23:00:00",-0.006288889
"2023-03-22 00:00:00",-0.006013056
"2023-03-22 01:00:00",-0.006093056
"2023-03-22 02:00:00",-0.006003611
"2023-03-22 03:00:00",-0.006071389
"2023-03-22 04:00:00",-0.005853889
"2023-03-22 05:00:00",-0.006110278
"2023-03-22 06:00:00",-0.006075833
"2023-03-22 07:00:00",-0.005986111
"2023-03-22 08:00:00",0.023172777
"2023-03-22 09:00:00",5.134191990
"2023-03-22 10:00:00",14.661017418
"2023-03-22 11:00:00",7.387723446
"2023-03-22 12:00:00",11.399100304
"2023-03-22 13:00:00",7.821257591
"2023-03-22 14:00:00",7.975945473
"2023-03-22 15:00:00",8.113502502
"2023-03-22 16:00:00",9.344889641
"2023-03-22 17:00:00",10.836486816
"2023-03-22 18:00:00",4.226749897
"2023-03-22 19:00:00",1.454493880
"2023-03-22 20:00:00",0.020076111
"2023-03-22 21:00:00",-0.006143611
"2023-03-22 22:00:00",-0.006145000
"2023-03-22 23:00:00",-0.006309444
"2023-03-23 00:00:00",-0.006169444
"2023-03-23 01:00:00",-0.006129722
"2023-03-23 02:00:00",-0.006242500
"2023-03-23 03:00:00",-0.006246389
"2023-03-23 04:00:00",-0.006133889
"2023-03-23 05:00:00",-0.006104722
"2023-03-23 06:00:00",-0.006227222
"2023-03-23 07:00:00",-0.006265556
"2023-03-23 08:00:00",0.700363874
"2023-03-23 09:00:00",5.265843868
"2023-03-23 10:00:00",17.235256195
"2023-03-23 11:00:00",26.074062347
"2023-03-23 12:00:00",31.771348953
"2023-03-23 13:00:00",31.834472656
"2023-03-23 14:00:00",32.381027222
"2023-03-23 15:00:00",33.588310242
"2023-03-23 16:00:00",29.872110367
"2023-03-23 17:00:00",22.573730469
"2023-03-23 18:00:00",14.025464058
"2023-03-23 19:00:00",3.892729759
"2023-03-23 20:00:00",0.112487219
"2023-03-23 21:00:00",-0.006178333
"2023-03-23 22:00:00",-0.006099722
"2023-03-23 23:00:00",-0.006083611
"2023-03-24 00:00:00",-0.006151944
"2023-03-24 01:00:00",-0.006151667
"2023-03-24 02:00:00",-0.006143056
"2023-03-24 03:00:00",-0.006203333
"2023-03-24 04:00:00",-0.006042222
"2023-03-24 05:00:00",-0.006105278
"2023-03-24 06:00:00",-0.006236389
"2023-03-24 07:00:00",-0.006132222
"2023-03-24 08:00:00",0.646903336
"2023-03-24 09:00:00",7.392710686
"2023-03-24 10:00:00",18.439071655
"2023-03-24 11:00:00",26.877288818
"2023-03-24 12:00:00",32.841827393
"2023-03-24 13:00:00",36.259056091
"2023-03-24 14:00:00",37.131835938
"2023-03-24 15:00:00",36.261215210
"2023-03-24 16:00:00",33.903747559
"2023-03-24 17:00:00",26.182449341
"2023-03-24 18:00:00",15.702287674
"2023-03-24 19:00:00",4.214654922
"2023-03-24 20:00:00",0.118023887
"2023-03-24 21:00:00",-0.006011111
"2023-03-24 22:00:00",-0.006136111
"2023-03-24 23:00:00",-0.006301667
"2023-03-25 00:00:00",-0.006047222
"2023-03-25 01:00:00",-0.006093611
"2023-03-25 02:00:00",-0.006138611
"2023-03-25 03:00:00",-0.006132778
"2023-03-25 04:00:00",-0.006069722
"2023-03-25 05:00:00",-0.006127500
"2023-03-25 06:00:00",-0.006103889
"2023-03-25 07:00:00",-0.006148889
"2023-03-25 08:00:00",0.449066937
"2023-03-25 09:00:00",4.419841290
"2023-03-25 10:00:00",10.786235809
"2023-03-25 11:00:00",19.220623016
"2023-03-25 12:00:00",35.871009827
"2023-03-25 13:00:00",39.206363678
"2023-03-25 14:00:00",41.019252777
"2023-03-25 15:00:00",30.806644440
"2023-03-25 16:00:00",26.484008789
"2023-03-25 17:00:00",21.009662628
"2023-03-25 18:00:00",16.009534836
"2023-03-25 19:00:00",3.339812279
"2023-03-25 20:00:00",0.174118057
"2023-03-25 21:00:00",-0.006102500
"2023-03-25 22:00:00",-0.006103889
"2023-03-25 23:00:00",-0.006158611
"2023-03-26 00:00:00",-0.006327222
"2023-03-26 01:00:00",-0.006139722
"2023-03-26 02:00:00",-0.006155833
"2023-03-26 03:00:00",-0.006172500
"2023-03-26 04:00:00",-0.006280556
"2023-03-26 05:00:00",-0.006225833
"2023-03-26 06:00:00",-0.006138889
"2023-03-26 07:00:00",-0.006422222
"2023-03-26 08:00:00",0.922265530
"2023-03-26 09:00:00",8.317798615
"2023-03-26 10:00:00",17.944784164
"2023-03-26 11:00:00",29.462856293
"2023-03-26 12:00:00",37.612564087
"2023-03-26 13:00:00",41.963287354
"2023-03-26 14:00:00",46.152873993
"2023-03-26 15:00:00",38.480449677
"2023-03-26 16:00:00",38.275413513
"2023-03-26 17:00:00",30.208379745
"2023-03-26 18:00:00",18.155313492
"2023-03-26 19:00:00",5.131085396
"2023-03-26 20:00:00",0.153038338
"2023-03-26 21:00:00",-0.006164167
"2023-03-26 22:00:00",-0.006074167
"2023-03-26 23:00:00",-0.006117778
"2023-03-27 00:00:00",-0.006161667
"2023-03-27 01:00:00",-0.006216389
"2023-03-27 02:00:00",-0.006273611
"2023-03-27 03:00:00",-0.006071389
"2023-03-27 04:00:00",-0.006230556
"2023-03-27 05:00:00",-0.006289444
"2023-03-27 06:00:00",-0.005947778
"2023-03-27 07:00:00",-0.006557222
"2023-03-27 08:00:00",1.139692545
"2023-03-27 09:00:00",11.519136429
"2023-03-27 10:00:00",18.032970428
"2023-03-27 11:00:00",27.260391235
"2023-03-27 12:00:00",32.710929871
"2023-03-27 13:00:00",39.531333923
"2023-03-27 14:00:00",40.866714478
"2023-03-27 15:00:00",39.252014160
"2023-03-27 16:00:00",32.753368378
"2023-03-27 17:00:00",27.732631683
"2023-03-27 18:00:00",18.808477402
"2023-03-27 19:00:00",5.351874352
"2023-03-27 20:00:00",0.218490839
"2023-03-27 21:00:00",-0.006101111
"2023-03-27 22:00:00",-0.006171389
"2023-03-27 23:00:00",-0.006258889
"2023-03-28 00:00:00",-0.006261111
"2023-03-28 01:00:00",-0.006121389
"2023-03-28 02:00:00",-0.006090000
"2023-03-28 03:00:00",-0.005940833
"2023-03-28 04:00:00",-0.006023611
"2023-03-28 05:00:00",-0.005995278
"2023-03-28 06:00:00",-0.005990556
"2023-03-28 07:00:00",-0.006856111
"2023-03-28 08:00:00",1.079138637
"2023-03-28 09:00:00",10.125026703
"2023-03-28 10:00:00",24.693578720
"2023-03-28 11:00:00",35.419090271
"2023-03-28 12:00:00",43.394893646
"2023-03-28 13:00:00",48.206462860
"2023-03-28 14:00:00",49.946292877
"2023-03-28 15:00:00",47.134738922
"2023-03-28 16:00:00",17.171060562
"2023-03-28 17:00:00",7.787741661
"2023-03-28 18:00:00",5.161879063
"2023-03-28 19:00:00",0.416143060
"2023-03-28 20:00:00",-0.007110556
"2023-03-28 21:00:00",-0.006291944
"2023-03-28 22:00:00",-0.006185833
"2023-03-28 23:00:00",-0.006305278
"2023-03-29 00:00:00",-0.006170000
"2023-03-29 01:00:00",-0.006190000
"2023-03-29 02:00:00",-0.006217500
"2023-03-29 03:00:00",-0.006120833
"2023-03-29 04:00:00",-0.006279722
"2023-03-29 05:00:00",-0.006260278
"2023-03-29 06:00:00",-0.006311389
"2023-03-29 07:00:00",-0.006377778
"2023-03-29 08:00:00",1.576134205
"2023-03-29 09:00:00",11.674314499
"2023-03-29 10:00:00",26.566310883
"2023-03-29 11:00:00",38.201774597
"2023-03-29 12:00:00",46.494262695
"2023-03-29 13:00:00",51.162250519
"2023-03-29 14:00:00",50.178764343
"2023-03-29 15:00:00",49.278942108
"2023-03-29 16:00:00",43.474617004
"2023-03-29 17:00:00",33.824417114
"2023-03-29 18:00:00",20.680578232
"2023-03-29 19:00:00",6.018313885
"2023-03-29 20:00:00",0.271789432
"2023-03-29 21:00:00",-0.006159167
"2023-03-29 22:00:00",-0.006134167
"2023-03-29 23:00:00",-0.006242222
"2023-03-30 00:00:00",-0.006251111
"2023-03-30 01:00:00",-0.006157778
"2023-03-30 02:00:00",-0.006153611
"2023-03-30 03:00:00",-0.006208056
"2023-03-30 04:00:00",-0.006195000
"2023-03-30 05:00:00",-0.006257778
"2023-03-30 06:00:00",-0.006174444
"2023-03-30 07:00:00",-0.006402500
"2023-03-30 08:00:00",1.494349122
"2023-03-30 09:00:00",7.687889099
"2023-03-30 10:00:00",14.310052872
"2023-03-30 11:00:00",28.792978287
"2023-03-30 12:00:00",19.249038696
"2023-03-30 13:00:00",8.959371567
"2023-03-30 14:00:00",7.836463928
"2023-03-30 15:00:00",9.716986656
"2023-03-30 16:00:00",14.589713097
"2023-03-30 17:00:00",9.527315140
"2023-03-30 18:00:00",1.685345054
"2023-03-30 19:00:00",0.220807225
"2023-03-30 20:00:00",-0.013472222
"2023-03-30 21:00:00",-0.006173611
"2023-03-30 22:00:00",-0.006170000
"2023-03-30 23:00:00",-0.006128333
"2023-03-31 00:00:00",-0.006162222
"2023-03-31 01:00:00",-0.006100556
"2023-03-31 02:00:00",-0.006176944
"2023-03-31 03:00:00",-0.006144444
"2023-03-31 04:00:00",-0.006175278
"2023-03-31 05:00:00",-0.006163333
"2023-03-31 06:00:00",-0.006226944
"2023-03-31 07:00:00",-0.005995556
"2023-03-31 08:00:00",0.059620280
"2023-03-31 09:00:00",0.215079442
"2023-03-31 10:00:00",3.606720924
"2023-03-31 11:00:00",3.461423397
"2023-03-31 12:00:00",4.444484711
"2023-03-31 13:00:00",6.377373219
"2023-03-31 14:00:00",4.937369823
"2023-03-31 15:00:00",2.293957472
"2023-03-31 16:00:00",0.790021360
"2023-03-31 17:00:00",1.100468278
"2023-03-31 18:00:00",0.187860832
"2023-03-31 19:00:00",-0.029520556
"2023-03-31 20:00:00",-0.008425000
"2023-03-31 21:00:00",-0.006312222
"2023-03-31 22:00:00",-0.006350833
"2023-03-31 23:00:00",-0.006267222
"2023-04-01 00:00:00",-0.006180000
"2023-04-01 01:00:00",-0.006191111
"2023-04-01 02:00:00",-0.006037222
"2023-04-01 03:00:00",-0.006143611
"2023-04-01 04:00:00",-0.006100833
"2023-04-01 05:00:00",-0.006218889
"2023-04-01 06:00:00",-0.006119444
"2023-04-01 07:00:00",-0.006217222
"2023-04-01 08:00:00",-0.006072222
"2023-04-01 09:00:00",-0.011929167
"2023-04-01 10:00:00",0.004171944
"2023-04-01 11:00:00",0.141073614
"2023-04-01 12:00:00",0.277614444
"2023-04-01 13:00:00",0.397636116
"2023-04-01 14:00:00",0.522413909
"2023-04-01 15:00:00",0.610773861
"2023-04-01 16:00:00",0.614633918
"2023-04-01 17:00:00",0.499147505
"2023-04-01 18:00:00",0.259302765
"2023-04-01 19:00:00",0.014715833
"2023-04-01 20:00:00",-0.018440556
"2023-04-01 21:00:00",-0.006169444
"2023-04-01 22:00:00",-0.006137778
"2023-04-01 23:00:00",-0.006165278
"2023-04-02 00:00:00",-0.006130278
"2023-04-02 01:00:00",-0.006270556
"2023-04-02 02:00:00",-0.006183611
"2023-04-02 03:00:00",-0.006085833
"2023-04-02 04:00:00",-0.006084722
"2023-04-02 05:00:00",-0.006160556
"2023-04-02 06:00:00",-0.006035000
"2023-04-02 07:00:00",-0.006098611
"2023-04-02 08:00:00",-0.009511389
"2023-04-02 09:00:00",-0.004873889
"2023-04-02 10:00:00",0.197897777
"2023-04-02 11:00:00",0.686121106
"2023-04-02 12:00:00",1.751489758
"2023-04-02 13:00:00",6.413734913
"2023-04-02 14:00:00",13.615729332
"2023-04-02 15:00:00",20.827602386
"2023-04-02 16:00:00",30.363719940
"2023-04-02 17:00:00",31.203496933
"2023-04-02 18:00:00",22.610574722
"2023-04-02 19:00:00",7.125450134
"2023-04-02 20:00:00",0.356721103
"2023-04-02 21:00:00",-0.006144722
"2023-04-02 22:00:00",-0.006173611
"2023-04-02 23:00:00",-0.006166944
"2023-04-03 00:00:00",-0.006245000
"2023-04-03 01:00:00",-0.006130556
"2023-04-03 02:00:00",-0.006156389
"2023-04-03 03:00:00",-0.006201944
"2023-04-03 04:00:00",-0.006161667
"2023-04-03 05:00:00",-0.006136389
"2023-04-03 06:00:00",-0.006056111
"2023-04-03 07:00:00",-0.011885000
"2023-04-03 08:00:00",1.476410270
"2023-04-03 09:00:00",8.695115089
"2023-04-03 10:00:00",15.642672539
"2023-04-03 11:00:00",28.561145782
"2023-04-03 12:00:00",27.993848801
"2023-04-03 13:00:00",40.495498657
"2023-04-03 14:00:00",45.103889465
"2023-04-03 15:00:00",38.846035004
"2023-04-03 16:00:00",29.066043854
"2023-04-03 17:00:00",15.705906868
"2023-04-03 18:00:00",10.669839859
"2023-04-03 19:00:00",4.825575352
"2023-04-03 20:00:00",0.428507775
"2023-04-03 21:00:00",-0.006181389
"2023-04-03 22:00:00",-0.006273611
"2023-04-03 23:00:00",-0.006274444
"2023-04-04 00:00:00",-0.006116389
"2023-04-04 01:00:00",-0.006069444
"2023-04-04 02:00:00",-0.006127778
"2023-04-04 03:00:00",-0.006159167
"2023-04-04 04:00:00",-0.006020556
"2023-04-04 05:00:00",-0.006188889
"2023-04-04 06:00:00",-0.006143889
"2023-04-04 07:00:00",-0.007635278
"2023-04-04 08:00:00",1.168490529
"2023-04-04 09:00:00",3.502236128
"2023-04-04 10:00:00",4.641973972
"2023-04-04 11:00:00",12.376385689
"2023-04-04 12:00:00",10.932977676
"2023-04-04 13:00:00",5.554285526
"2023-04-04 14:00:00",3.841051102
"2023-04-04 15:00:00",5.639187336
"2023-04-04 16:00:00",3.369824409
"2023-04-04 17:00:00",2.583510876
"2023-04-04 18:00:00",1.692907810
"2023-04-04 19:00:00",0.567552507
"2023-04-04 20:00:00",-0.006993611
"2023-04-04 21:00:00",-0.005982222
"2023-04-04 22:00:00",-0.006035833
"2023-04-04 23:00:00",-0.006023611
"2023-04-05 00:00:00",-0.006036944
"2023-04-05 01:00:00",-0.005981389
"2023-04-05 02:00:00",-0.005990556
"2023-04-05 03:00:00",-0.006087500
"2023-04-05 04:00:00",-0.005853333
"2023-04-05 05:00:00",-0.006056944
"2023-04-05 06:00:00",-0.006052778
"2023-04-05 07:00:00",-0.005948056
"2023-04-05 08:00:00",0.548864186
"2023-04-05 09:00:00",4.875383377
"2023-04-05 10:00:00",11.531030655
"2023-04-05 11:00:00",12.689521790
"2023-04-05 12:00:00",23.091306686
"2023-04-05 13:00:00",30.538902283
"2023-04-05 14:00:00",41.774192810
"2023-04-05 15:00:00",35.432895660
"2023-04-05 16:00:00",23.933773041
"2023-04-05 17:00:00",14.628046989
"2023-04-05 18:00:00",7.609531879
"2023-04-05 19:00:00",2.651742220
"2023-04-05 20:00:00",0.256568611
"2023-04-05 21:00:00",-0.006231667
"2023-04-05 22:00:00",-0.006222778
"2023-04-05 23:00:00",-0.006316944
"2023-04-06 00:00:00",-0.006189444
"2023-04-06 01:00:00",-0.006187500
"2023-04-06 02:00:00",-0.006163333
"2023-04-06 03:00:00",-0.006179444
"2023-04-06 04:00:00",-0.006138056
"2023-04-06 05:00:00",-0.006166389
"2023-04-06 06:00:00",-0.006085000
"2023-04-06 07:00:00",-0.001312778
"2023-04-06 08:00:00",2.844945192
"2023-04-06 09:00:00",16.097320557
"2023-04-06 10:00:00",34.098918915
"2023-04-06 11:00:00",47.317764282
"2023-04-06 12:00:00",56.423297882
"2023-04-06 13:00:00",61.340698242
"2023-04-06 14:00:00",62.204208374
"2023-04-06 15:00:00",59.331787109
"2023-04-06 16:00:00",52.030448914
"2023-04-06 17:00:00",40.789855957
"2023-04-06 18:00:00",25.524574280
"2023-04-06 19:00:00",7.983228683
"2023-04-06 20:00:00",0.589981973
"2023-04-06 21:00:00",-0.006936111
"2023-04-06 22:00:00",-0.006213889
"2023-04-06 23:00:00",-0.006272222
"2023-04-07 00:00:00",-0.006314444
"2023-04-07 01:00:00",-0.006157778
"2023-04-07 02:00:00",-0.006092500
"2023-04-07 03:00:00",-0.006164167
"2023-04-07 04:00:00",-0.006161667
"2023-04-07 05:00:00",-0.006238056
"2023-04-07 06:00:00",-0.006096389
"2023-04-07 07:00:00",0.014526667
"2023-04-07 08:00:00",2.707338095
"2023-04-07 09:00:00",12.990374565
"2023-04-07 10:00:00",32.031867981
"2023-04-07 11:00:00",44.405303955
"2023-04-07 12:00:00",54.112487793
"2023-04-07 13:00:00",59.339633942
"2023-04-07 14:00:00",61.649291992
"2023-04-07 15:00:00",62.008903503
"2023-04-07 16:00:00",54.674457550
"2023-04-07 17:00:00",42.875492096
"2023-04-07 18:00:00",26.551231384
"2023-04-07 19:00:00",8.332921028
"2023-04-07 20:00:00",0.692574143
"2023-04-07 21:00:00",-0.007531389
"2023-04-07 22:00:00",-0.006187778
"2023-04-07 23:00:00",-0.006198333
"2023-04-08 00:00:00",-0.006259167
"2023-04-08 01:00:00",-0.006151667
"2023-04-08 02:00:00",-0.006105833
"2023-04-08 03:00:00",-0.006243333
"2023-04-08 04:00:00",-0.006198333
"2023-04-08 05:00:00",-0.006167500
"2023-04-08 06:00:00",-0.006210278
"2023-04-08 07:00:00",-0.014679444
"2023-04-08 08:00:00",2.574805260
"2023-04-08 09:00:00",9.693764687
"2023-04-08 10:00:00",31.492572784
"2023-04-08 11:00:00",46.827079773
"2023-04-08 12:00:00",58.156345367
"2023-04-08 13:00:00",63.805057526
"2023-04-08 14:00:00",64.476333618
"2023-04-08 15:00:00",61.126365662
"2023-04-08 16:00:00",53.609016418
"2023-04-08 17:00:00",40.866329193
"2023-04-08 18:00:00",24.282173157
"2023-04-08 19:00:00",7.802532196
"2023-04-08 20:00:00",0.734043598
"2023-04-08 21:00:00",-0.007256944
"2023-04-08 22:00:00",-0.006340833
"2023-04-08 23:00:00",-0.006429167
"2023-04-09 00:00:00",-0.006506667
"2023-04-09 01:00:00",-0.006232500
"2023-04-09 02:00:00",-0.006239167
"2023-04-09 03:00:00",-0.006308611
"2023-04-09 04:00:00",-0.006265278
"2023-04-09 05:00:00",-0.006356389
"2023-04-09 06:00:00",-0.006242222
"2023-04-09 07:00:00",0.008077500
"2023-04-09 08:00:00",4.019837379
"2023-04-09 09:00:00",22.693706512
"2023-04-09 10:00:00",49.580337524
"2023-04-09 11:00:00",58.685974121
"2023-04-09 12:00:00",73.887748718
"2023-04-09 13:00:00",68.151214600
"2023-04-09 14:00:00",62.459907532
"2023-04-09 15:00:00",58.711036682
"2023-04-09 16:00:00",36.161502838
"2023-04-09 17:00:00",19.391988754
"2023-04-09 18:00:00",11.653532982
"2023-04-09 19:00:00",3.704501629
"2023-04-09 20:00:00",0.172066942
"2023-04-09 21:00:00",-0.006448333
"2023-04-09 22:00:00",-0.006425556
"2023-04-09 23:00:00",-0.006537222
"2023-04-10 00:00:00",-0.006348889
"2023-04-10 01:00:00",-0.006332778
"2023-04-10 02:00:00",-0.006181111
"2023-04-10 03:00:00",-0.006217222
"2023-04-10 04:00:00",-0.006324722
"2023-04-10 05:00:00",-0.006236111
"2023-04-10 06:00:00",-0.006280278
"2023-04-10 07:00:00",0.060169723
"2023-04-10 08:00:00",6.458580971
"2023-04-10 09:00:00",27.541475296
"2023-04-10 10:00:00",52.876846313
"2023-04-10 11:00:00",73.015449524
"2023-04-10 12:00:00",86.426307678
"2023-04-10 13:00:00",91.514411926
"2023-04-10 14:00:00",90.603073120
"2023-04-10 15:00:00",88.728279114
"2023-04-10 16:00:00",77.291992188
"2023-04-10 17:00:00",60.812191010
"2023-04-10 18:00:00",34.341911316
"2023-04-10 19:00:00",13.771833420
"2023-04-10 20:00:00",1.828308582
"2023-04-10 21:00:00",-0.007368889
"2023-04-10 22:00:00",-0.006410556
"2023-04-10 23:00:00",-0.006500000
"2023-04-11 00:00:00",-0.006278056
"2023-04-11 01:00:00",-0.006370000
"2023-04-11 02:00:00",-0.006208889
"2023-04-11 03:00:00",-0.006236389
"2023-04-11 04:00:00",-0.006383611
"2023-04-11 05:00:00",-0.006378056
"2023-04-11 06:00:00",-0.006313056
"2023-04-11 07:00:00",0.089958057
"2023-04-11 08:00:00",6.603354931
"2023-04-11 09:00:00",21.570316315
"2023-04-11 10:00:00",51.006881714
"2023-04-11 11:00:00",71.859565735
"2023-04-11 12:00:00",82.223007202
"2023-04-11 13:00:00",91.060180664
"2023-04-11 14:00:00",92.422309875
"2023-04-11 15:00:00",85.695732117
"2023-04-11 16:00:00",74.716667175
"2023-04-11 17:00:00",59.516613007
"2023-04-11 18:00:00",35.382438660
"2023-04-11 19:00:00",12.499061584
"2023-04-11 20:00:00",1.422436953
"2023-04-11 21:00:00",-0.010158889
"2023-04-11 22:00:00",-0.006496111
"2023-04-11 23:00:00",-0.006303889
"2023-04-12 00:00:00",-0.006323333
"2023-04-12 01:00:00",-0.006473333
"2023-04-12 02:00:00",-0.006327778
"2023-04-12 03:00:00",-0.006373889
"2023-04-12 04:00:00",-0.006476111
"2023-04-12 05:00:00",-0.006470000
"2023-04-12 06:00:00",-0.006462222
"2023-04-12 07:00:00",0.131683618
"2023-04-12 08:00:00",6.424900532
"2023-04-12 09:00:00",28.740694046
"2023-04-12 10:00:00",54.017200470
"2023-04-12 11:00:00",73.249160767
"2023-04-12 12:00:00",86.807151794
"2023-04-12 13:00:00",93.402008057
"2023-04-12 14:00:00",94.227745056
"2023-04-12 15:00:00",88.563323975
"2023-04-12 16:00:00",77.491783142
"2023-04-12 17:00:00",59.011341095
"2023-04-12 18:00:00",36.216918945
"2023-04-12 19:00:00",12.753318787
"2023-04-12 20:00:00",1.340655327
"2023-04-12 21:00:00",-0.009360000
"2023-04-12 22:00:00",-0.006525833
"2023-04-12 23:00:00",-0.006510000
"2023-04-13 00:00:00",-0.006545278
"2023-04-13 01:00:00",-0.006446389
"2023-04-13 02:00:00",-0.006291389
"2023-04-13 03:00:00",-0.006309722
"2023-04-13 04:00:00",-0.006361111
"2023-04-13 05:00:00",-0.006415000
"2023-04-13 06:00:00",-0.006413611
"2023-04-13 07:00:00",0.223010838
"2023-04-13 08:00:00",6.726097584
"2023-04-13 09:00:00",27.935270309
"2023-04-13 10:00:00",51.948600769
"2023-04-13 11:00:00",71.356040955
"2023-04-13 12:00:00",85.970924377
"2023-04-13 13:00:00",93.481407166
"2023-04-13 14:00:00",94.679298401
"2023-04-13 15:00:00",89.340049744
"2023-04-13 16:00:00",78.714981079
"2023-04-13 17:00:00",60.920909882
"2023-04-13 18:00:00",38.093429565
"2023-04-13 19:00:00",13.418488503
"2023-04-13 20:00:00",1.175437450
"2023-04-13 21:00:00",-0.009436389
"2023-04-13 22:00:00",-0.006412222
"2023-04-13 23:00:00",-0.006446667
"2023-04-14 00:00:00",-0.006418889
"2023-04-14 01:00:00",-0.006221944
"2023-04-14 02:00:00",-0.006346111
"2023-04-14 03:00:00",-0.006347222
"2023-04-14 04:00:00",-0.006197500
"2023-04-14 05:00:00",-0.006145278
"2023-04-14 06:00:00",-0.006241389
"2023-04-14 07:00:00",0.358354181
"2023-04-14 08:00:00",7.898600578
"2023-04-14 09:00:00",30.262722015
"2023-04-14 10:00:00",54.672973633
"2023-04-14 11:00:00",72.706726074
"2023-04-14 12:00:00",85.694953918
"2023-04-14 13:00:00",93.293090820
"2023-04-14 14:00:00",93.669273376
"2023-04-14 15:00:00",87.450538635
"2023-04-14 16:00:00",78.564056396
"2023-04-14 17:00:00",45.042602539
"2023-04-14 18:00:00",17.578504562
"2023-04-14 19:00:00",6.874181271
"2023-04-14 20:00:00",0.334796399
"2023-04-14 21:00:00",-0.006511667
"2023-04-14 22:00:00",-0.006551389
"2023-04-14 23:00:00",-0.006405556
"2023-04-15 00:00:00",-0.006458056
"2023-04-15 01:00:00",-0.006386111
"2023-04-15 02:00:00",-0.006427778
"2023-04-15 03:00:00",-0.006311667
"2023-04-15 04:00:00",-0.006327778
"2023-04-15 05:00:00",-0.006158333
"2023-04-15 06:00:00",-0.006291667
"2023-04-15 07:00:00",-0.006112778
"2023-04-15 08:00:00",0.084564723
"2023-04-15 09:00:00",2.067515612
"2023-04-15 10:00:00",9.183238029
"2023-04-15 11:00:00",2.752151728
"2023-04-15 12:00:00",3.347861052
"2023-04-15 13:00:00",6.787209511
"2023-04-15 14:00:00",11.055524826
"2023-04-15 15:00:00",7.458940029
"2023-04-15 16:00:00",17.098390579
"2023-04-15 17:00:00",12.642754555
"2023-04-15 18:00:00",6.829504490
"2023-04-15 19:00:00",2.488027811
"2023-04-15 20:00:00",0.329454720
"2023-04-15 21:00:00",-0.006467222
"2023-04-15 22:00:00",-0.006340000
"2023-04-15 23:00:00",-0.006358333
"2023-04-16 00:00:00",-0.006526944
"2023-04-16 01:00:00",-0.006376111
"2023-04-16 02:00:00",-0.006521111
"2023-04-16 03:00:00",-0.006544722
"2023-04-16 04:00:00",-0.006431111
"2023-04-16 05:00:00",-0.006413889
"2023-04-16 06:00:00",-0.006416389
"2023-04-16 07:00:00",-0.008371944
"2023-04-16 08:00:00",0.024254167
"2023-04-16 09:00:00",1.166815519
"2023-04-16 10:00:00",3.461843014
"2023-04-16 11:00:00",4.105616570
"2023-04-16 12:00:00",3.656687021
"2023-04-16 13:00:00",2.479980469
"2023-04-16 14:00:00",2.751972198
"2023-04-16 15:00:00",4.875356674
"2023-04-16 16:00:00",5.870624542
"2023-04-16 17:00:00",2.553732157
"2023-04-16 18:00:00",0.980260015
"2023-04-16 19:00:00",0.178861946
"2023-04-16 20:00:00",-0.013078889
"2023-04-16 21:00:00",-0.006505278
"2023-04-16 22:00:00",-0.006460000
"2023-04-16 23:00:00",-0.006630556
"2023-04-17 00:00:00",-0.006614444
"2023-04-17 01:00:00",-0.006503611
"2023-04-17 02:00:00",-0.006460556
"2023-04-17 03:00:00",-0.006556111
"2023-04-17 04:00:00",-0.006561944
"2023-04-17 05:00:00",-0.006618889
"2023-04-17 06:00:00",-0.006565556
"2023-04-17 07:00:00",-0.013327500
"2023-04-17 08:00:00",0.445853323
"2023-04-17 09:00:00",2.935074806
"2023-04-17 10:00:00",6.342491150
"2023-04-17 11:00:00",13.995314598
"2023-04-17 12:00:00",53.700809479
"2023-04-17 13:00:00",78.256858826
"2023-04-17 14:00:00",78.579948425
"2023-04-17 15:00:00",74.309936523
"2023-04-17 16:00:00",66.903770447
"2023-04-17 17:00:00",49.291725159
"2023-04-17 18:00:00",31.174484253
"2023-04-17 19:00:00",11.175979614
"2023-04-17 20:00:00",1.326416373
"2023-04-17 21:00:00",-0.008330000
"2023-04-17 22:00:00",-0.006521667
"2023-04-17 23:00:00",-0.006586944
"2023-04-18 00:00:00",-0.006475833
"2023-04-18 01:00:00",-0.006371944
"2023-04-18 02:00:00",-0.006433333
"2023-04-18 03:00:00",-0.006362778
"2023-04-18 04:00:00",-0.006413889
"2023-04-18 05:00:00",-0.006535556
"2023-04-18 06:00:00",-0.006446944
"2023-04-18 07:00:00",0.497000277
"2023-04-18 08:00:00",7.241240978
"2023-04-18 09:00:00",24.559175491
"2023-04-18 10:00:00",45.996181488
"2023-04-18 11:00:00",60.393909454
"2023-04-18 12:00:00",70.312347412
"2023-04-18 13:00:00",73.902076721
"2023-04-18 14:00:00",71.713203430
"2023-04-18 15:00:00",69.357635498
"2023-04-18 16:00:00",59.857067108
"2023-04-18 17:00:00",48.754287720
"2023-04-18 18:00:00",29.249874115
"2023-04-18 19:00:00",8.700249672
"2023-04-18 20:00:00",1.820158362
"2023-04-18 21:00:00",-0.009989444
"2023-04-18 22:00:00",-0.006501111
"2023-04-18 23:00:00",-0.006476111
"2023-04-19 00:00:00",-0.006521111
"2023-04-19 01:00:00",-0.006440833
"2023-04-19 02:00:00",-0.006378333
"2023-04-19 03:00:00",-0.006343333
"2023-04-19 04:00:00",-0.006427222
"2023-04-19 05:00:00",-0.006462222
"2023-04-19 06:00:00",-0.006365278
"2023-04-19 07:00:00",-0.007584722
"2023-04-19 08:00:00",0.763720572
"2023-04-19 09:00:00",4.679367065
"2023-04-19 10:00:00",14.959672928
"2023-04-19 11:00:00",17.846717834
"2023-04-19 12:00:00",27.654779434
"2023-04-19 13:00:00",27.900392532
"2023-04-19 14:00:00",29.472501755
"2023-04-19 15:00:00",32.237346649
"2023-04-19 16:00:00",21.671798706
"2023-04-19 17:00:00",14.282835960
"2023-04-19 18:00:00",8.881789207
"2023-04-19 19:00:00",2.110679150
"2023-04-19 20:00:00",0.453866959
"2023-04-19 21:00:00",-0.006323611
"2023-04-19 22:00:00",-0.006398056
"2023-04-19 23:00:00",-0.006345833
"2023-04-20 00:00:00",-0.006537500
"2023-04-20 01:00:00",-0.006456111
"2023-04-20 02:00:00",-0.006388056
"2023-04-20 03:00:00",-0.006407500
"2023-04-20 04:00:00",-0.006375000
"2023-04-20 05:00:00",-0.006448333
"2023-04-20 06:00:00",-0.006502778
"2023-04-20 07:00:00",-0.008694722
"2023-04-20 08:00:00",1.283614755
"2023-04-20 09:00:00",1.672753096
"2023-04-20 10:00:00",3.855987787
"2023-04-20 11:00:00",4.499231339
"2023-04-20 12:00:00",9.039277077
"2023-04-20 13:00:00",9.739469528
"2023-04-20 14:00:00",13.529273987
"2023-04-20 15:00:00",15.432584763
"2023-04-20 16:00:00",13.025540352
"2023-04-20 17:00:00",12.668864250
"2023-04-20 18:00:00",6.956130028
"2023-04-20 19:00:00",7.578616619
"2023-04-20 20:00:00",2.360701323
"2023-04-20 21:00:00",-0.008231667
"2023-04-20 22:00:00",-0.006338333
"2023-04-20 23:00:00",-0.006420556
"2023-04-21 00:00:00",-0.006388056
"2023-04-21 01:00:00",-0.006418333
"2023-04-21 02:00:00",-0.006345278
"2023-04-21 03:00:00",-0.006342778
"2023-04-21 04:00:00",-0.006336667
"2023-04-21 05:00:00",-0.006458056
"2023-04-21 06:00:00",-0.006393056
"2023-04-21 07:00:00",0.372011393
"2023-04-21 08:00:00",3.245632887
"2023-04-21 09:00:00",12.848097801
"2023-04-21 10:00:00",14.938946724
"2023-04-21 11:00:00",22.982549667
"2023-04-21 12:00:00",22.465812683
"2023-04-21 13:00:00",28.590888977
"2023-04-21 14:00:00",39.335586548
"2023-04-21 15:00:00",34.584407806
"2023-04-21 16:00:00",31.344680786
"2023-04-21 17:00:00",17.401601791
"2023-04-21 18:00:00",18.124439240
"2023-04-21 19:00:00",7.318348408
"2023-04-21 20:00:00",2.730772257
"2023-04-21 21:00:00",-0.009124167
"2023-04-21 22:00:00",-0.006416944
"2023-04-21 23:00:00",-0.006421944
"2023-04-22 00:00:00",-0.006417778
"2023-04-22 01:00:00",-0.006333889
"2023-04-22 02:00:00",-0.006428611
"2023-04-22 03:00:00",-0.006326944
"2023-04-22 04:00:00",-0.006432500
"2023-04-22 05:00:00",-0.006302222
"2023-04-22 06:00:00",-0.006462778
"2023-04-22 07:00:00",0.019478057
"2023-04-22 08:00:00",0.982417226
"2023-04-22 09:00:00",3.456179380
"2023-04-22 10:00:00",9.017498016
"2023-04-22 11:00:00",15.673707962
"2023-04-22 12:00:00",19.208557129
"2023-04-22 13:00:00",20.905004501
"2023-04-22 14:00:00",17.996728897
"2023-04-22 15:00:00",23.232280731
"2023-04-22 16:00:00",16.327192307
"2023-04-22 17:00:00",7.966128826
"2023-04-22 18:00:00",6.910167694
"2023-04-22 19:00:00",2.742936134
"2023-04-22 20:00:00",0.424088329
"2023-04-22 21:00:00",-0.010370833
"2023-04-22 22:00:00",-0.006322222
"2023-04-22 23:00:00",-0.006270000
"2023-04-23 00:00:00",-0.006422778
"2023-04-23 01:00:00",-0.006268056
"2023-04-23 02:00:00",-0.006345278
"2023-04-23 03:00:00",-0.006314167
"2023-04-23 04:00:00",-0.006395000
"2023-04-23 05:00:00",-0.006361944
"2023-04-23 06:00:00",-0.006388611
"2023-04-23 07:00:00",1.268544436
"2023-04-23 08:00:00",8.430138588
"2023-04-23 09:00:00",22.106109619
"2023-04-23 10:00:00",41.315959930
"2023-04-23 11:00:00",56.048652649
"2023-04-23 12:00:00",36.695835114
"2023-04-23 13:00:00",36.847023010
"2023-04-23 14:00:00",69.069313049
"2023-04-23 15:00:00",55.096649170
"2023-04-23 16:00:00",40.114509583
"2023-04-23 17:00:00",19.641567230
"2023-04-23 18:00:00",14.960904121
"2023-04-23 19:00:00",12.458322525
"2023-04-23 20:00:00",2.303242207
"2023-04-23 21:00:00",-0.008074722
"2023-04-23 22:00:00",-0.006443889
"2023-04-23 23:00:00",-0.006374444
"2023-04-24 00:00:00",-0.006413889
"2023-04-24 01:00:00",-0.006126944
"2023-04-24 02:00:00",-0.006271944
"2023-04-24 03:00:00",-0.006411667
"2023-04-24 04:00:00",-0.006365000
"2023-04-24 05:00:00",-0.006334444
"2023-04-24 06:00:00",-0.006180833
"2023-04-24 07:00:00",0.846925020
"2023-04-24 08:00:00",8.510130882
"2023-04-24 09:00:00",22.782289505
"2023-04-24 10:00:00",43.856983185
"2023-04-24 11:00:00",35.229919434
"2023-04-24 12:00:00",28.601531982
"2023-04-24 13:00:00",38.515136719
"2023-04-24 14:00:00",39.291351318
"2023-04-24 15:00:00",54.598941803
"2023-04-24 16:00:00",42.673179626
"2023-04-24 17:00:00",38.741428375
"2023-04-24 18:00:00",14.160160065
"2023-04-24 19:00:00",8.394066811
"2023-04-24 20:00:00",1.677936435
"2023-04-24 21:00:00",-0.003342500
"2023-04-24 22:00:00",-0.006333333
"2023-04-24 23:00:00",-0.006374722
"2023-04-25 00:00:00",-0.006234167
"2023-04-25 01:00:00",-0.006383333
"2023-04-25 02:00:00",-0.006208056
"2023-04-25 03:00:00",-0.006443889
"2023-04-25 04:00:00",-0.006464167
"2023-04-25 05:00:00",-0.006539722
"2023-04-25 06:00:00",-0.006317778
"2023-04-25 07:00:00",0.581719995
"2023-04-25 08:00:00",8.443295479
"2023-04-25 09:00:00",27.919206619
"2023-04-25 10:00:00",47.105365753
"2023-04-25 11:00:00",64.198585510
"2023-04-25 12:00:00",74.284500122
"2023-04-25 13:00:00",79.366180420
"2023-04-25 14:00:00",80.075180054
"2023-04-25 15:00:00",71.858650208
"2023-04-25 16:00:00",51.977436066
"2023-04-25 17:00:00",44.737861633
"2023-04-25 18:00:00",32.035976410
"2023-04-25 19:00:00",15.087715149
"2023-04-25 20:00:00",1.819913864
"2023-04-25 21:00:00",-0.003283333
"2023-04-25 22:00:00",-0.006319444
"2023-04-25 23:00:00",-0.006399722
"2023-04-26 00:00:00",-0.006325556
"2023-04-26 01:00:00",-0.006398056
"2023-04-26 02:00:00",-0.006280278
"2023-04-26 03:00:00",-0.006322222
"2023-04-26 04:00:00",-0.006286667
"2023-04-26 05:00:00",-0.006456667
"2023-04-26 06:00:00",-0.006469167
"2023-04-26 07:00:00",0.713380575
"2023-04-26 08:00:00",8.603128433
"2023-04-26 09:00:00",27.794969559
"2023-04-26 10:00:00",48.138568878
"2023-04-26 11:00:00",62.273197174
"2023-04-26 12:00:00",71.876327515
"2023-04-26 13:00:00",76.990348816
"2023-04-26 14:00:00",76.958541870
"2023-04-26 15:00:00",72.905006409
"2023-04-26 16:00:00",39.322444916
"2023-04-26 17:00:00",27.913257599
"2023-04-26 18:00:00",13.558452606
"2023-04-26 19:00:00",2.981316090
"2023-04-26 20:00:00",1.176567793
"2023-04-26 21:00:00",-0.007897778
"2023-04-26 22:00:00",-0.006359722
"2023-04-26 23:00:00",-0.006391111
"2023-04-27 00:00:00",-0.006266667
"2023-04-27 01:00:00",-0.006291944
"2023-04-27 02:00:00",-0.006187500
"2023-04-27 03:00:00",-0.006271944
"2023-04-27 04:00:00",-0.006235278
"2023-04-27 05:00:00",-0.006311944
"2023-04-27 06:00:00",-0.006227222
"2023-04-27 07:00:00",1.554497004
"2023-04-27 08:00:00",10.015042305
"2023-04-27 09:00:00",19.599508286
"2023-04-27 10:00:00",26.293409348
"2023-04-27 11:00:00",28.579080582
"2023-04-27 12:00:00",40.434841156
"2023-04-27 13:00:00",24.944337845
"2023-04-27 14:00:00",19.824699402
"2023-04-27 15:00:00",19.382314682
"2023-04-27 16:00:00",17.305597305
"2023-04-27 17:00:00",28.195276260
"2023-04-27 18:00:00",10.240887642
"2023-04-27 19:00:00",9.506206512
"2023-04-27 20:00:00",3.217587233
"2023-04-27 21:00:00",-0.008899167
"2023-04-27 22:00:00",-0.006368056
"2023-04-27 23:00:00",-0.006404444
"2023-04-28 00:00:00",-0.006434444
"2023-04-28 01:00:00",-0.006185278
"2023-04-28 02:00:00",-0.006198056
"2023-04-28 03:00:00",-0.006425000
"2023-04-28 04:00:00",-0.006260556
"2023-04-28 05:00:00",-0.006402222
"2023-04-28 06:00:00",-0.006201389
"2023-04-28 07:00:00",0.442246675
"2023-04-28 08:00:00",5.768924236
"2023-04-28 09:00:00",12.518010139
"2023-04-28 10:00:00",10.266287804
"2023-04-28 11:00:00",11.408132553
"2023-04-28 12:00:00",11.461306572
"2023-04-28 13:00:00",10.698590279
"2023-04-28 14:00:00",11.399402618
"2023-04-28 15:00:00",15.822855949
"2023-04-28 16:00:00",16.978931427
"2023-04-28 17:00:00",14.933762550
"2023-04-28 18:00:00",8.877686501
"2023-04-28 19:00:00",11.690210342
"2023-04-28 20:00:00",5.290599823
"2023-04-28 21:00:00",0.032705002
"2023-04-28 22:00:00",-0.006350833
"2023-04-28 23:00:00",-0.006377500
"2023-04-29 00:00:00",-0.006306111
"2023-04-29 01:00:00",-0.006265556
"2023-04-29 02:00:00",-0.006155000
"2023-04-29 03:00:00",-0.006162500
"2023-04-29 04:00:00",-0.006225278
"2023-04-29 05:00:00",-0.006294167
"2023-04-29 06:00:00",-0.006421389
"2023-04-29 07:00:00",0.291305274
"2023-04-29 08:00:00",4.081256866
"2023-04-29 09:00:00",20.064683914
"2023-04-29 10:00:00",27.855953217
"2023-04-29 11:00:00",35.831516266
"2023-04-29 12:00:00",22.342327118
"2023-04-29 13:00:00",31.327667236
"2023-04-29 14:00:00",58.418113708
"2023-04-29 15:00:00",70.999794006
"2023-04-29 16:00:00",42.367263794
"2023-04-29 17:00:00",48.585952759
"2023-04-29 18:00:00",28.016326904
"2023-04-29 19:00:00",13.164287567
"2023-04-29 20:00:00",4.012805939
"2023-04-29 21:00:00",0.043226112
"2023-04-29 22:00:00",-0.006472222
"2023-04-29 23:00:00",-0.006465556
"2023-04-30 00:00:00",-0.006246944
"2023-04-30 01:00:00",-0.006326667
"2023-04-30 02:00:00",-0.006415278
"2023-04-30 03:00:00",-0.006404167
"2023-04-30 04:00:00",-0.006403333
"2023-04-30 05:00:00",-0.006475278
"2023-04-30 06:00:00",-0.006415000
"2023-04-30 07:00:00",0.974480569
"2023-04-30 08:00:00",5.404026508
"2023-04-30 09:00:00",8.246214867
"2023-04-30 10:00:00",24.187376022
"2023-04-30 11:00:00",30.916334152
"2023-04-30 12:00:00",58.887115479
"2023-04-30 13:00:00",63.588680267
"2023-04-30 14:00:00",50.567703247
"2023-04-30 15:00:00",35.833541870
"2023-04-30 16:00:00",31.375923157
"2023-04-30 17:00:00",31.101070404
"2023-04-30 18:00:00",16.202579498
"2023-04-30 19:00:00",5.099366665
"2023-04-30 20:00:00",0.888325274
"2023-04-30 21:00:00",-0.007699167
"2023-04-30 22:00:00",-0.006327222
"2023-04-30 23:00:00",-0.006358056
"2023-05-01 00:00:00",-0.006394167
"2023-05-01 01:00:00",-0.006316667
"2023-05-01 02:00:00",-0.006309722
"2023-05-01 03:00:00",-0.006234444
"2023-05-01 04:00:00",-0.006340833
"2023-05-01 05:00:00",-0.006239444
"2023-05-01 06:00:00",-0.006527500
"2023-05-01 07:00:00",1.322712541
"2023-05-01 08:00:00",15.355577469
"2023-05-01 09:00:00",45.480587006
"2023-05-01 10:00:00",72.303741455
"2023-05-01 11:00:00",92.477989197
"2023-05-01 12:00:00",104.031669617
"2023-05-01 13:00:00",108.948753357
"2023-05-01 14:00:00",109.328727722
"2023-05-01 15:00:00",105.587074280
"2023-05-01 16:00:00",96.373985291
"2023-05-01 17:00:00",76.640922546
"2023-05-01 18:00:00",54.171585083
"2023-05-01 19:00:00",13.579385757
"2023-05-01 20:00:00",2.678234100
"2023-05-01 21:00:00",0.004685000
"2023-05-01 22:00:00",-0.006424722
"2023-05-01 23:00:00",-0.006488333
"2023-05-02 00:00:00",-0.006420556
"2023-05-02 01:00:00",-0.006331667
"2023-05-02 02:00:00",-0.006279167
"2023-05-02 03:00:00",-0.006163611
"2023-05-02 04:00:00",-0.006243333
"2023-05-02 05:00:00",-0.006320556
"2023-05-02 06:00:00",-0.007545278
"2023-05-02 07:00:00",1.660221100
"2023-05-02 08:00:00",16.297693253
"2023-05-02 09:00:00",46.428310394
"2023-05-02 10:00:00",72.785377502
"2023-05-02 11:00:00",92.807083130
"2023-05-02 12:00:00",104.236663818
"2023-05-02 13:00:00",109.054771423
"2023-05-02 14:00:00",109.236343384
"2023-05-02 15:00:00",105.536109924
"2023-05-02 16:00:00",96.622016907
"2023-05-02 17:00:00",76.898139954
"2023-05-02 18:00:00",50.894428253
"2023-05-02 19:00:00",22.238653183
"2023-05-02 20:00:00",3.567254066
"2023-05-02 21:00:00",0.068437219
"2023-05-02 22:00:00",-0.006340556
"2023-05-02 23:00:00",-0.006351111
"2023-05-03 00:00:00",-0.006462500
"2023-05-03 01:00:00",-0.006418333
"2023-05-03 02:00:00",-0.006321389
"2023-05-03 03:00:00",-0.006344722
"2023-05-03 04:00:00",-0.006269444
"2023-05-03 05:00:00",-0.006386944
"2023-05-03 06:00:00",-0.008346111
"2023-05-03 07:00:00",2.173779488
"2023-05-03 08:00:00",16.318346024
"2023-05-03 09:00:00",44.414676666
"2023-05-03 10:00:00",65.424148560
"2023-05-03 11:00:00",85.099189758
"2023-05-03 12:00:00",98.353240967
"2023-05-03 13:00:00",102.677055359
"2023-05-03 14:00:00",103.419288635
"2023-05-03 15:00:00",99.897163391
"2023-05-03 16:00:00",88.898399353
"2023-05-03 17:00:00",51.430622101
"2023-05-03 18:00:00",30.626497269
"2023-05-03 19:00:00",21.165044785
"2023-05-03 20:00:00",3.720314741
"2023-05-03 21:00:00",0.092331670
"2023-05-03 22:00:00",-0.006636111
"2023-05-03 23:00:00",-0.006494444
"2023-05-04 00:00:00",-0.006271389
"2023-05-04 01:00:00",-0.006405833
"2023-05-04 02:00:00",-0.006431111
"2023-05-04 03:00:00",-0.006339722
"2023-05-04 04:00:00",-0.006351667
"2023-05-04 05:00:00",-0.006308333
"2023-05-04 06:00:00",-0.008070833
"2023-05-04 07:00:00",1.765759945
"2023-05-04 08:00:00",15.783788681
"2023-05-04 09:00:00",42.848556519
"2023-05-04 10:00:00",66.666336060
"2023-05-04 11:00:00",84.295799255
"2023-05-04 12:00:00",97.515350342
"2023-05-04 13:00:00",101.395393372
"2023-05-04 14:00:00",102.440177917
"2023-05-04 15:00:00",98.284782410
"2023-05-04 16:00:00",80.658554077
"2023-05-04 17:00:00",64.461402893
"2023-05-04 18:00:00",41.103168488
"2023-05-04 19:00:00",14.352659225
"2023-05-04 20:00:00",5.405330181
"2023-05-04 21:00:00",0.214953884
"2023-05-04 22:00:00",-0.006676111
"2023-05-04 23:00:00",-0.006551389
"2023-05-05 00:00:00",-0.006481667
"2023-05-05 01:00:00",-0.006536667
"2023-05-05 02:00:00",-0.006388056
"2023-05-05 03:00:00",-0.006382222
"2023-05-05 04:00:00",-0.006340278
"2023-05-05 05:00:00",-0.006395556
"2023-05-05 06:00:00",-0.008507500
"2023-05-05 07:00:00",2.239298105
"2023-05-05 08:00:00",13.220215797
"2023-05-05 09:00:00",22.084875107
"2023-05-05 10:00:00",33.129405975
"2023-05-05 11:00:00",26.485961914
"2023-05-05 12:00:00",70.907768250
"2023-05-05 13:00:00",84.112159729
"2023-05-05 14:00:00",62.182392120
"2023-05-05 15:00:00",81.804641724
"2023-05-05 16:00:00",46.111301422
"2023-05-05 17:00:00",20.866746902
"2023-05-05 18:00:00",35.262531281
"2023-05-05 19:00:00",20.854440689
"2023-05-05 20:00:00",1.497398615
"2023-05-05 21:00:00",-0.004886389
"2023-05-05 22:00:00",-0.006295833
"2023-05-05 23:00:00",-0.006706111
"2023-05-06 00:00:00",-0.006515000
"2023-05-06 01:00:00",-0.006460556
"2023-05-06 02:00:00",-0.006396389
"2023-05-06 03:00:00",-0.006387500
"2023-05-06 04:00:00",-0.006309722
"2023-05-06 05:00:00",-0.006381944
"2023-05-06 06:00:00",-0.006456944
"2023-05-06 07:00:00",0.866918325
"2023-05-06 08:00:00",2.746116877
"2023-05-06 09:00:00",5.328783989
"2023-05-06 10:00:00",10.141207695
"2023-05-06 11:00:00",10.430060387
"2023-05-06 12:00:00",26.517831802
"2023-05-06 13:00:00",32.435390472
"2023-05-06 14:00:00",13.919632912
"2023-05-06 15:00:00",15.416944504
"2023-05-06 16:00:00",8.195893288
"2023-05-06 17:00:00",6.394985676
"2023-05-06 18:00:00",11.449708939
"2023-05-06 19:00:00",5.475944519
"2023-05-06 20:00:00",1.386341333
"2023-05-06 21:00:00",-0.012353333
"2023-05-06 22:00:00",-0.006193611
"2023-05-06 23:00:00",-0.006349444
"2023-05-07 00:00:00",-0.006181389
"2023-05-07 01:00:00",-0.006219167
"2023-05-07 02:00:00",-0.006089722
"2023-05-07 03:00:00",-0.006108333
"2023-05-07 04:00:00",-0.006111667
"2023-05-07 05:00:00",-0.006136944
"2023-05-07 06:00:00",-0.010521111
"2023-05-07 07:00:00",2.688184500
"2023-05-07 08:00:00",18.323869705
"2023-05-07 09:00:00",38.151054382
"2023-05-07 10:00:00",43.513668060
"2023-05-07 11:00:00",61.450672150
"2023-05-07 12:00:00",88.837287903
"2023-05-07 13:00:00",88.219581604
"2023-05-07 14:00:00",74.032058716
"2023-05-07 15:00:00",77.596885681
"2023-05-07 16:00:00",89.507301331
"2023-05-07 17:00:00",62.091373444
"2023-05-07 18:00:00",46.478389740
"2023-05-07 19:00:00",21.100484848
"2023-05-07 20:00:00",6.571309566
"2023-05-07 21:00:00",0.154657498
"2023-05-07 22:00:00",-0.006531667
"2023-05-07 23:00:00",-0.006570833
"2023-05-08 00:00:00",-0.006481944
"2023-05-08 01:00:00",-0.006495833
"2023-05-08 02:00:00",-0.006471111
"2023-05-08 03:00:00",-0.006376111
"2023-05-08 04:00:00",-0.006270278
"2023-05-08 05:00:00",-0.006380000
"2023-05-08 06:00:00",-0.008946944
"2023-05-08 07:00:00",3.900692701
"2023-05-08 08:00:00",11.088027954
"2023-05-08 09:00:00",24.795942307
"2023-05-08 10:00:00",56.982463837
"2023-05-08 11:00:00",62.314605713
"2023-05-08 12:00:00",81.412521362
"2023-05-08 13:00:00",70.619789124
"2023-05-08 14:00:00",99.724960327
"2023-05-08 15:00:00",93.179916382
"2023-05-08 16:00:00",76.132797241
"2023-05-08 17:00:00",69.388198853
"2023-05-08 18:00:00",46.214263916
"2023-05-08 19:00:00",19.731292725
"2023-05-08 20:00:00",3.313969612
"2023-05-08 21:00:00",0.546026945
"2023-05-08 22:00:00",-0.006405556
"2023-05-08 23:00:00",-0.006382500
"2023-05-09 00:00:00",-0.006265000
"2023-05-09 01:00:00",-0.006356389
"2023-05-09 02:00:00",-0.006222500
"2023-05-09 03:00:00",-0.006334444
"2023-05-09 04:00:00",-0.006295278
"2023-05-09 05:00:00",-0.006298611
"2023-05-09 06:00:00",-0.011149167
"2023-05-09 07:00:00",0.938380003
"2023-05-09 08:00:00",5.517919064
"2023-05-09 09:00:00",12.046152115
"2023-05-09 10:00:00",20.337121964
"2023-05-09 11:00:00",30.430479050
"2023-05-09 12:00:00",42.581306458
"2023-05-09 13:00:00",52.109718323
"2023-05-09 14:00:00",41.081417084
"2023-05-09 15:00:00",28.902729034
"2023-05-09 16:00:00",17.756931305
"2023-05-09 17:00:00",8.537961006
"2023-05-09 18:00:00",5.233475685
"2023-05-09 19:00:00",4.702252388
"2023-05-09 20:00:00",1.389508009
"2023-05-09 21:00:00",-0.012648056
"2023-05-09 22:00:00",-0.006405000
"2023-05-09 23:00:00",-0.006402778
"2023-05-10 00:00:00",-0.006388611
"2023-05-10 01:00:00",-0.006400833
"2023-05-10 02:00:00",-0.006350833
"2023-05-10 03:00:00",-0.006173056
"2023-05-10 04:00:00",-0.006245000
"2023-05-10 05:00:00",-0.006314444
"2023-05-10 06:00:00",-0.012530278
"2023-05-10 07:00:00",2.970243931
"2023-05-10 08:00:00",15.541237831
"2023-05-10 09:00:00",38.930763245
"2023-05-10 10:00:00",61.293338776
"2023-05-10 11:00:00",80.408096313
"2023-05-10 12:00:00",84.027008057
"2023-05-10 13:00:00",93.909805298
"2023-05-10 14:00:00",67.987144470
"2023-05-10 15:00:00",57.782005310
"2023-05-10 16:00:00",52.408889771
"2023-05-10 17:00:00",60.141281128
"2023-05-10 18:00:00",36.072483063
"2023-05-10 19:00:00",15.239394188
"2023-05-10 20:00:00",5.988958836
"2023-05-10 21:00:00",0.132626116
"2023-05-10 22:00:00",-0.006526111
"2023-05-10 23:00:00",-0.006451667
"2023-05-11 00:00:00",-0.006516111
"2023-05-11 01:00:00",-0.006477778
"2023-05-11 02:00:00",-0.006390833
"2023-05-11 03:00:00",-0.006367778
"2023-05-11 04:00:00",-0.006303889
"2023-05-11 05:00:00",-0.006413611
"2023-05-11 06:00:00",-0.006509167
"2023-05-11 07:00:00",0.640427470
"2023-05-11 08:00:00",11.049717903
"2023-05-11 09:00:00",15.446595192
"2023-05-11 10:00:00",43.662311554
"2023-05-11 11:00:00",56.699356079
"2023-05-11 12:00:00",82.805946350
"2023-05-11 13:00:00",90.344673157
"2023-05-11 14:00:00",63.671554565
"2023-05-11 15:00:00",59.874336243
"2023-05-11 16:00:00",53.243942261
"2023-05-11 17:00:00",39.972927094
"2023-05-11 18:00:00",23.708597183
"2023-05-11 19:00:00",13.292300224
"2023-05-11 20:00:00",5.735095978
"2023-05-11 21:00:00",0.329083622
"2023-05-11 22:00:00",-0.006406667
"2023-05-11 23:00:00",-0.006396111
"2023-05-12 00:00:00",-0.006542778
"2023-05-12 01:00:00",-0.006401944
"2023-05-12 02:00:00",-0.006229444
"2023-05-12 03:00:00",-0.006319167
"2023-05-12 04:00:00",-0.006140833
"2023-05-12 05:00:00",-0.006276667
"2023-05-12 06:00:00",-0.009636944
"2023-05-12 07:00:00",1.858539701
"2023-05-12 08:00:00",9.007468224
"2023-05-12 09:00:00",13.661430359
"2023-05-12 10:00:00",28.797714233
"2023-05-12 11:00:00",40.037071228
"2023-05-12 12:00:00",53.968212128
"2023-05-12 13:00:00",38.050163269
"2023-05-12 14:00:00",28.539709091
"2023-05-12 15:00:00",22.159543991
"2023-05-12 16:00:00",27.359851837
"2023-05-12 17:00:00",20.571235657
"2023-05-12 18:00:00",15.246662140
"2023-05-12 19:00:00",9.893253326
"2023-05-12 20:00:00",4.257412910
"2023-05-12 21:00:00",-0.002668889
"2023-05-12 22:00:00",-0.006500833
"2023-05-12 23:00:00",-0.006362778
"2023-05-13 00:00:00",-0.006379167
"2023-05-13 01:00:00",-0.006428056
"2023-05-13 02:00:00",-0.006318611
"2023-05-13 03:00:00",-0.006326389
"2023-05-13 04:00:00",-0.006345278
"2023-05-13 05:00:00",-0.006395833
"2023-05-13 06:00:00",-0.006268333
"2023-05-13 07:00:00",0.216573894
"2023-05-13 08:00:00",2.078999519
"2023-05-13 09:00:00",3.935707331
"2023-05-13 10:00:00",10.866484642
"2023-05-13 11:00:00",9.733526230
"2023-05-13 12:00:00",15.868876457
"2023-05-13 13:00:00",12.608638763
"2023-05-13 14:00:00",19.701818466
"2023-05-13 15:00:00",20.247568130
"2023-05-13 16:00:00",27.803422928
"2023-05-13 17:00:00",15.599417686
"2023-05-13 18:00:00",10.585197449
"2023-05-13 19:00:00",4.967838287
"2023-05-13 20:00:00",0.895761967
"2023-05-13 21:00:00",-0.009549722
"2023-05-13 22:00:00",-0.006692500
"2023-05-13 23:00:00",-0.006673889
"2023-05-14 00:00:00",-0.006634444
"2023-05-14 01:00:00",-0.006772778
"2023-05-14 02:00:00",-0.006708056
"2023-05-14 03:00:00",-0.006749444
"2023-05-14 04:00:00",-0.006903611
"2023-05-14 05:00:00",-0.006799722
"2023-05-14 06:00:00",-0.006761111
"2023-05-14 07:00:00",-0.026198611
"2023-05-14 08:00:00",2.419549465
"2023-05-14 09:00:00",4.584591389
"2023-05-14 10:00:00",10.256875992
"2023-05-14 11:00:00",25.714733124
"2023-05-14 12:00:00",44.074604034
"2023-05-14 13:00:00",36.030712128
"2023-05-14 14:00:00",59.994667053
"2023-05-14 15:00:00",62.547401428
"2023-05-14 16:00:00",59.253223419
"2023-05-14 17:00:00",61.825912476
"2023-05-14 18:00:00",46.428936005
"2023-05-14 19:00:00",25.759153366
"2023-05-14 20:00:00",5.598610401
"2023-05-14 21:00:00",0.431638062
"2023-05-14 22:00:00",-0.006614444
"2023-05-14 23:00:00",-0.006805278
"2023-05-15 00:00:00",-0.006734444
"2023-05-15 01:00:00",-0.006660556
"2023-05-15 02:00:00",-0.006652500
"2023-05-15 03:00:00",-0.006638056
"2023-05-15 04:00:00",-0.006719722
"2023-05-15 05:00:00",-0.006767500
"2023-05-15 06:00:00",-0.014895833
"2023-05-15 07:00:00",3.270349979
"2023-05-15 08:00:00",20.676736832
"2023-05-15 09:00:00",47.808536530
"2023-05-15 10:00:00",70.955513000
"2023-05-15 11:00:00",84.368316650
"2023-05-15 12:00:00",95.133415222
"2023-05-15 13:00:00",102.893981934
"2023-05-15 14:00:00",100.256065369
"2023-05-15 15:00:00",97.136985779
"2023-05-15 16:00:00",88.667312622
"2023-05-15 17:00:00",66.446891785
"2023-05-15 18:00:00",47.957912445
"2023-05-15 19:00:00",23.690612793
"2023-05-15 20:00:00",6.585599899
"2023-05-15 21:00:00",0.686947227
"2023-05-15 22:00:00",-0.006656667
"2023-05-15 23:00:00",-0.006684444
"2023-05-16 00:00:00",-0.006662222
"2023-05-16 01:00:00",-0.006671111
"2023-05-16 02:00:00",-0.006709167
"2023-05-16 03:00:00",-0.006639444
"2023-05-16 04:00:00",-0.006812500
"2023-05-16 05:00:00",-0.006851389
"2023-05-16 06:00:00",-0.007860000
"2023-05-16 07:00:00",3.699210882
"2023-05-16 08:00:00",16.053197861
"2023-05-16 09:00:00",37.380287170
"2023-05-16 10:00:00",55.365325928
"2023-05-16 11:00:00",60.462501526
"2023-05-16 12:00:00",48.585102081
"2023-05-16 13:00:00",74.119415283
"2023-05-16 14:00:00",76.567916870
"2023-05-16 15:00:00",73.214767456
"2023-05-16 16:00:00",71.842239380
"2023-05-16 17:00:00",60.000076294
"2023-05-16 18:00:00",40.623085022
"2023-05-16 19:00:00",18.383142471
"2023-05-16 20:00:00",6.153091431
"2023-05-16 21:00:00",0.468018055
"2023-05-16 22:00:00",-0.006663611
"2023-05-16 23:00:00",-0.006654444
"2023-05-17 00:00:00",-0.006686944
"2023-05-17 01:00:00",-0.006690278
"2023-05-17 02:00:00",-0.006642778
"2023-05-17 03:00:00",-0.006633333
"2023-05-17 04:00:00",-0.006626667
"2023-05-17 05:00:00",-0.006677500
"2023-05-17 06:00:00",-0.012963333
"2023-05-17 07:00:00",3.953860760
"2023-05-17 08:00:00",14.546230316
"2023-05-17 09:00:00",29.327850342
"2023-05-17 10:00:00",43.801895142
"2023-05-17 11:00:00",58.210563660
"2023-05-17 12:00:00",65.407218933
"2023-05-17 13:00:00",79.447479248
"2023-05-17 14:00:00",81.916877747
"2023-05-17 15:00:00",75.298454285
"2023-05-17 16:00:00",62.433181763
"2023-05-17 17:00:00",54.651039124
"2023-05-17 18:00:00",36.268745422
"2023-05-17 19:00:00",18.089485168
"2023-05-17 20:00:00",6.234533787
"2023-05-17 21:00:00",0.165251389
"2023-05-17 22:00:00",-0.006750000
"2023-05-17 23:00:00",-0.006570833
"2023-05-18 00:00:00",-0.006721111
"2023-05-18 01:00:00",-0.006660556
"2023-05-18 02:00:00",-0.006574444
"2023-05-18 03:00:00",-0.006643056
"2023-05-18 04:00:00",-0.006545556
"2023-05-18 05:00:00",-0.006689167
"2023-05-18 06:00:00",-0.013185556
"2023-05-18 07:00:00",4.588309288
"2023-05-18 08:00:00",15.739871025
"2023-05-18 09:00:00",22.977579117
"2023-05-18 10:00:00",26.716417313
"2023-05-18 11:00:00",28.032934189
"2023-05-18 12:00:00",19.020109177
"2023-05-18 13:00:00",13.449937820
"2023-05-18 14:00:00",5.910709858
"2023-05-18 15:00:00",16.648380280
"2023-05-18 16:00:00",39.092521667
"2023-05-18 17:00:00",37.305320740
"2023-05-18 18:00:00",30.475914001
"2023-05-18 19:00:00",18.299041748
"2023-05-18 20:00:00",7.266063213
"2023-05-18 21:00:00",0.463786125
"2023-05-18 22:00:00",-0.006626111
"2023-05-18 23:00:00",-0.006618889
"2023-05-19 00:00:00",-0.006698611
"2023-05-19 01:00:00",-0.006575556
"2023-05-19 02:00:00",-0.006626944
"2023-05-19 03:00:00",-0.006724444
"2023-05-19 04:00:00",-0.006745556
"2023-05-19 05:00:00",-0.006780278
"2023-05-19 06:00:00",-0.009463611
"2023-05-19 07:00:00",4.836929798
"2023-05-19 08:00:00",19.046253204
"2023-05-19 09:00:00",40.042449951
"2023-05-19 10:00:00",44.579631805
"2023-05-19 11:00:00",27.336545944
"2023-05-19 12:00:00",45.411079407
"2023-05-19 13:00:00",47.872714996
"2023-05-19 14:00:00",60.615425110
"2023-05-19 15:00:00",66.273094177
"2023-05-19 16:00:00",68.738265991
"2023-05-19 17:00:00",45.096374512
"2023-05-19 18:00:00",26.055284500
"2023-05-19 19:00:00",19.203659058
"2023-05-19 20:00:00",5.409334660
"2023-05-19 21:00:00",0.784682214
"2023-05-19 22:00:00",-0.006728333
"2023-05-19 23:00:00",-0.006718611
"2023-05-20 00:00:00",-0.006627778
"2023-05-20 01:00:00",-0.006728056
"2023-05-20 02:00:00",-0.006589722
"2023-05-20 03:00:00",-0.006699444
"2023-05-20 04:00:00",-0.006877778
"2023-05-20 05:00:00",-0.006873889
"2023-05-20 06:00:00",0.014984167
"2023-05-20 07:00:00",4.516165733
"2023-05-20 08:00:00",21.354030609
"2023-05-20 09:00:00",47.388710022
"2023-05-20 10:00:00",70.611495972
"2023-05-20 11:00:00",88.333190918
"2023-05-20 12:00:00",98.966033936
"2023-05-20 13:00:00",103.752113342
"2023-05-20 14:00:00",104.091201782
"2023-05-20 15:00:00",100.975570679
"2023-05-20 16:00:00",91.590904236
"2023-05-20 17:00:00",75.158668518
"2023-05-20 18:00:00",51.768531799
"2023-05-20 19:00:00",25.696653366
"2023-05-20 20:00:00",6.241422176
"2023-05-20 21:00:00",0.566198885
"2023-05-20 22:00:00",-0.006797500
"2023-05-20 23:00:00",-0.006881389
"2023-05-21 00:00:00",-0.006644444
"2023-05-21 01:00:00",-0.006627778
"2023-05-21 02:00:00",-0.006528889
"2023-05-21 03:00:00",-0.006658611
"2023-05-21 04:00:00",-0.006665833
"2023-05-21 05:00:00",-0.006618889
"2023-05-21 06:00:00",0.094386943
"2023-05-21 07:00:00",4.125647068
"2023-05-21 08:00:00",20.949483871
"2023-05-21 09:00:00",45.710338593
"2023-05-21 10:00:00",66.053352356
"2023-05-21 11:00:00",83.748397827
"2023-05-21 12:00:00",94.584877014
"2023-05-21 13:00:00",95.934150696
"2023-05-21 14:00:00",97.074874878
"2023-05-21 15:00:00",94.645507812
"2023-05-21 16:00:00",82.797607422
"2023-05-21 17:00:00",65.791305542
"2023-05-21 18:00:00",46.149257660
"2023-05-21 19:00:00",23.799066544
"2023-05-21 20:00:00",6.811837673
"2023-05-21 21:00:00",0.592298627
"2023-05-21 22:00:00",-0.006677500
"2023-05-21 23:00:00",-0.006839167
"2023-05-22 00:00:00",-0.006691389
"2023-05-22 01:00:00",-0.006726111
"2023-05-22 02:00:00",-0.006615556
"2023-05-22 03:00:00",-0.006649444
"2023-05-22 04:00:00",-0.006576944
"2023-05-22 05:00:00",-0.006770000
"2023-05-22 06:00:00",-0.009559722
"2023-05-22 07:00:00",3.893572569
"2023-05-22 08:00:00",14.323794365
"2023-05-22 09:00:00",32.943176270
"2023-05-22 10:00:00",54.601284027
"2023-05-22 11:00:00",71.606437683
"2023-05-22 12:00:00",83.649032593
"2023-05-22 13:00:00",91.511581421
"2023-05-22 14:00:00",92.378326416
"2023-05-22 15:00:00",88.510604858
"2023-05-22 16:00:00",78.754966736
"2023-05-22 17:00:00",64.557037354
"2023-05-22 18:00:00",41.123172760
"2023-05-22 19:00:00",21.077642441
"2023-05-22 20:00:00",7.096961498
"2023-05-22 21:00:00",0.767742515
"2023-05-22 22:00:00",-0.006747222
"2023-05-22 23:00:00",-0.006691944
"2023-05-23 00:00:00",-0.006758889
"2023-05-23 01:00:00",-0.006565556
"2023-05-23 02:00:00",-0.006700556
"2023-05-23 03:00:00",-0.006686944
"2023-05-23 04:00:00",-0.006646944
"2023-05-23 05:00:00",-0.006492778
"2023-05-23 06:00:00",0.051451109
"2023-05-23 07:00:00",5.533053398
"2023-05-23 08:00:00",19.399063110
"2023-05-23 09:00:00",39.808307648
"2023-05-23 10:00:00",61.148223877
"2023-05-23 11:00:00",78.320846558
"2023-05-23 12:00:00",89.754707336
"2023-05-23 13:00:00",95.480667114
"2023-05-23 14:00:00",97.062187195
"2023-05-23 15:00:00",92.756080627
"2023-05-23 16:00:00",81.496177673
"2023-05-23 17:00:00",64.726852417
"2023-05-23 18:00:00",44.378845215
"2023-05-23 19:00:00",22.744373322
"2023-05-23 20:00:00",6.995881081
"2023-05-23 21:00:00",0.629037797
"2023-05-23 22:00:00",-0.006551944
"2023-05-23 23:00:00",-0.006520000
"2023-05-24 00:00:00",-0.006625278
"2023-05-24 01:00:00",-0.006523333
"2023-05-24 02:00:00",-0.006620000
"2023-05-24 03:00:00",-0.006562778
"2023-05-24 04:00:00",-0.006718611
"2023-05-24 05:00:00",-0.006679167
"2023-05-24 06:00:00",0.088723607
"2023-05-24 07:00:00",5.485515594
"2023-05-24 08:00:00",19.614427567
"2023-05-24 09:00:00",36.682220459
"2023-05-24 10:00:00",51.984298706
"2023-05-24 11:00:00",56.963321686
"2023-05-24 12:00:00",86.252082825
"2023-05-24 13:00:00",89.769004822
"2023-05-24 14:00:00",74.154495239
"2023-05-24 15:00:00",73.652824402
"2023-05-24 16:00:00",69.785362244
"2023-05-24 17:00:00",59.909248352
"2023-05-24 18:00:00",44.034469604
"2023-05-24 19:00:00",20.959011078
"2023-05-24 20:00:00",7.967428684
"2023-05-24 21:00:00",0.775591373
"2023-05-24 22:00:00",-0.006674444
"2023-05-24 23:00:00",-0.006668611
"2023-05-25 00:00:00",-0.006804167
"2023-05-25 01:00:00",-0.006590833
"2023-05-25 02:00:00",-0.006728333
"2023-05-25 03:00:00",-0.006534722
"2023-05-25 04:00:00",-0.006623056
"2023-05-25 05:00:00",-0.006544722
"2023-05-25 06:00:00",-0.015646944
"2023-05-25 07:00:00",2.700582504
"2023-05-25 08:00:00",10.222284317
"2023-05-25 09:00:00",25.638854980
"2023-05-25 10:00:00",60.764045715
"2023-05-25 11:00:00",80.786621094
"2023-05-25 12:00:00",93.781913757
"2023-05-25 13:00:00",100.099845886
"2023-05-25 14:00:00",100.304504395
"2023-05-25 15:00:00",96.424346924
"2023-05-25 16:00:00",86.833351135
"2023-05-25 17:00:00",71.363418579
"2023-05-25 18:00:00",48.861278534
"2023-05-25 19:00:00",25.387620926
"2023-05-25 20:00:00",6.781118870
"2023-05-25 21:00:00",0.728264451
"2023-05-25 22:00:00",-0.007398333
"2023-05-25 23:00:00",-0.006621944
"2023-05-26 00:00:00",-0.006543889
"2023-05-26 01:00:00",-0.006721111
"2023-05-26 02:00:00",-0.006671667
"2023-05-26 03:00:00",-0.006715000
"2023-05-26 04:00:00",-0.006731944
"2023-05-26 05:00:00",-0.006535278
"2023-05-26 06:00:00",0.108607776
"2023-05-26 07:00:00",4.631050587
"2023-05-26 08:00:00",21.909488678
"2023-05-26 09:00:00",47.696334839
"2023-05-26 10:00:00",69.686363220
"2023-05-26 11:00:00",86.578392029
"2023-05-26 12:00:00",97.653839111
"2023-05-26 13:00:00",101.865280151
"2023-05-26 14:00:00",102.408195496
"2023-05-26 15:00:00",99.015182495
"2023-05-26 16:00:00",89.368835449
"2023-05-26 17:00:00",73.236999512
"2023-05-26 18:00:00",50.322734833
"2023-05-26 19:00:00",26.487895966
"2023-05-26 20:00:00",7.246430874
"2023-05-26 21:00:00",0.886307478
"2023-05-26 22:00:00",-0.007257500
"2023-05-26 23:00:00",-0.006711944
"2023-05-27 00:00:00",-0.006647778
"2023-05-27 01:00:00",-0.006587222
"2023-05-27 02:00:00",-0.006688333
"2023-05-27 03:00:00",-0.006558056
"2023-05-27 04:00:00",-0.006698611
"2023-05-27 05:00:00",-0.006617500
"2023-05-27 06:00:00",0.177644715
"2023-05-27 07:00:00",4.788604259
"2023-05-27 08:00:00",22.368980408
"2023-05-27 09:00:00",48.418983459
"2023-05-27 10:00:00",70.758285522
"2023-05-27 11:00:00",87.537460327
"2023-05-27 12:00:00",98.385749817
"2023-05-27 13:00:00",102.513954163
"2023-05-27 14:00:00",102.747741699
"2023-05-27 15:00:00",99.267929077
"2023-05-27 16:00:00",89.243499756
"2023-05-27 17:00:00",73.178688049
"2023-05-27 18:00:00",50.318954468
"2023-05-27 19:00:00",26.442871094
"2023-05-27 20:00:00",7.045977592
"2023-05-27 21:00:00",0.799661100
"2023-05-27 22:00:00",-0.007792500
"2023-05-27 23:00:00",-0.006693333
"2023-05-28 00:00:00",-0.006561667
"2023-05-28 01:00:00",-0.006802222
"2023-05-28 02:00:00",-0.006510278
"2023-05-28 03:00:00",-0.006673889
"2023-05-28 04:00:00",-0.006742778
"2023-05-28 05:00:00",-0.006730833
"2023-05-28 06:00:00",0.116241664
"2023-05-28 07:00:00",4.542810440
"2023-05-28 08:00:00",18.031991959
"2023-05-28 09:00:00",29.575923920
"2023-05-28 10:00:00",64.946037292
"2023-05-28 11:00:00",73.877403259
"2023-05-28 12:00:00",95.150581360
"2023-05-28 13:00:00",101.860992432
"2023-05-28 14:00:00",102.342895508
"2023-05-28 15:00:00",87.760887146
"2023-05-28 16:00:00",65.156188965
"2023-05-28 17:00:00",34.651523590
"2023-05-28 18:00:00",30.672836304
"2023-05-28 19:00:00",18.374504089
"2023-05-28 20:00:00",5.938307762
"2023-05-28 21:00:00",0.965826392
"2023-05-28 22:00:00",-0.007434167
"2023-05-28 23:00:00",-0.006589722
"2023-05-29 00:00:00",-0.006618611
"2023-05-29 01:00:00",-0.006630556
"2023-05-29 02:00:00",-0.006518056
"2023-05-29 03:00:00",-0.006508889
"2023-05-29 04:00:00",-0.006561111
"2023-05-29 05:00:00",-0.006603889
"2023-05-29 06:00:00",0.242682219
"2023-05-29 07:00:00",6.651603222
"2023-05-29 08:00:00",13.963291168
"2023-05-29 09:00:00",21.204916000
"2023-05-29 10:00:00",59.360252380
"2023-05-29 11:00:00",84.835174561
"2023-05-29 12:00:00",95.762489319
"2023-05-29 13:00:00",100.938438416
"2023-05-29 14:00:00",97.411361694
"2023-05-29 15:00:00",94.710151672
"2023-05-29 16:00:00",90.770095825
"2023-05-29 17:00:00",71.415534973
"2023-05-29 18:00:00",45.111267090
"2023-05-29 19:00:00",11.821240425
"2023-05-29 20:00:00",5.660878658
"2023-05-29 21:00:00",0.164676666
"2023-05-29 22:00:00",-0.007230833
"2023-05-29 23:00:00",-0.006756667
"2023-05-30 00:00:00",-0.006554722
"2023-05-30 01:00:00",-0.006776667
"2023-05-30 02:00:00",-0.006651111
"2023-05-30 03:00:00",-0.006450278
"2023-05-30 04:00:00",-0.006701389
"2023-05-30 05:00:00",-0.006668333
"2023-05-30 06:00:00",-0.006683333
"2023-05-30 07:00:00",0.358994991
"2023-05-30 08:00:00",6.329590321
"2023-05-30 09:00:00",40.919063568
"2023-05-30 10:00:00",61.184345245
"2023-05-30 11:00:00",81.147216797
"2023-05-30 12:00:00",91.731941223
"2023-05-30 13:00:00",86.655288696
"2023-05-30 14:00:00",87.828872681
"2023-05-30 15:00:00",60.759021759
"2023-05-30 16:00:00",79.567985535
"2023-05-30 17:00:00",57.806312561
"2023-05-30 18:00:00",39.653007507
"2023-05-30 19:00:00",15.391401291
"2023-05-30 20:00:00",3.125503302
"2023-05-30 21:00:00",1.091954708
"2023-05-30 22:00:00",-0.009276667
"2023-05-30 23:00:00",-0.006728056
"2023-05-31 00:00:00",-0.006600556
