"2023-05-30 01:00:00",142.000000000
"2023-05-30 02:00:00",108.000000000
"2023-05-30 03:00:00",60.000000000
"2023-05-30 04:00:00",31.000000000
"2023-05-30 05:00:00",46.000000000
"2023-05-30 06:00:00",35.000000000
"2023-05-30 07:00:00",114.000000000
"2023-05-30 08:00:00",345.000000000
"2023-05-30 09:00:00",247.000000000
"2023-05-30 10:00:00",374.000000000
"2023-05-30 11:00:00",575.000000000
"2023-05-30 12:00:00",724.000000000
"2023-05-30 13:00:00",961.000000000
"2023-05-30 14:00:00",706.000000000
"2023-05-30 15:00:00",508.000000000
"2023-05-30 16:00:00",400.000000000
"2023-05-30 17:00:00",313.000000000
"2023-05-30 18:00:00",464.000000000
"2023-05-30 19:00:00",429.000000000
"2023-05-30 20:00:00",86.000000000
"2023-05-30 21:00:00",40.000000000
"2023-05-30 22:00:00",31.000000000
"2023-05-30 23:00:00",36.000000000
"2023-05-31 00:00:00",36.000000000
"2023-05-31 01:00:00",36.000000000
"2023-05-31 02:00:00",35.000000000
"2023-05-31 03:00:00",35.000000000
"2023-05-31 04:00:00",36.000000000
"2023-05-31 05:00:00",22.000000000
"2023-05-31 06:00:00",24.000000000
"2023-05-31 07:00:00",71.000000000
"2023-05-31 08:00:00",93.000000000
"2023-05-31 09:00:00",96.000000000
"2023-05-31 10:00:00",99.000000000
"2023-05-31 11:00:00",228.000000000
"2023-05-31 12:00:00",306.000000000
"2023-05-31 13:00:00",499.000000000
"2023-05-31 14:00:00",631.000000000
"2023-05-31 15:00:00",552.000000000
"2023-05-31 16:00:00",515.000000000
"2023-05-31 17:00:00",200.000000000
"2023-05-31 18:00:00",105.000000000
"2023-05-31 19:00:00",56.000000000
"2023-05-31 20:00:00",32.000000000
"2023-05-31 21:00:00",47.000000000
"2023-05-31 22:00:00",50.000000000
"2023-05-31 23:00:00",35.000000000
"2023-06-01 00:00:00",34.000000000
"2023-06-01 01:00:00",35.000000000
"2023-06-01 02:00:00",44.000000000
"2023-06-01 03:00:00",30.000000000
"2023-06-01 04:00:00",34.000000000
"2023-06-01 05:00:00",38.000000000
"2023-06-01 06:00:00",34.000000000
"2023-06-01 07:00:00",34.000000000
"2023-06-01 08:00:00",34.000000000
"2023-06-01 09:00:00",35.000000000
"2023-06-01 10:00:00",66.000000000
"2023-06-01 11:00:00",92.000000000
"2023-06-01 12:00:00",268.000000000
"2023-06-01 13:00:00",281.000000000
"2023-06-01 14:00:00",209.000000000
"2023-06-01 15:00:00",184.000000000
"2023-06-01 16:00:00",828.000000000
"2023-06-01 17:00:00",36.000000000
"2023-06-01 18:00:00",89.000000000
"2023-06-01 19:00:00",275.000000000
"2023-06-01 20:00:00",363.000000000
"2023-06-01 21:00:00",315.000000000
"2023-06-01 22:00:00",212.000000000
"2023-06-01 23:00:00",41.000000000
"2023-06-02 00:00:00",36.000000000
"2023-06-02 01:00:00",73.000000000
"2023-06-02 02:00:00",143.000000000
"2023-06-02 03:00:00",46.000000000
"2023-06-02 04:00:00",75.000000000
"2023-06-02 05:00:00",31.000000000
"2023-06-02 06:00:00",30.000000000
"2023-06-02 07:00:00",33.000000000
"2023-06-02 08:00:00",34.000000000
"2023-06-02 09:00:00",35.000000000
"2023-06-02 10:00:00",38.000000000
"2023-06-02 11:00:00",55.000000000
"2023-06-02 12:00:00",51.000000000
"2023-06-02 13:00:00",32.000000000
"2023-06-02 14:00:00",33.000000000
"2023-06-02 15:00:00",113.000000000
"2023-06-02 16:00:00",47.000000000
"2023-06-02 17:00:00",47.000000000
"2023-06-02 18:00:00",147.000000000
"2023-06-02 19:00:00",196.000000000
"2023-06-02 20:00:00",473.000000000
"2023-06-02 21:00:00",178.000000000
"2023-06-02 22:00:00",53.000000000
"2023-06-02 23:00:00",34.000000000
"2023-06-03 00:00:00",34.000000000
"2023-06-03 01:00:00",33.000000000
"2023-06-03 02:00:00",34.000000000
"2023-06-03 03:00:00",33.000000000
"2023-06-03 04:00:00",34.000000000
"2023-06-03 05:00:00",33.000000000
"2023-06-03 06:00:00",34.000000000
"2023-06-03 07:00:00",33.000000000
"2023-06-03 08:00:00",32.000000000
"2023-06-03 09:00:00",48.000000000
"2023-06-03 10:00:00",44.000000000
"2023-06-03 11:00:00",33.000000000
"2023-06-03 12:00:00",46.000000000
"2023-06-03 13:00:00",54.000000000
"2023-06-03 14:00:00",36.000000000
"2023-06-03 15:00:00",31.000000000
"2023-06-03 16:00:00",105.000000000
"2023-06-03 17:00:00",87.000000000
"2023-06-03 18:00:00",59.000000000
"2023-06-03 19:00:00",49.000000000
"2023-06-03 20:00:00",31.000000000
"2023-06-03 21:00:00",32.000000000
"2023-06-03 22:00:00",31.000000000
"2023-06-03 23:00:00",31.000000000
"2023-06-04 00:00:00",32.000000000
"2023-06-04 01:00:00",49.000000000
"2023-06-04 02:00:00",76.000000000
"2023-06-04 03:00:00",69.000000000
"2023-06-04 04:00:00",32.000000000
"2023-06-04 05:00:00",30.000000000
"2023-06-04 06:00:00",31.000000000
"2023-06-04 07:00:00",30.000000000
"2023-06-04 08:00:00",31.000000000
"2023-06-04 09:00:00",42.000000000
"2023-06-04 10:00:00",60.000000000
"2023-06-04 11:00:00",39.000000000
"2023-06-04 12:00:00",30.000000000
"2023-06-04 13:00:00",31.000000000
"2023-06-04 14:00:00",70.000000000
"2023-06-04 15:00:00",35.000000000
"2023-06-04 16:00:00",43.000000000
"2023-06-04 17:00:00",38.000000000
"2023-06-04 18:00:00",40.000000000
"2023-06-04 19:00:00",29.000000000
"2023-06-04 20:00:00",32.000000000
"2023-06-04 21:00:00",31.000000000
"2023-06-04 22:00:00",32.000000000
"2023-06-04 23:00:00",32.000000000
"2023-06-05 00:00:00",33.000000000
"2023-06-05 01:00:00",33.000000000
"2023-06-05 02:00:00",33.000000000
"2023-06-05 03:00:00",32.000000000
"2023-06-05 04:00:00",32.000000000
"2023-06-05 05:00:00",31.000000000
"2023-06-05 06:00:00",31.000000000
"2023-06-05 07:00:00",31.000000000
"2023-06-05 08:00:00",31.000000000
"2023-06-05 09:00:00",30.000000000
"2023-06-05 10:00:00",30.000000000
"2023-06-05 11:00:00",41.000000000
"2023-06-05 12:00:00",94.000000000
"2023-06-05 13:00:00",177.000000000
"2023-06-05 14:00:00",134.000000000
"2023-06-05 15:00:00",62.000000000
"2023-06-05 16:00:00",40.000000000
"2023-06-05 17:00:00",47.000000000
"2023-06-05 18:00:00",28.000000000
"2023-06-05 19:00:00",30.000000000
"2023-06-05 20:00:00",29.000000000
"2023-06-05 21:00:00",30.000000000
"2023-06-05 22:00:00",31.000000000
"2023-06-05 23:00:00",31.000000000
"2023-06-06 00:00:00",30.000000000
"2023-06-06 01:00:00",31.000000000
"2023-06-06 02:00:00",35.000000000
"2023-06-06 03:00:00",30.000000000
"2023-06-06 04:00:00",29.000000000
"2023-06-06 05:00:00",30.000000000
"2023-06-06 06:00:00",30.000000000
"2023-06-06 07:00:00",30.000000000
"2023-06-06 08:00:00",34.000000000
"2023-06-06 09:00:00",29.000000000
"2023-06-06 10:00:00",29.000000000
"2023-06-06 11:00:00",28.000000000
"2023-06-06 12:00:00",29.000000000
"2023-06-06 13:00:00",28.000000000
"2023-06-06 14:00:00",35.000000000
"2023-06-06 15:00:00",30.000000000
"2023-06-06 16:00:00",33.000000000
"2023-06-06 17:00:00",35.000000000
"2023-06-06 18:00:00",45.000000000
"2023-06-06 19:00:00",42.000000000
"2023-06-06 20:00:00",56.000000000
"2023-06-06 21:00:00",45.000000000
"2023-06-06 22:00:00",29.000000000
"2023-06-06 23:00:00",28.000000000
"2023-06-07 00:00:00",35.000000000
"2023-06-07 01:00:00",64.000000000
"2023-06-07 02:00:00",77.000000000
"2023-06-07 03:00:00",72.000000000
"2023-06-07 04:00:00",58.000000000
"2023-06-07 05:00:00",32.000000000
"2023-06-07 06:00:00",28.000000000
"2023-06-07 07:00:00",38.000000000
"2023-06-07 08:00:00",66.000000000
"2023-06-07 09:00:00",175.000000000
"2023-06-07 10:00:00",188.000000000
"2023-06-07 11:00:00",116.000000000
"2023-06-07 12:00:00",143.000000000
"2023-06-07 13:00:00",68.000000000
"2023-06-07 14:00:00",51.000000000
"2023-06-07 15:00:00",77.000000000
"2023-06-07 16:00:00",61.000000000
"2023-06-07 17:00:00",41.000000000
"2023-06-07 18:00:00",108.000000000
"2023-06-07 19:00:00",86.000000000
"2023-06-07 20:00:00",51.000000000
"2023-06-07 21:00:00",58.000000000
"2023-06-07 22:00:00",30.000000000
"2023-06-07 23:00:00",28.000000000
"2023-06-08 00:00:00",29.000000000
"2023-06-08 01:00:00",38.000000000
"2023-06-08 02:00:00",71.000000000
"2023-06-08 03:00:00",169.000000000
"2023-06-08 04:00:00",135.000000000
"2023-06-08 05:00:00",103.000000000
"2023-06-08 06:00:00",43.000000000
"2023-06-08 07:00:00",30.000000000
"2023-06-08 08:00:00",35.000000000
"2023-06-08 09:00:00",28.000000000
"2023-06-08 10:00:00",28.000000000
"2023-06-08 11:00:00",27.000000000
"2023-06-08 12:00:00",28.000000000
"2023-06-08 13:00:00",29.000000000
"2023-06-08 14:00:00",29.000000000
"2023-06-08 15:00:00",89.000000000
"2023-06-08 16:00:00",47.000000000
"2023-06-08 17:00:00",32.000000000
"2023-06-08 18:00:00",28.000000000
"2023-06-08 19:00:00",30.000000000
"2023-06-08 20:00:00",29.000000000
"2023-06-08 21:00:00",28.000000000
"2023-06-08 22:00:00",29.000000000
"2023-06-08 23:00:00",29.000000000
"2023-06-09 00:00:00",29.000000000
"2023-06-09 01:00:00",29.000000000
"2023-06-09 02:00:00",29.000000000
"2023-06-09 03:00:00",29.000000000
"2023-06-09 04:00:00",28.000000000
"2023-06-09 05:00:00",29.000000000
"2023-06-09 06:00:00",28.000000000
"2023-06-09 07:00:00",28.000000000
"2023-06-09 08:00:00",28.000000000
"2023-06-09 09:00:00",28.000000000
"2023-06-09 10:00:00",28.000000000
"2023-06-09 11:00:00",30.000000000
"2023-06-09 12:00:00",46.000000000
"2023-06-09 13:00:00",34.000000000
"2023-06-09 14:00:00",33.000000000
"2023-06-09 15:00:00",43.000000000
"2023-06-09 16:00:00",64.000000000
"2023-06-09 17:00:00",55.000000000
"2023-06-09 18:00:00",47.000000000
"2023-06-09 19:00:00",27.000000000
"2023-06-09 20:00:00",28.000000000
"2023-06-09 21:00:00",28.000000000
"2023-06-09 22:00:00",28.000000000
"2023-06-09 23:00:00",28.000000000
"2023-06-10 00:00:00",28.000000000
"2023-06-10 01:00:00",28.000000000
"2023-06-10 02:00:00",28.000000000
"2023-06-10 03:00:00",28.000000000
"2023-06-10 04:00:00",29.000000000
"2023-06-10 05:00:00",28.000000000
"2023-06-10 06:00:00",28.000000000
"2023-06-10 07:00:00",28.000000000
"2023-06-10 08:00:00",28.000000000
"2023-06-10 09:00:00",28.000000000
"2023-06-10 10:00:00",27.000000000
"2023-06-10 11:00:00",34.000000000
"2023-06-10 12:00:00",27.000000000
"2023-06-10 13:00:00",29.000000000
"2023-06-10 14:00:00",28.000000000
"2023-06-10 15:00:00",182.000000000
"2023-06-10 16:00:00",299.000000000
"2023-06-10 17:00:00",284.000000000
"2023-06-10 18:00:00",30.000000000
"2023-06-10 19:00:00",286.000000000
"2023-06-10 20:00:00",405.000000000
"2023-06-10 21:00:00",652.000000000
"2023-06-10 22:00:00",482.000000000
"2023-06-10 23:00:00",381.000000000
"2023-06-11 00:00:00",614.000000000
"2023-06-11 01:00:00",383.000000000
"2023-06-11 02:00:00",163.000000000
"2023-06-11 03:00:00",105.000000000
"2023-06-11 04:00:00",53.000000000
"2023-06-11 05:00:00",59.000000000
"2023-06-11 06:00:00",95.000000000
"2023-06-11 07:00:00",50.000000000
"2023-06-11 08:00:00",223.000000000
"2023-06-11 09:00:00",327.000000000
"2023-06-11 10:00:00",463.000000000
"2023-06-11 11:00:00",628.000000000
"2023-06-11 12:00:00",605.000000000
"2023-06-11 13:00:00",636.000000000
"2023-06-11 14:00:00",425.000000000
"2023-06-11 15:00:00",751.000000000
"2023-06-11 16:00:00",537.000000000
"2023-06-11 17:00:00",557.000000000
"2023-06-11 18:00:00",379.000000000
"2023-06-11 19:00:00",301.000000000
"2023-06-11 20:00:00",99.000000000
"2023-06-11 21:00:00",28.000000000
"2023-06-11 22:00:00",30.000000000
"2023-06-11 23:00:00",33.000000000
"2023-06-12 00:00:00",34.000000000
"2023-06-12 01:00:00",34.000000000
"2023-06-12 02:00:00",33.000000000
"2023-06-12 03:00:00",33.000000000
"2023-06-12 04:00:00",33.000000000
"2023-06-12 05:00:00",32.000000000
"2023-06-12 06:00:00",32.000000000
"2023-06-12 07:00:00",31.000000000
"2023-06-12 08:00:00",34.000000000
"2023-06-12 09:00:00",94.000000000
"2023-06-12 10:00:00",234.000000000
"2023-06-12 11:00:00",277.000000000
"2023-06-12 12:00:00",274.000000000
"2023-06-12 13:00:00",991.000000000
"2023-06-12 14:00:00",716.000000000
"2023-06-12 15:00:00",539.000000000
"2023-06-12 16:00:00",531.000000000
"2023-06-12 17:00:00",922.000000000
"2023-06-12 18:00:00",642.000000000
"2023-06-12 19:00:00",399.000000000
"2023-06-12 20:00:00",61.000000000
"2023-06-12 21:00:00",27.000000000
"2023-06-12 22:00:00",28.000000000
"2023-06-12 23:00:00",29.000000000
"2023-06-13 00:00:00",28.000000000
"2023-06-13 01:00:00",28.000000000
"2023-06-13 02:00:00",28.000000000
"2023-06-13 03:00:00",52.000000000
"2023-06-13 04:00:00",29.000000000
"2023-06-13 05:00:00",29.000000000
"2023-06-13 06:00:00",28.000000000
"2023-06-13 07:00:00",29.000000000
"2023-06-13 08:00:00",28.000000000
"2023-06-13 09:00:00",29.000000000
"2023-06-13 10:00:00",44.000000000
"2023-06-13 11:00:00",37.000000000
"2023-06-13 12:00:00",106.000000000
"2023-06-13 13:00:00",251.000000000
"2023-06-13 14:00:00",209.000000000
"2023-06-13 15:00:00",218.000000000
"2023-06-13 16:00:00",233.000000000
"2023-06-13 17:00:00",275.000000000
"2023-06-13 18:00:00",167.000000000
"2023-06-13 19:00:00",133.000000000
"2023-06-13 20:00:00",102.000000000
"2023-06-13 21:00:00",50.000000000
"2023-06-13 22:00:00",27.000000000
"2023-06-13 23:00:00",27.000000000
"2023-06-14 00:00:00",26.000000000
"2023-06-14 01:00:00",27.000000000
"2023-06-14 02:00:00",27.000000000
"2023-06-14 03:00:00",27.000000000
"2023-06-14 04:00:00",27.000000000
"2023-06-14 05:00:00",28.000000000
"2023-06-14 06:00:00",28.000000000
"2023-06-14 07:00:00",28.000000000
"2023-06-14 08:00:00",28.000000000
"2023-06-14 09:00:00",28.000000000
"2023-06-14 10:00:00",28.000000000
"2023-06-14 11:00:00",28.000000000
"2023-06-14 12:00:00",30.000000000
"2023-06-14 13:00:00",39.000000000
"2023-06-14 14:00:00",32.000000000
"2023-06-14 15:00:00",39.000000000
"2023-06-14 16:00:00",33.000000000
"2023-06-14 17:00:00",31.000000000
"2023-06-14 18:00:00",30.000000000
"2023-06-14 19:00:00",29.000000000
"2023-06-14 20:00:00",30.000000000
"2023-06-14 21:00:00",30.000000000
"2023-06-14 22:00:00",30.000000000
"2023-06-14 23:00:00",30.000000000
"2023-06-15 00:00:00",31.000000000
"2023-06-15 01:00:00",30.000000000
"2023-06-15 02:00:00",29.000000000
"2023-06-15 03:00:00",29.000000000
"2023-06-15 04:00:00",33.000000000
"2023-06-15 05:00:00",153.000000000
"2023-06-15 06:00:00",62.000000000
"2023-06-15 07:00:00",45.000000000
"2023-06-15 08:00:00",120.000000000
"2023-06-15 09:00:00",110.000000000
"2023-06-15 10:00:00",82.000000000
"2023-06-15 11:00:00",99.000000000
"2023-06-15 12:00:00",100.000000000
"2023-06-15 13:00:00",77.000000000
"2023-06-15 14:00:00",143.000000000
"2023-06-15 15:00:00",141.000000000
"2023-06-15 16:00:00",76.000000000
"2023-06-15 17:00:00",96.000000000
"2023-06-15 18:00:00",92.000000000
"2023-06-15 19:00:00",88.000000000
"2023-06-15 20:00:00",83.000000000
"2023-06-15 21:00:00",147.000000000
"2023-06-15 22:00:00",393.000000000
"2023-06-15 23:00:00",256.000000000
"2023-06-16 00:00:00",307.000000000
"2023-06-16 01:00:00",171.000000000
"2023-06-16 02:00:00",49.000000000
"2023-06-16 03:00:00",36.000000000
"2023-06-16 04:00:00",25.000000000
"2023-06-16 05:00:00",25.000000000
"2023-06-16 06:00:00",25.000000000
"2023-06-16 07:00:00",26.000000000
"2023-06-16 08:00:00",24.000000000
"2023-06-16 09:00:00",26.000000000
"2023-06-16 10:00:00",25.000000000
"2023-06-16 11:00:00",38.000000000
"2023-06-16 12:00:00",53.000000000
"2023-06-16 13:00:00",54.000000000
"2023-06-16 14:00:00",44.000000000
"2023-06-16 15:00:00",33.000000000
"2023-06-16 16:00:00",34.000000000
"2023-06-16 17:00:00",54.000000000
"2023-06-16 18:00:00",53.000000000
"2023-06-16 19:00:00",28.000000000
"2023-06-16 20:00:00",26.000000000
"2023-06-16 21:00:00",26.000000000
"2023-06-16 22:00:00",25.000000000
"2023-06-16 23:00:00",26.000000000
"2023-06-17 00:00:00",26.000000000
"2023-06-17 01:00:00",27.000000000
"2023-06-17 02:00:00",26.000000000
"2023-06-17 03:00:00",26.000000000
"2023-06-17 04:00:00",27.000000000
"2023-06-17 05:00:00",26.000000000
"2023-06-17 06:00:00",27.000000000
"2023-06-17 07:00:00",26.000000000
"2023-06-17 08:00:00",26.000000000
"2023-06-17 09:00:00",26.000000000
"2023-06-17 10:00:00",46.000000000
"2023-06-17 11:00:00",140.000000000
"2023-06-17 12:00:00",110.000000000
"2023-06-17 13:00:00",148.000000000
"2023-06-17 14:00:00",147.000000000
"2023-06-17 15:00:00",88.000000000
"2023-06-17 16:00:00",74.000000000
"2023-06-17 17:00:00",43.000000000
"2023-06-17 18:00:00",51.000000000
"2023-06-17 19:00:00",43.000000000
"2023-06-17 20:00:00",53.000000000
"2023-06-17 21:00:00",27.000000000
"2023-06-17 22:00:00",26.000000000
"2023-06-17 23:00:00",40.000000000
"2023-06-18 00:00:00",38.000000000
"2023-06-18 01:00:00",47.000000000
"2023-06-18 02:00:00",28.000000000
"2023-06-18 03:00:00",29.000000000
"2023-06-18 04:00:00",30.000000000
"2023-06-18 05:00:00",30.000000000
"2023-06-18 06:00:00",30.000000000
"2023-06-18 07:00:00",30.000000000
"2023-06-18 08:00:00",30.000000000
"2023-06-18 09:00:00",40.000000000
"2023-06-18 10:00:00",89.000000000
"2023-06-18 11:00:00",81.000000000
"2023-06-18 12:00:00",28.000000000
"2023-06-18 13:00:00",105.000000000
"2023-06-18 14:00:00",67.000000000
"2023-06-18 15:00:00",53.000000000
"2023-06-18 16:00:00",30.000000000
"2023-06-18 17:00:00",60.000000000
"2023-06-18 18:00:00",471.000000000
"2023-06-18 19:00:00",306.000000000
"2023-06-18 20:00:00",124.000000000
"2023-06-18 21:00:00",45.000000000
"2023-06-18 22:00:00",33.000000000
"2023-06-18 23:00:00",37.000000000
"2023-06-19 00:00:00",38.000000000
"2023-06-19 01:00:00",28.000000000
"2023-06-19 02:00:00",29.000000000
"2023-06-19 03:00:00",28.000000000
"2023-06-19 04:00:00",28.000000000
"2023-06-19 05:00:00",29.000000000
"2023-06-19 06:00:00",28.000000000
"2023-06-19 07:00:00",29.000000000
"2023-06-19 08:00:00",28.000000000
"2023-06-19 09:00:00",29.000000000
"2023-06-19 10:00:00",30.000000000
"2023-06-19 11:00:00",30.000000000
"2023-06-19 12:00:00",36.000000000
"2023-06-19 13:00:00",90.000000000
"2023-06-19 14:00:00",86.000000000
"2023-06-19 15:00:00",110.000000000
"2023-06-19 16:00:00",203.000000000
"2023-06-19 17:00:00",115.000000000
"2023-06-19 18:00:00",189.000000000
"2023-06-19 19:00:00",116.000000000
"2023-06-19 20:00:00",81.000000000
"2023-06-19 21:00:00",34.000000000
"2023-06-19 22:00:00",36.000000000
"2023-06-19 23:00:00",88.000000000
"2023-06-20 00:00:00",82.000000000
"2023-06-20 01:00:00",65.000000000
"2023-06-20 02:00:00",62.000000000
"2023-06-20 03:00:00",74.000000000
"2023-06-20 04:00:00",102.000000000
"2023-06-20 05:00:00",83.000000000
"2023-06-20 06:00:00",45.000000000
"2023-06-20 07:00:00",181.000000000
"2023-06-20 08:00:00",286.000000000
"2023-06-20 09:00:00",119.000000000
"2023-06-20 10:00:00",192.000000000
"2023-06-20 11:00:00",249.000000000
"2023-06-20 12:00:00",253.000000000
"2023-06-20 13:00:00",257.000000000
"2023-06-20 14:00:00",305.000000000
"2023-06-20 15:00:00",167.000000000
"2023-06-20 16:00:00",325.000000000
"2023-06-20 17:00:00",256.000000000
"2023-06-20 18:00:00",185.000000000
"2023-06-20 19:00:00",254.000000000
"2023-06-20 20:00:00",118.000000000
"2023-06-20 21:00:00",52.000000000
"2023-06-20 22:00:00",27.000000000
"2023-06-20 23:00:00",27.000000000
"2023-06-21 00:00:00",28.000000000
"2023-06-21 01:00:00",33.000000000
"2023-06-21 02:00:00",41.000000000
"2023-06-21 03:00:00",40.000000000
"2023-06-21 04:00:00",49.000000000
"2023-06-21 05:00:00",54.000000000
"2023-06-21 06:00:00",89.000000000
"2023-06-21 07:00:00",133.000000000
"2023-06-21 08:00:00",180.000000000
"2023-06-21 09:00:00",75.000000000
"2023-06-21 10:00:00",39.000000000
"2023-06-21 11:00:00",44.000000000
"2023-06-21 12:00:00",77.000000000
"2023-06-21 13:00:00",37.000000000
"2023-06-21 14:00:00",46.000000000
"2023-06-21 15:00:00",78.000000000
"2023-06-21 16:00:00",111.000000000
"2023-06-21 17:00:00",128.000000000
"2023-06-21 18:00:00",88.000000000
"2023-06-21 19:00:00",126.000000000
"2023-06-21 20:00:00",72.000000000
"2023-06-21 21:00:00",43.000000000
"2023-06-21 22:00:00",26.000000000
"2023-06-21 23:00:00",26.000000000
"2023-06-22 00:00:00",27.000000000
"2023-06-22 01:00:00",27.000000000
"2023-06-22 02:00:00",27.000000000
"2023-06-22 03:00:00",27.000000000
"2023-06-22 04:00:00",27.000000000
"2023-06-22 05:00:00",28.000000000
"2023-06-22 06:00:00",28.000000000
"2023-06-22 07:00:00",26.000000000
"2023-06-22 08:00:00",27.000000000
"2023-06-22 09:00:00",31.000000000
"2023-06-22 10:00:00",28.000000000
"2023-06-22 11:00:00",27.000000000
"2023-06-22 12:00:00",78.000000000
"2023-06-22 13:00:00",28.000000000
"2023-06-22 14:00:00",30.000000000
"2023-06-22 15:00:00",65.000000000
"2023-06-22 16:00:00",26.000000000
"2023-06-22 17:00:00",72.000000000
"2023-06-22 18:00:00",86.000000000
"2023-06-22 19:00:00",71.000000000
"2023-06-22 20:00:00",26.000000000
"2023-06-22 21:00:00",26.000000000
"2023-06-22 22:00:00",27.000000000
"2023-06-22 23:00:00",26.000000000
"2023-06-23 00:00:00",27.000000000
"2023-06-23 01:00:00",26.000000000
"2023-06-23 02:00:00",27.000000000
"2023-06-23 03:00:00",27.000000000
"2023-06-23 04:00:00",26.000000000
"2023-06-23 05:00:00",27.000000000
"2023-06-23 06:00:00",26.000000000
"2023-06-23 07:00:00",27.000000000
"2023-06-23 08:00:00",27.000000000
"2023-06-23 09:00:00",26.000000000
"2023-06-23 10:00:00",26.000000000
"2023-06-23 11:00:00",26.000000000
"2023-06-23 12:00:00",26.000000000
"2023-06-23 13:00:00",29.000000000
"2023-06-23 14:00:00",92.000000000
"2023-06-23 15:00:00",182.000000000
"2023-06-23 16:00:00",393.000000000
"2023-06-23 17:00:00",104.000000000
"2023-06-23 18:00:00",372.000000000
"2023-06-23 19:00:00",134.000000000
"2023-06-23 20:00:00",162.000000000
"2023-06-23 21:00:00",43.000000000
"2023-06-23 22:00:00",137.000000000
"2023-06-23 23:00:00",186.000000000
"2023-06-24 00:00:00",86.000000000
"2023-06-24 01:00:00",163.000000000
"2023-06-24 02:00:00",247.000000000
"2023-06-24 03:00:00",110.000000000
"2023-06-24 04:00:00",99.000000000
"2023-06-24 05:00:00",66.000000000
"2023-06-24 06:00:00",93.000000000
"2023-06-24 07:00:00",200.000000000
"2023-06-24 08:00:00",203.000000000
"2023-06-24 09:00:00",58.000000000
"2023-06-24 10:00:00",106.000000000
"2023-06-24 11:00:00",139.000000000
"2023-06-24 12:00:00",396.000000000
"2023-06-24 13:00:00",866.000000000
"2023-06-24 14:00:00",569.000000000
"2023-06-24 15:00:00",218.000000000
"2023-06-24 16:00:00",281.000000000
"2023-06-24 17:00:00",178.000000000
"2023-06-24 18:00:00",188.000000000
"2023-06-24 19:00:00",242.000000000
"2023-06-24 20:00:00",104.000000000
"2023-06-24 21:00:00",54.000000000
"2023-06-24 22:00:00",41.000000000
"2023-06-24 23:00:00",142.000000000
"2023-06-25 00:00:00",196.000000000
"2023-06-25 01:00:00",62.000000000
"2023-06-25 02:00:00",85.000000000
"2023-06-25 03:00:00",289.000000000
"2023-06-25 04:00:00",61.000000000
"2023-06-25 05:00:00",29.000000000
"2023-06-25 06:00:00",28.000000000
"2023-06-25 07:00:00",27.000000000
"2023-06-25 08:00:00",28.000000000
"2023-06-25 09:00:00",29.000000000
"2023-06-25 10:00:00",28.000000000
"2023-06-25 11:00:00",42.000000000
"2023-06-25 12:00:00",206.000000000
"2023-06-25 13:00:00",168.000000000
"2023-06-25 14:00:00",545.000000000
"2023-06-25 15:00:00",649.000000000
"2023-06-25 16:00:00",709.000000000
"2023-06-25 17:00:00",832.000000000
"2023-06-25 18:00:00",708.000000000
"2023-06-25 19:00:00",241.000000000
"2023-06-25 20:00:00",182.000000000
"2023-06-25 21:00:00",52.000000000
"2023-06-25 22:00:00",46.000000000
"2023-06-25 23:00:00",122.000000000
"2023-06-26 00:00:00",211.000000000
"2023-06-26 01:00:00",160.000000000
"2023-06-26 02:00:00",227.000000000
"2023-06-26 03:00:00",88.000000000
"2023-06-26 04:00:00",98.000000000
"2023-06-26 05:00:00",64.000000000
"2023-06-26 06:00:00",56.000000000
"2023-06-26 07:00:00",91.000000000
"2023-06-26 08:00:00",157.000000000
"2023-06-26 09:00:00",151.000000000
"2023-06-26 10:00:00",345.000000000
"2023-06-26 11:00:00",270.000000000
"2023-06-26 12:00:00",307.000000000
"2023-06-26 13:00:00",343.000000000
"2023-06-26 14:00:00",137.000000000
"2023-06-26 15:00:00",383.000000000
"2023-06-26 16:00:00",627.000000000
"2023-06-26 17:00:00",687.000000000
"2023-06-26 18:00:00",506.000000000
"2023-06-26 19:00:00",505.000000000
"2023-06-26 20:00:00",189.000000000
"2023-06-26 21:00:00",25.000000000
"2023-06-26 22:00:00",25.000000000
"2023-06-26 23:00:00",26.000000000
"2023-06-27 00:00:00",26.000000000
"2023-06-27 01:00:00",26.000000000
"2023-06-27 02:00:00",26.000000000
"2023-06-27 03:00:00",27.000000000
"2023-06-27 04:00:00",26.000000000
"2023-06-27 05:00:00",26.000000000
"2023-06-27 06:00:00",27.000000000
"2023-06-27 07:00:00",26.000000000
"2023-06-27 08:00:00",37.000000000
"2023-06-27 09:00:00",62.000000000
"2023-06-27 10:00:00",34.000000000
"2023-06-27 11:00:00",32.000000000
"2023-06-27 12:00:00",32.000000000
"2023-06-27 13:00:00",32.000000000
"2023-06-27 14:00:00",33.000000000
"2023-06-27 15:00:00",32.000000000
"2023-06-27 16:00:00",40.000000000
"2023-06-27 17:00:00",87.000000000
"2023-06-27 18:00:00",165.000000000
"2023-06-27 19:00:00",107.000000000
"2023-06-27 20:00:00",72.000000000
"2023-06-27 21:00:00",86.000000000
"2023-06-27 22:00:00",26.000000000
"2023-06-27 23:00:00",26.000000000
"2023-06-28 00:00:00",26.000000000
"2023-06-28 01:00:00",26.000000000
"2023-06-28 02:00:00",25.000000000
"2023-06-28 03:00:00",26.000000000
"2023-06-28 04:00:00",30.000000000
"2023-06-28 05:00:00",42.000000000
"2023-06-28 06:00:00",25.000000000
"2023-06-28 07:00:00",112.000000000
"2023-06-28 08:00:00",175.000000000
"2023-06-28 09:00:00",314.000000000
"2023-06-28 10:00:00",499.000000000
"2023-06-28 11:00:00",837.000000000
"2023-06-28 12:00:00",669.000000000
"2023-06-28 13:00:00",477.000000000
"2023-06-28 14:00:00",848.000000000
"2023-06-28 15:00:00",439.000000000
"2023-06-28 16:00:00",356.000000000
"2023-06-28 17:00:00",358.000000000
"2023-06-28 18:00:00",243.000000000
"2023-06-28 19:00:00",275.000000000
"2023-06-28 20:00:00",152.000000000
"2023-06-28 21:00:00",62.000000000
"2023-06-28 22:00:00",114.000000000
"2023-06-28 23:00:00",174.000000000
"2023-06-29 00:00:00",47.000000000
"2023-06-29 01:00:00",26.000000000
"2023-06-29 02:00:00",25.000000000
"2023-06-29 03:00:00",25.000000000
"2023-06-29 04:00:00",24.000000000
"2023-06-29 05:00:00",25.000000000
"2023-06-29 06:00:00",24.000000000
"2023-06-29 07:00:00",25.000000000
"2023-06-29 08:00:00",24.000000000
"2023-06-29 09:00:00",24.000000000
"2023-06-29 10:00:00",24.000000000
"2023-06-29 11:00:00",24.000000000
"2023-06-29 12:00:00",24.000000000
"2023-06-29 13:00:00",25.000000000
"2023-06-29 14:00:00",44.000000000
"2023-06-29 15:00:00",170.000000000
"2023-06-29 16:00:00",264.000000000
"2023-06-29 17:00:00",261.000000000
"2023-06-29 18:00:00",282.000000000
"2023-06-29 19:00:00",353.000000000
"2023-06-29 20:00:00",110.000000000
"2023-06-29 21:00:00",55.000000000
"2023-06-29 22:00:00",24.000000000
"2023-06-29 23:00:00",24.000000000
"2023-06-30 00:00:00",26.000000000
"2023-06-30 01:00:00",25.000000000
"2023-06-30 02:00:00",25.000000000
"2023-06-30 03:00:00",26.000000000
"2023-06-30 04:00:00",26.000000000
"2023-06-30 05:00:00",26.000000000
"2023-06-30 06:00:00",27.000000000
"2023-06-30 07:00:00",26.000000000
"2023-06-30 08:00:00",26.000000000
"2023-06-30 09:00:00",26.000000000
"2023-06-30 10:00:00",26.000000000
"2023-06-30 11:00:00",26.000000000
"2023-06-30 12:00:00",42.000000000
"2023-06-30 13:00:00",38.000000000
"2023-06-30 14:00:00",35.000000000
"2023-06-30 15:00:00",59.000000000
"2023-06-30 16:00:00",55.000000000
"2023-06-30 17:00:00",104.000000000
"2023-06-30 18:00:00",56.000000000
"2023-06-30 19:00:00",53.000000000
"2023-06-30 20:00:00",45.000000000
"2023-06-30 21:00:00",27.000000000
"2023-06-30 22:00:00",27.000000000
"2023-06-30 23:00:00",26.000000000
"2023-07-01 00:00:00",26.000000000
"2023-07-01 01:00:00",26.000000000
"2023-07-01 02:00:00",27.000000000
"2023-07-01 03:00:00",27.000000000
"2023-07-01 04:00:00",27.000000000
"2023-07-01 05:00:00",27.000000000
"2023-07-01 06:00:00",28.000000000
"2023-07-01 07:00:00",27.000000000
"2023-07-01 08:00:00",27.000000000
"2023-07-01 09:00:00",26.000000000
"2023-07-01 10:00:00",27.000000000
"2023-07-01 11:00:00",27.000000000
"2023-07-01 12:00:00",35.000000000
"2023-07-01 13:00:00",28.000000000
"2023-07-01 14:00:00",26.000000000
"2023-07-01 15:00:00",32.000000000
"2023-07-01 16:00:00",29.000000000
"2023-07-01 17:00:00",27.000000000
"2023-07-01 18:00:00",27.000000000
"2023-07-01 19:00:00",26.000000000
"2023-07-01 20:00:00",32.000000000
"2023-07-01 21:00:00",31.000000000
"2023-07-01 22:00:00",26.000000000
"2023-07-01 23:00:00",27.000000000
"2023-07-02 00:00:00",27.000000000
"2023-07-02 01:00:00",26.000000000
"2023-07-02 02:00:00",27.000000000
"2023-07-02 03:00:00",26.000000000
"2023-07-02 04:00:00",27.000000000
"2023-07-02 05:00:00",27.000000000
"2023-07-02 06:00:00",26.000000000
"2023-07-02 07:00:00",27.000000000
"2023-07-02 08:00:00",26.000000000
"2023-07-02 09:00:00",26.000000000
"2023-07-02 10:00:00",26.000000000
"2023-07-02 11:00:00",26.000000000
"2023-07-02 12:00:00",27.000000000
"2023-07-02 13:00:00",26.000000000
"2023-07-02 14:00:00",25.000000000
"2023-07-02 15:00:00",25.000000000
"2023-07-02 16:00:00",26.000000000
"2023-07-02 17:00:00",25.000000000
"2023-07-02 18:00:00",26.000000000
"2023-07-02 19:00:00",26.000000000
"2023-07-02 20:00:00",25.000000000
"2023-07-02 21:00:00",27.000000000
"2023-07-02 22:00:00",25.000000000
"2023-07-02 23:00:00",25.000000000
"2023-07-03 00:00:00",25.000000000
"2023-07-03 01:00:00",25.000000000
"2023-07-03 02:00:00",25.000000000
"2023-07-03 03:00:00",25.000000000
"2023-07-03 04:00:00",24.000000000
"2023-07-03 05:00:00",25.000000000
"2023-07-03 06:00:00",25.000000000
"2023-07-03 07:00:00",24.000000000
"2023-07-03 08:00:00",24.000000000
"2023-07-03 09:00:00",24.000000000
"2023-07-03 10:00:00",74.000000000
"2023-07-03 11:00:00",123.000000000
"2023-07-03 12:00:00",409.000000000
"2023-07-03 13:00:00",633.000000000
"2023-07-03 14:00:00",582.000000000
"2023-07-03 15:00:00",323.000000000
"2023-07-03 16:00:00",558.000000000
"2023-07-03 17:00:00",418.000000000
"2023-07-03 18:00:00",367.000000000
"2023-07-03 19:00:00",162.000000000
"2023-07-03 20:00:00",188.000000000
"2023-07-03 21:00:00",193.000000000
"2023-07-03 22:00:00",23.000000000
"2023-07-03 23:00:00",23.000000000
"2023-07-04 00:00:00",23.000000000
"2023-07-04 01:00:00",28.000000000
"2023-07-04 02:00:00",31.000000000
"2023-07-04 03:00:00",23.000000000
"2023-07-04 04:00:00",23.000000000
"2023-07-04 05:00:00",24.000000000
"2023-07-04 06:00:00",23.000000000
"2023-07-04 07:00:00",24.000000000
"2023-07-04 08:00:00",23.000000000
"2023-07-04 09:00:00",23.000000000
"2023-07-04 10:00:00",24.000000000
"2023-07-04 11:00:00",574.000000000
"2023-07-04 12:00:00",177.000000000
"2023-07-04 13:00:00",26.000000000
"2023-07-04 14:00:00",34.000000000
"2023-07-04 15:00:00",23.000000000
"2023-07-04 16:00:00",23.000000000
"2023-07-04 17:00:00",23.000000000
"2023-07-04 18:00:00",23.000000000
"2023-07-04 19:00:00",23.000000000
"2023-07-04 20:00:00",23.000000000
"2023-07-04 21:00:00",34.000000000
"2023-07-04 22:00:00",181.000000000
"2023-07-04 23:00:00",138.000000000
"2023-07-05 00:00:00",134.000000000
"2023-07-05 01:00:00",56.000000000
"2023-07-05 02:00:00",62.000000000
"2023-07-05 03:00:00",75.000000000
"2023-07-05 04:00:00",66.000000000
"2023-07-05 05:00:00",30.000000000
"2023-07-05 06:00:00",23.000000000
"2023-07-05 07:00:00",22.000000000
"2023-07-05 08:00:00",170.000000000
"2023-07-05 09:00:00",184.000000000
"2023-07-05 10:00:00",233.000000000
"2023-07-05 11:00:00",175.000000000
"2023-07-05 12:00:00",305.000000000
"2023-07-05 13:00:00",267.000000000
"2023-07-05 14:00:00",264.000000000
"2023-07-05 15:00:00",258.000000000
"2023-07-05 16:00:00",262.000000000
"2023-07-05 17:00:00",453.000000000
"2023-07-05 18:00:00",531.000000000
"2023-07-05 19:00:00",331.000000000
"2023-07-05 20:00:00",317.000000000
"2023-07-05 21:00:00",265.000000000
"2023-07-05 22:00:00",236.000000000
"2023-07-05 23:00:00",186.000000000
"2023-07-06 00:00:00",46.000000000
"2023-07-06 01:00:00",39.000000000
"2023-07-06 02:00:00",21.000000000
"2023-07-06 03:00:00",22.000000000
"2023-07-06 04:00:00",21.000000000
"2023-07-06 05:00:00",22.000000000
"2023-07-06 06:00:00",22.000000000
"2023-07-06 07:00:00",22.000000000
"2023-07-06 08:00:00",22.000000000
"2023-07-06 09:00:00",21.000000000
"2023-07-06 10:00:00",26.000000000
"2023-07-06 11:00:00",52.000000000
"2023-07-06 12:00:00",130.000000000
"2023-07-06 13:00:00",173.000000000
"2023-07-06 14:00:00",116.000000000
"2023-07-06 15:00:00",57.000000000
"2023-07-06 16:00:00",77.000000000
"2023-07-06 17:00:00",89.000000000
"2023-07-06 18:00:00",52.000000000
"2023-07-06 19:00:00",27.000000000
"2023-07-06 20:00:00",26.000000000
"2023-07-06 21:00:00",22.000000000
"2023-07-06 22:00:00",22.000000000
"2023-07-06 23:00:00",22.000000000
"2023-07-07 00:00:00",22.000000000
"2023-07-07 01:00:00",22.000000000
"2023-07-07 02:00:00",22.000000000
"2023-07-07 03:00:00",22.000000000
"2023-07-07 04:00:00",22.000000000
"2023-07-07 05:00:00",23.000000000
"2023-07-07 06:00:00",22.000000000
"2023-07-07 07:00:00",22.000000000
"2023-07-07 08:00:00",22.000000000
"2023-07-07 09:00:00",39.000000000
"2023-07-07 10:00:00",140.000000000
"2023-07-07 11:00:00",116.000000000
"2023-07-07 12:00:00",120.000000000
"2023-07-07 13:00:00",142.000000000
"2023-07-07 14:00:00",54.000000000
"2023-07-07 15:00:00",35.000000000
"2023-07-07 16:00:00",28.000000000
"2023-07-07 17:00:00",21.000000000
"2023-07-07 18:00:00",22.000000000
"2023-07-07 19:00:00",22.000000000
"2023-07-07 20:00:00",33.000000000
"2023-07-07 21:00:00",43.000000000
"2023-07-07 22:00:00",38.000000000
"2023-07-07 23:00:00",61.000000000
"2023-07-08 00:00:00",46.000000000
"2023-07-08 01:00:00",22.000000000
"2023-07-08 02:00:00",22.000000000
"2023-07-08 03:00:00",21.000000000
"2023-07-08 04:00:00",21.000000000
"2023-07-08 05:00:00",22.000000000
"2023-07-08 06:00:00",21.000000000
"2023-07-08 07:00:00",21.000000000
"2023-07-08 08:00:00",22.000000000
"2023-07-08 09:00:00",21.000000000
"2023-07-08 10:00:00",21.000000000
"2023-07-08 11:00:00",21.000000000
"2023-07-08 12:00:00",65.000000000
"2023-07-08 13:00:00",69.000000000
"2023-07-08 14:00:00",80.000000000
"2023-07-08 15:00:00",165.000000000
"2023-07-08 16:00:00",182.000000000
"2023-07-08 17:00:00",173.000000000
"2023-07-08 18:00:00",185.000000000
"2023-07-08 19:00:00",118.000000000
"2023-07-08 20:00:00",52.000000000
"2023-07-08 21:00:00",39.000000000
"2023-07-08 22:00:00",26.000000000
"2023-07-08 23:00:00",21.000000000
"2023-07-09 00:00:00",23.000000000
"2023-07-09 01:00:00",24.000000000
"2023-07-09 02:00:00",21.000000000
"2023-07-09 03:00:00",22.000000000
"2023-07-09 04:00:00",21.000000000
"2023-07-09 05:00:00",21.000000000
"2023-07-09 06:00:00",21.000000000
"2023-07-09 07:00:00",21.000000000
"2023-07-09 08:00:00",21.000000000
"2023-07-09 09:00:00",52.000000000
"2023-07-09 10:00:00",186.000000000
"2023-07-09 11:00:00",395.000000000
"2023-07-09 12:00:00",581.000000000
"2023-07-09 13:00:00",704.000000000
"2023-07-09 14:00:00",741.000000000
"2023-07-09 15:00:00",653.000000000
"2023-07-09 16:00:00",789.000000000
"2023-07-09 17:00:00",957.000000000
"2023-07-09 18:00:00",930.000000000
"2023-07-09 19:00:00",768.000000000
"2023-07-09 20:00:00",625.000000000
"2023-07-09 21:00:00",334.000000000
"2023-07-09 22:00:00",294.000000000
"2023-07-09 23:00:00",371.000000000
"2023-07-10 00:00:00",361.000000000
"2023-07-10 01:00:00",271.000000000
"2023-07-10 02:00:00",298.000000000
"2023-07-10 03:00:00",220.000000000
"2023-07-10 04:00:00",249.000000000
"2023-07-10 05:00:00",306.000000000
"2023-07-10 06:00:00",182.000000000
"2023-07-10 07:00:00",246.000000000
"2023-07-10 08:00:00",231.000000000
"2023-07-10 09:00:00",31.000000000
"2023-07-10 10:00:00",29.000000000
"2023-07-10 11:00:00",93.000000000
"2023-07-10 12:00:00",80.000000000
"2023-07-10 13:00:00",228.000000000
"2023-07-10 14:00:00",336.000000000
"2023-07-10 15:00:00",372.000000000
"2023-07-10 16:00:00",472.000000000
"2023-07-10 17:00:00",559.000000000
"2023-07-10 18:00:00",319.000000000
"2023-07-10 19:00:00",677.000000000
"2023-07-10 20:00:00",1117.000000000
"2023-07-10 21:00:00",410.000000000
"2023-07-10 22:00:00",339.000000000
"2023-07-10 23:00:00",185.000000000
"2023-07-11 00:00:00",21.000000000
"2023-07-11 01:00:00",54.000000000
"2023-07-11 02:00:00",29.000000000
"2023-07-11 03:00:00",24.000000000
"2023-07-11 04:00:00",49.000000000
"2023-07-11 05:00:00",20.000000000
"2023-07-11 06:00:00",21.000000000
"2023-07-11 07:00:00",21.000000000
"2023-07-11 08:00:00",26.000000000
"2023-07-11 09:00:00",56.000000000
"2023-07-11 10:00:00",61.000000000
"2023-07-11 11:00:00",46.000000000
"2023-07-11 12:00:00",30.000000000
"2023-07-11 13:00:00",20.000000000
"2023-07-11 14:00:00",19.000000000
"2023-07-11 15:00:00",21.000000000
"2023-07-11 16:00:00",20.000000000
"2023-07-11 17:00:00",20.000000000
"2023-07-11 18:00:00",20.000000000
"2023-07-11 19:00:00",21.000000000
"2023-07-11 20:00:00",20.000000000
"2023-07-11 21:00:00",21.000000000
"2023-07-11 22:00:00",53.000000000
"2023-07-11 23:00:00",33.000000000
"2023-07-12 00:00:00",154.000000000
"2023-07-12 01:00:00",68.000000000
"2023-07-12 02:00:00",26.000000000
"2023-07-12 03:00:00",29.000000000
"2023-07-12 04:00:00",35.000000000
"2023-07-12 05:00:00",21.000000000
"2023-07-12 06:00:00",42.000000000
"2023-07-12 07:00:00",143.000000000
"2023-07-12 08:00:00",67.000000000
"2023-07-12 09:00:00",22.000000000
"2023-07-12 10:00:00",23.000000000
"2023-07-12 11:00:00",79.000000000
"2023-07-12 12:00:00",35.000000000
"2023-07-12 13:00:00",20.000000000
"2023-07-12 14:00:00",22.000000000
"2023-07-12 15:00:00",21.000000000
"2023-07-12 16:00:00",20.000000000
"2023-07-12 17:00:00",21.000000000
"2023-07-12 18:00:00",21.000000000
"2023-07-12 19:00:00",34.000000000
"2023-07-12 20:00:00",22.000000000
"2023-07-12 21:00:00",57.000000000
"2023-07-12 22:00:00",29.000000000
"2023-07-12 23:00:00",37.000000000
"2023-07-13 00:00:00",33.000000000
"2023-07-13 01:00:00",31.000000000
"2023-07-13 02:00:00",42.000000000
"2023-07-13 03:00:00",33.000000000
"2023-07-13 04:00:00",21.000000000
"2023-07-13 05:00:00",21.000000000
"2023-07-13 06:00:00",20.000000000
"2023-07-13 07:00:00",21.000000000
"2023-07-13 08:00:00",21.000000000
"2023-07-13 09:00:00",20.000000000
"2023-07-13 10:00:00",21.000000000
"2023-07-13 11:00:00",20.000000000
"2023-07-13 12:00:00",58.000000000
"2023-07-13 13:00:00",237.000000000
"2023-07-13 14:00:00",418.000000000
"2023-07-13 15:00:00",608.000000000
"2023-07-13 16:00:00",668.000000000
"2023-07-13 17:00:00",296.000000000
"2023-07-13 18:00:00",164.000000000
"2023-07-13 19:00:00",104.000000000
"2023-07-13 20:00:00",25.000000000
"2023-07-13 21:00:00",23.000000000
"2023-07-13 22:00:00",404.000000000
"2023-07-13 23:00:00",21.000000000
"2023-07-14 00:00:00",21.000000000
"2023-07-14 01:00:00",21.000000000
"2023-07-14 02:00:00",21.000000000
"2023-07-14 03:00:00",21.000000000
"2023-07-14 04:00:00",21.000000000
"2023-07-14 05:00:00",20.000000000
"2023-07-14 06:00:00",21.000000000
"2023-07-14 07:00:00",20.000000000
"2023-07-14 08:00:00",19.000000000
"2023-07-14 09:00:00",21.000000000
"2023-07-14 10:00:00",20.000000000
"2023-07-14 11:00:00",25.000000000
"2023-07-14 12:00:00",36.000000000
"2023-07-14 13:00:00",154.000000000
"2023-07-14 14:00:00",184.000000000
"2023-07-14 15:00:00",244.000000000
"2023-07-14 16:00:00",191.000000000
"2023-07-14 17:00:00",227.000000000
"2023-07-14 18:00:00",588.000000000
"2023-07-14 19:00:00",787.000000000
"2023-07-14 20:00:00",21.000000000
"2023-07-14 21:00:00",21.000000000
"2023-07-14 22:00:00",20.000000000
"2023-07-14 23:00:00",23.000000000
"2023-07-15 00:00:00",20.000000000
"2023-07-15 01:00:00",69.000000000
"2023-07-15 02:00:00",27.000000000
"2023-07-15 03:00:00",21.000000000
"2023-07-15 04:00:00",21.000000000
"2023-07-15 05:00:00",21.000000000
"2023-07-15 06:00:00",21.000000000
"2023-07-15 07:00:00",21.000000000
"2023-07-15 08:00:00",21.000000000
"2023-07-15 09:00:00",20.000000000
"2023-07-15 10:00:00",21.000000000
"2023-07-15 11:00:00",21.000000000
"2023-07-15 12:00:00",24.000000000
"2023-07-15 13:00:00",28.000000000
"2023-07-15 14:00:00",182.000000000
"2023-07-15 15:00:00",307.000000000
"2023-07-15 16:00:00",311.000000000
"2023-07-15 17:00:00",433.000000000
"2023-07-15 18:00:00",800.000000000
"2023-07-15 19:00:00",638.000000000
"2023-07-15 20:00:00",584.000000000
"2023-07-15 21:00:00",207.000000000
"2023-07-15 22:00:00",63.000000000
"2023-07-15 23:00:00",20.000000000
"2023-07-16 00:00:00",19.000000000
"2023-07-16 01:00:00",20.000000000
"2023-07-16 02:00:00",20.000000000
"2023-07-16 03:00:00",20.000000000
"2023-07-16 04:00:00",21.000000000
"2023-07-16 05:00:00",20.000000000
"2023-07-16 06:00:00",20.000000000
"2023-07-16 07:00:00",21.000000000
"2023-07-16 08:00:00",26.000000000
"2023-07-16 09:00:00",72.000000000
"2023-07-16 10:00:00",135.000000000
"2023-07-16 11:00:00",92.000000000
"2023-07-16 12:00:00",73.000000000
"2023-07-16 13:00:00",220.000000000
"2023-07-16 14:00:00",878.000000000
"2023-07-16 15:00:00",889.000000000
"2023-07-16 16:00:00",1082.000000000
"2023-07-16 17:00:00",1573.000000000
"2023-07-16 18:00:00",1622.000000000
"2023-07-16 19:00:00",1286.000000000
"2023-07-16 20:00:00",930.000000000
"2023-07-16 21:00:00",706.000000000
"2023-07-16 22:00:00",316.000000000
"2023-07-16 23:00:00",169.000000000
"2023-07-17 00:00:00",80.000000000
"2023-07-17 01:00:00",79.000000000
"2023-07-17 02:00:00",71.000000000
"2023-07-17 03:00:00",41.000000000
"2023-07-17 04:00:00",28.000000000
"2023-07-17 05:00:00",61.000000000
"2023-07-17 06:00:00",43.000000000
"2023-07-17 07:00:00",53.000000000
"2023-07-17 08:00:00",145.000000000
"2023-07-17 09:00:00",196.000000000
"2023-07-17 10:00:00",258.000000000
"2023-07-17 11:00:00",456.000000000
"2023-07-17 12:00:00",384.000000000
"2023-07-17 13:00:00",323.000000000
"2023-07-17 14:00:00",345.000000000
"2023-07-17 15:00:00",252.000000000
"2023-07-17 16:00:00",223.000000000
"2023-07-17 17:00:00",150.000000000
"2023-07-17 18:00:00",79.000000000
"2023-07-17 19:00:00",92.000000000
"2023-07-17 20:00:00",33.000000000
"2023-07-17 21:00:00",27.000000000
"2023-07-17 22:00:00",19.000000000
"2023-07-17 23:00:00",19.000000000
"2023-07-18 00:00:00",19.000000000
"2023-07-18 01:00:00",18.000000000
"2023-07-18 02:00:00",19.000000000
"2023-07-18 03:00:00",19.000000000
"2023-07-18 04:00:00",19.000000000
"2023-07-18 05:00:00",19.000000000
"2023-07-18 06:00:00",18.000000000
"2023-07-18 07:00:00",19.000000000
"2023-07-18 08:00:00",19.000000000
"2023-07-18 09:00:00",19.000000000
"2023-07-18 10:00:00",19.000000000
"2023-07-18 11:00:00",19.000000000
"2023-07-18 12:00:00",20.000000000
"2023-07-18 13:00:00",21.000000000
"2023-07-18 14:00:00",30.000000000
"2023-07-18 15:00:00",21.000000000
"2023-07-18 16:00:00",42.000000000
"2023-07-18 17:00:00",26.000000000
"2023-07-18 18:00:00",27.000000000
"2023-07-18 19:00:00",32.000000000
"2023-07-18 20:00:00",24.000000000
"2023-07-18 21:00:00",22.000000000
"2023-07-18 22:00:00",20.000000000
"2023-07-18 23:00:00",21.000000000
"2023-07-19 00:00:00",32.000000000
"2023-07-19 01:00:00",20.000000000
"2023-07-19 02:00:00",19.000000000
"2023-07-19 03:00:00",20.000000000
"2023-07-19 04:00:00",23.000000000
"2023-07-19 05:00:00",20.000000000
"2023-07-19 06:00:00",20.000000000
"2023-07-19 07:00:00",64.000000000
"2023-07-19 08:00:00",20.000000000
"2023-07-19 09:00:00",77.000000000
"2023-07-19 10:00:00",111.000000000
"2023-07-19 11:00:00",422.000000000
"2023-07-19 12:00:00",673.000000000
"2023-07-19 13:00:00",419.000000000
"2023-07-19 14:00:00",251.000000000
"2023-07-19 15:00:00",118.000000000
"2023-07-19 16:00:00",119.000000000
"2023-07-19 17:00:00",273.000000000
"2023-07-19 18:00:00",455.000000000
"2023-07-19 19:00:00",972.000000000
"2023-07-19 20:00:00",628.000000000
"2023-07-19 21:00:00",19.000000000
"2023-07-19 22:00:00",20.000000000
"2023-07-19 23:00:00",18.000000000
"2023-07-20 00:00:00",25.000000000
"2023-07-20 01:00:00",26.000000000
"2023-07-20 02:00:00",94.000000000
"2023-07-20 03:00:00",97.000000000
"2023-07-20 04:00:00",93.000000000
"2023-07-20 05:00:00",253.000000000
"2023-07-20 06:00:00",196.000000000
"2023-07-20 07:00:00",227.000000000
"2023-07-20 08:00:00",366.000000000
"2023-07-20 09:00:00",386.000000000
"2023-07-20 10:00:00",536.000000000
"2023-07-20 11:00:00",458.000000000
"2023-07-20 12:00:00",325.000000000
"2023-07-20 13:00:00",354.000000000
"2023-07-20 14:00:00",445.000000000
"2023-07-20 15:00:00",175.000000000
"2023-07-20 16:00:00",146.000000000
"2023-07-20 17:00:00",210.000000000
"2023-07-20 18:00:00",159.000000000
"2023-07-20 19:00:00",126.000000000
"2023-07-20 20:00:00",41.000000000
"2023-07-20 21:00:00",17.000000000
"2023-07-20 22:00:00",18.000000000
"2023-07-20 23:00:00",19.000000000
"2023-07-21 00:00:00",18.000000000
"2023-07-21 01:00:00",18.000000000
"2023-07-21 02:00:00",19.000000000
"2023-07-21 03:00:00",18.000000000
"2023-07-21 04:00:00",19.000000000
"2023-07-21 05:00:00",18.000000000
"2023-07-21 06:00:00",18.000000000
"2023-07-21 07:00:00",19.000000000
"2023-07-21 08:00:00",18.000000000
"2023-07-21 09:00:00",18.000000000
"2023-07-21 10:00:00",18.000000000
"2023-07-21 11:00:00",36.000000000
"2023-07-21 12:00:00",29.000000000
"2023-07-21 13:00:00",24.000000000
"2023-07-21 14:00:00",181.000000000
"2023-07-21 15:00:00",99.000000000
"2023-07-21 16:00:00",19.000000000
"2023-07-21 17:00:00",44.000000000
"2023-07-21 18:00:00",23.000000000
"2023-07-21 19:00:00",19.000000000
"2023-07-21 20:00:00",23.000000000
"2023-07-21 21:00:00",19.000000000
"2023-07-21 22:00:00",19.000000000
"2023-07-21 23:00:00",20.000000000
"2023-07-22 00:00:00",19.000000000
"2023-07-22 01:00:00",20.000000000
"2023-07-22 02:00:00",19.000000000
"2023-07-22 03:00:00",19.000000000
"2023-07-22 04:00:00",20.000000000
"2023-07-22 05:00:00",19.000000000
"2023-07-22 06:00:00",19.000000000
"2023-07-22 07:00:00",20.000000000
"2023-07-22 08:00:00",19.000000000
"2023-07-22 09:00:00",19.000000000
"2023-07-22 10:00:00",19.000000000
"2023-07-22 11:00:00",41.000000000
"2023-07-22 12:00:00",90.000000000
"2023-07-22 13:00:00",158.000000000
"2023-07-22 14:00:00",356.000000000
"2023-07-22 15:00:00",463.000000000
"2023-07-22 16:00:00",570.000000000
"2023-07-22 17:00:00",43.000000000
"2023-07-22 18:00:00",20.000000000
"2023-07-22 19:00:00",18.000000000
"2023-07-22 20:00:00",19.000000000
"2023-07-22 21:00:00",20.000000000
"2023-07-22 22:00:00",19.000000000
"2023-07-22 23:00:00",19.000000000
"2023-07-23 00:00:00",19.000000000
"2023-07-23 01:00:00",19.000000000
"2023-07-23 02:00:00",19.000000000
"2023-07-23 03:00:00",19.000000000
"2023-07-23 04:00:00",19.000000000
"2023-07-23 05:00:00",19.000000000
"2023-07-23 06:00:00",19.000000000
"2023-07-23 07:00:00",19.000000000
"2023-07-23 08:00:00",19.000000000
"2023-07-23 09:00:00",19.000000000
"2023-07-23 10:00:00",19.000000000
"2023-07-23 11:00:00",19.000000000
"2023-07-23 12:00:00",20.000000000
"2023-07-23 13:00:00",22.000000000
"2023-07-23 14:00:00",24.000000000
"2023-07-23 15:00:00",22.000000000
"2023-07-23 16:00:00",20.000000000
"2023-07-23 17:00:00",19.000000000
"2023-07-23 18:00:00",19.000000000
"2023-07-23 19:00:00",19.000000000
"2023-07-23 20:00:00",19.000000000
"2023-07-23 21:00:00",19.000000000
"2023-07-23 22:00:00",20.000000000
"2023-07-23 23:00:00",19.000000000
"2023-07-24 00:00:00",19.000000000
"2023-07-24 01:00:00",20.000000000
"2023-07-24 02:00:00",19.000000000
"2023-07-24 03:00:00",19.000000000
"2023-07-24 04:00:00",20.000000000
"2023-07-24 05:00:00",19.000000000
"2023-07-24 06:00:00",19.000000000
"2023-07-24 07:00:00",20.000000000
"2023-07-24 08:00:00",18.000000000
"2023-07-24 09:00:00",19.000000000
"2023-07-24 10:00:00",19.000000000
"2023-07-24 11:00:00",20.000000000
"2023-07-24 12:00:00",19.000000000
"2023-07-24 13:00:00",19.000000000
"2023-07-24 14:00:00",65.000000000
"2023-07-24 15:00:00",192.000000000
"2023-07-24 16:00:00",92.000000000
"2023-07-24 17:00:00",48.000000000
"2023-07-24 18:00:00",19.000000000
"2023-07-24 19:00:00",20.000000000
"2023-07-24 20:00:00",19.000000000
"2023-07-24 21:00:00",18.000000000
"2023-07-24 22:00:00",19.000000000
"2023-07-24 23:00:00",19.000000000
"2023-07-25 00:00:00",19.000000000
"2023-07-25 01:00:00",19.000000000
"2023-07-25 02:00:00",19.000000000
"2023-07-25 03:00:00",20.000000000
"2023-07-25 04:00:00",19.000000000
"2023-07-25 05:00:00",19.000000000
"2023-07-25 06:00:00",19.000000000
"2023-07-25 07:00:00",19.000000000
"2023-07-25 08:00:00",19.000000000
"2023-07-25 09:00:00",19.000000000
"2023-07-25 10:00:00",18.000000000
"2023-07-25 11:00:00",38.000000000
"2023-07-25 12:00:00",67.000000000
"2023-07-25 13:00:00",88.000000000
"2023-07-25 14:00:00",187.000000000
"2023-07-25 15:00:00",204.000000000
"2023-07-25 16:00:00",233.000000000
"2023-07-25 17:00:00",266.000000000
"2023-07-25 18:00:00",291.000000000
"2023-07-25 19:00:00",129.000000000
"2023-07-25 20:00:00",30.000000000
"2023-07-25 21:00:00",20.000000000
"2023-07-25 22:00:00",23.000000000
"2023-07-25 23:00:00",51.000000000
"2023-07-26 00:00:00",29.000000000
"2023-07-26 01:00:00",67.000000000
"2023-07-26 02:00:00",2206.000000000
"2023-07-26 03:00:00",473.000000000
"2023-07-26 04:00:00",165.000000000
"2023-07-26 05:00:00",19.000000000
"2023-07-26 06:00:00",21.000000000
"2023-07-26 07:00:00",49.000000000
"2023-07-26 08:00:00",566.000000000
"2023-07-26 09:00:00",18.000000000
"2023-07-26 10:00:00",18.000000000
"2023-07-26 11:00:00",18.000000000
"2023-07-26 12:00:00",19.000000000
"2023-07-26 13:00:00",18.000000000
"2023-07-26 14:00:00",18.000000000
"2023-07-26 15:00:00",29.000000000
"2023-07-26 16:00:00",38.000000000
"2023-07-26 17:00:00",79.000000000
"2023-07-26 18:00:00",42.000000000
"2023-07-26 19:00:00",22.000000000
"2023-07-26 20:00:00",18.000000000
"2023-07-26 21:00:00",19.000000000
"2023-07-26 22:00:00",18.000000000
"2023-07-26 23:00:00",19.000000000
"2023-07-27 00:00:00",18.000000000
"2023-07-27 01:00:00",19.000000000
"2023-07-27 02:00:00",18.000000000
"2023-07-27 03:00:00",19.000000000
"2023-07-27 04:00:00",19.000000000
"2023-07-27 05:00:00",19.000000000
"2023-07-27 06:00:00",18.000000000
"2023-07-27 07:00:00",19.000000000
"2023-07-27 08:00:00",44.000000000
"2023-07-27 09:00:00",21.000000000
"2023-07-27 10:00:00",18.000000000
"2023-07-27 11:00:00",22.000000000
"2023-07-27 12:00:00",81.000000000
"2023-07-27 13:00:00",198.000000000
"2023-07-27 14:00:00",570.000000000
"2023-07-27 15:00:00",770.000000000
"2023-07-27 16:00:00",1118.000000000
"2023-07-27 17:00:00",669.000000000
"2023-07-27 18:00:00",452.000000000
"2023-07-27 19:00:00",854.000000000
"2023-07-27 20:00:00",403.000000000
"2023-07-27 21:00:00",1022.000000000
"2023-07-27 22:00:00",351.000000000
"2023-07-27 23:00:00",78.000000000
"2023-07-28 00:00:00",112.000000000
"2023-07-28 01:00:00",189.000000000
"2023-07-28 02:00:00",327.000000000
"2023-07-28 03:00:00",407.000000000
"2023-07-28 04:00:00",47.000000000
"2023-07-28 05:00:00",29.000000000
"2023-07-28 06:00:00",19.000000000
"2023-07-28 07:00:00",18.000000000
"2023-07-28 08:00:00",18.000000000
"2023-07-28 09:00:00",18.000000000
"2023-07-28 10:00:00",19.000000000
"2023-07-28 11:00:00",19.000000000
"2023-07-28 12:00:00",18.000000000
"2023-07-28 13:00:00",25.000000000
"2023-07-28 14:00:00",35.000000000
"2023-07-28 15:00:00",22.000000000
"2023-07-28 16:00:00",35.000000000
"2023-07-28 17:00:00",559.000000000
"2023-07-28 18:00:00",336.000000000
"2023-07-28 19:00:00",19.000000000
"2023-07-28 20:00:00",19.000000000
"2023-07-28 21:00:00",87.000000000
"2023-07-28 22:00:00",30.000000000
"2023-07-28 23:00:00",68.000000000
"2023-07-29 00:00:00",47.000000000
"2023-07-29 01:00:00",18.000000000
"2023-07-29 02:00:00",45.000000000
"2023-07-29 03:00:00",64.000000000
"2023-07-29 04:00:00",30.000000000
"2023-07-29 05:00:00",19.000000000
"2023-07-29 06:00:00",18.000000000
"2023-07-29 07:00:00",18.000000000
"2023-07-29 08:00:00",51.000000000
"2023-07-29 09:00:00",109.000000000
"2023-07-29 10:00:00",29.000000000
"2023-07-29 11:00:00",24.000000000
"2023-07-29 12:00:00",124.000000000
"2023-07-29 13:00:00",205.000000000
"2023-07-29 14:00:00",282.000000000
"2023-07-29 15:00:00",311.000000000
"2023-07-29 16:00:00",186.000000000
"2023-07-29 17:00:00",155.000000000
"2023-07-29 18:00:00",129.000000000
"2023-07-29 19:00:00",43.000000000
"2023-07-29 20:00:00",25.000000000
"2023-07-29 21:00:00",17.000000000
"2023-07-29 22:00:00",17.000000000
"2023-07-29 23:00:00",18.000000000
"2023-07-30 00:00:00",17.000000000
"2023-07-30 01:00:00",18.000000000
"2023-07-30 02:00:00",17.000000000
"2023-07-30 03:00:00",18.000000000
"2023-07-30 04:00:00",18.000000000
"2023-07-30 05:00:00",17.000000000
"2023-07-30 06:00:00",18.000000000
"2023-07-30 07:00:00",18.000000000
"2023-07-30 08:00:00",17.000000000
"2023-07-30 09:00:00",18.000000000
"2023-07-30 10:00:00",17.000000000
"2023-07-30 11:00:00",37.000000000
"2023-07-30 12:00:00",19.000000000
"2023-07-30 13:00:00",19.000000000
"2023-07-30 14:00:00",21.000000000
"2023-07-30 15:00:00",26.000000000
"2023-07-30 16:00:00",32.000000000
"2023-07-30 17:00:00",20.000000000
"2023-07-30 18:00:00",22.000000000
"2023-07-30 19:00:00",19.000000000
"2023-07-30 20:00:00",18.000000000
"2023-07-30 21:00:00",18.000000000
"2023-07-30 22:00:00",17.000000000
"2023-07-30 23:00:00",18.000000000
"2023-07-31 00:00:00",18.000000000
"2023-07-31 01:00:00",17.000000000
"2023-07-31 02:00:00",18.000000000
"2023-07-31 03:00:00",17.000000000
"2023-07-31 04:00:00",18.000000000
"2023-07-31 05:00:00",17.000000000
"2023-07-31 06:00:00",17.000000000
"2023-07-31 07:00:00",17.000000000
"2023-07-31 08:00:00",17.000000000
"2023-07-31 09:00:00",17.000000000
"2023-07-31 10:00:00",17.000000000
"2023-07-31 11:00:00",17.000000000
"2023-07-31 12:00:00",24.000000000
"2023-07-31 13:00:00",18.000000000
"2023-07-31 14:00:00",18.000000000
"2023-07-31 15:00:00",27.000000000
"2023-07-31 16:00:00",18.000000000
"2023-07-31 17:00:00",25.000000000
"2023-07-31 18:00:00",25.000000000
"2023-07-31 19:00:00",25.000000000
"2023-07-31 20:00:00",33.000000000
"2023-07-31 21:00:00",18.000000000
"2023-07-31 22:00:00",17.000000000
"2023-07-31 23:00:00",18.000000000
"2023-08-01 00:00:00",17.000000000
"2023-08-01 01:00:00",18.000000000
"2023-08-01 02:00:00",20.000000000
"2023-08-01 03:00:00",18.000000000
"2023-08-01 04:00:00",17.000000000
"2023-08-01 05:00:00",17.000000000
"2023-08-01 06:00:00",17.000000000
"2023-08-01 07:00:00",17.000000000
"2023-08-01 08:00:00",17.000000000
"2023-08-01 09:00:00",34.000000000
"2023-08-01 10:00:00",40.000000000
"2023-08-01 11:00:00",52.000000000
"2023-08-01 12:00:00",81.000000000
"2023-08-01 13:00:00",123.000000000
"2023-08-01 14:00:00",114.000000000
"2023-08-01 15:00:00",180.000000000
"2023-08-01 16:00:00",99.000000000
"2023-08-01 17:00:00",73.000000000
"2023-08-01 18:00:00",30.000000000
"2023-08-01 19:00:00",47.000000000
"2023-08-01 20:00:00",16.000000000
"2023-08-01 21:00:00",16.000000000
"2023-08-01 22:00:00",44.000000000
"2023-08-01 23:00:00",16.000000000
"2023-08-02 00:00:00",16.000000000
"2023-08-02 01:00:00",33.000000000
"2023-08-02 02:00:00",16.000000000
"2023-08-02 03:00:00",16.000000000
"2023-08-02 04:00:00",17.000000000
"2023-08-02 05:00:00",16.000000000
"2023-08-02 06:00:00",16.000000000
"2023-08-02 07:00:00",16.000000000
"2023-08-02 08:00:00",16.000000000
"2023-08-02 09:00:00",15.000000000
"2023-08-02 10:00:00",16.000000000
"2023-08-02 11:00:00",16.000000000
"2023-08-02 12:00:00",17.000000000
"2023-08-02 13:00:00",27.000000000
"2023-08-02 14:00:00",42.000000000
"2023-08-02 15:00:00",17.000000000
"2023-08-02 16:00:00",30.000000000
"2023-08-02 17:00:00",56.000000000
"2023-08-02 18:00:00",127.000000000
"2023-08-02 19:00:00",47.000000000
"2023-08-02 20:00:00",41.000000000
"2023-08-02 21:00:00",16.000000000
"2023-08-02 22:00:00",17.000000000
"2023-08-02 23:00:00",16.000000000
"2023-08-03 00:00:00",24.000000000
"2023-08-03 01:00:00",17.000000000
"2023-08-03 02:00:00",17.000000000
"2023-08-03 03:00:00",20.000000000
"2023-08-03 04:00:00",16.000000000
"2023-08-03 05:00:00",16.000000000
"2023-08-03 06:00:00",16.000000000
"2023-08-03 07:00:00",16.000000000
"2023-08-03 08:00:00",15.000000000
"2023-08-03 09:00:00",16.000000000
"2023-08-03 10:00:00",15.000000000
"2023-08-03 11:00:00",15.000000000
"2023-08-03 12:00:00",17.000000000
"2023-08-03 13:00:00",15.000000000
"2023-08-03 14:00:00",16.000000000
"2023-08-03 15:00:00",26.000000000
"2023-08-03 16:00:00",51.000000000
"2023-08-03 17:00:00",74.000000000
"2023-08-03 18:00:00",34.000000000
"2023-08-03 19:00:00",19.000000000
"2023-08-03 20:00:00",16.000000000
"2023-08-03 21:00:00",16.000000000
"2023-08-03 22:00:00",528.000000000
"2023-08-03 23:00:00",21.000000000
"2023-08-04 00:00:00",34.000000000
"2023-08-04 01:00:00",15.000000000
"2023-08-04 02:00:00",16.000000000
"2023-08-04 03:00:00",16.000000000
"2023-08-04 04:00:00",16.000000000
"2023-08-04 05:00:00",16.000000000
"2023-08-04 06:00:00",16.000000000
"2023-08-04 07:00:00",16.000000000
"2023-08-04 08:00:00",15.000000000
"2023-08-04 09:00:00",16.000000000
"2023-08-04 10:00:00",15.000000000
"2023-08-04 11:00:00",15.000000000
"2023-08-04 12:00:00",22.000000000
"2023-08-04 13:00:00",22.000000000
"2023-08-04 14:00:00",19.000000000
"2023-08-04 15:00:00",76.000000000
"2023-08-04 16:00:00",122.000000000
"2023-08-04 17:00:00",183.000000000
"2023-08-04 18:00:00",256.000000000
"2023-08-04 19:00:00",133.000000000
"2023-08-04 20:00:00",110.000000000
"2023-08-04 21:00:00",35.000000000
"2023-08-04 22:00:00",20.000000000
"2023-08-04 23:00:00",28.000000000
"2023-08-05 00:00:00",20.000000000
"2023-08-05 01:00:00",59.000000000
"2023-08-05 02:00:00",51.000000000
"2023-08-05 03:00:00",45.000000000
"2023-08-05 04:00:00",23.000000000
"2023-08-05 05:00:00",52.000000000
"2023-08-05 06:00:00",23.000000000
"2023-08-05 07:00:00",47.000000000
"2023-08-05 08:00:00",63.000000000
"2023-08-05 09:00:00",177.000000000
"2023-08-05 10:00:00",97.000000000
"2023-08-05 11:00:00",114.000000000
"2023-08-05 12:00:00",51.000000000
"2023-08-05 13:00:00",33.000000000
"2023-08-05 14:00:00",33.000000000
"2023-08-05 15:00:00",25.000000000
"2023-08-05 16:00:00",73.000000000
"2023-08-05 17:00:00",69.000000000
"2023-08-05 18:00:00",147.000000000
"2023-08-05 19:00:00",100.000000000
"2023-08-05 20:00:00",79.000000000
"2023-08-05 21:00:00",45.000000000
"2023-08-05 22:00:00",18.000000000
"2023-08-05 23:00:00",18.000000000
"2023-08-06 00:00:00",15.000000000
"2023-08-06 01:00:00",19.000000000
"2023-08-06 02:00:00",18.000000000
"2023-08-06 03:00:00",34.000000000
"2023-08-06 04:00:00",21.000000000
"2023-08-06 05:00:00",15.000000000
"2023-08-06 06:00:00",17.000000000
"2023-08-06 07:00:00",41.000000000
"2023-08-06 08:00:00",60.000000000
"2023-08-06 09:00:00",26.000000000
"2023-08-06 10:00:00",23.000000000
"2023-08-06 11:00:00",17.000000000
"2023-08-06 12:00:00",16.000000000
"2023-08-06 13:00:00",15.000000000
"2023-08-06 14:00:00",84.000000000
"2023-08-06 15:00:00",20.000000000
"2023-08-06 16:00:00",15.000000000
"2023-08-06 17:00:00",16.000000000
"2023-08-06 18:00:00",15.000000000
"2023-08-06 19:00:00",16.000000000
"2023-08-06 20:00:00",16.000000000
"2023-08-06 21:00:00",15.000000000
"2023-08-06 22:00:00",16.000000000
"2023-08-06 23:00:00",16.000000000
"2023-08-07 00:00:00",16.000000000
"2023-08-07 01:00:00",16.000000000
"2023-08-07 02:00:00",16.000000000
"2023-08-07 03:00:00",16.000000000
"2023-08-07 04:00:00",16.000000000
"2023-08-07 05:00:00",16.000000000
"2023-08-07 06:00:00",16.000000000
"2023-08-07 07:00:00",16.000000000
"2023-08-07 08:00:00",16.000000000
"2023-08-07 09:00:00",16.000000000
"2023-08-07 10:00:00",20.000000000
"2023-08-07 11:00:00",17.000000000
"2023-08-07 12:00:00",42.000000000
"2023-08-07 13:00:00",81.000000000
"2023-08-07 14:00:00",83.000000000
"2023-08-07 15:00:00",134.000000000
"2023-08-07 16:00:00",82.000000000
"2023-08-07 17:00:00",88.000000000
"2023-08-07 18:00:00",141.000000000
"2023-08-07 19:00:00",108.000000000
"2023-08-07 20:00:00",39.000000000
"2023-08-07 21:00:00",20.000000000
"2023-08-07 22:00:00",18.000000000
"2023-08-07 23:00:00",17.000000000
"2023-08-08 00:00:00",16.000000000
"2023-08-08 01:00:00",16.000000000
"2023-08-08 02:00:00",17.000000000
"2023-08-08 03:00:00",16.000000000
"2023-08-08 04:00:00",17.000000000
"2023-08-08 05:00:00",16.000000000
"2023-08-08 06:00:00",16.000000000
"2023-08-08 07:00:00",17.000000000
"2023-08-08 08:00:00",16.000000000
"2023-08-08 09:00:00",16.000000000
"2023-08-08 10:00:00",16.000000000
"2023-08-08 11:00:00",16.000000000
"2023-08-08 12:00:00",16.000000000
"2023-08-08 13:00:00",23.000000000
"2023-08-08 14:00:00",59.000000000
"2023-08-08 15:00:00",94.000000000
"2023-08-08 16:00:00",149.000000000
"2023-08-08 17:00:00",160.000000000
"2023-08-08 18:00:00",136.000000000
"2023-08-08 19:00:00",94.000000000
"2023-08-08 20:00:00",36.000000000
"2023-08-08 21:00:00",17.000000000
"2023-08-08 22:00:00",17.000000000
"2023-08-08 23:00:00",17.000000000
"2023-08-09 00:00:00",22.000000000
"2023-08-09 01:00:00",36.000000000
"2023-08-09 02:00:00",16.000000000
"2023-08-09 03:00:00",17.000000000
"2023-08-09 04:00:00",17.000000000
"2023-08-09 05:00:00",17.000000000
"2023-08-09 06:00:00",16.000000000
"2023-08-09 07:00:00",17.000000000
"2023-08-09 08:00:00",16.000000000
"2023-08-09 09:00:00",17.000000000
"2023-08-09 10:00:00",16.000000000
"2023-08-09 11:00:00",17.000000000
"2023-08-09 12:00:00",16.000000000
"2023-08-09 13:00:00",48.000000000
"2023-08-09 14:00:00",17.000000000
"2023-08-09 15:00:00",16.000000000
"2023-08-09 16:00:00",65.000000000
"2023-08-09 17:00:00",22.000000000
"2023-08-09 18:00:00",69.000000000
"2023-08-09 19:00:00",33.000000000
"2023-08-09 20:00:00",24.000000000
"2023-08-09 21:00:00",16.000000000
"2023-08-09 22:00:00",17.000000000
"2023-08-09 23:00:00",17.000000000
"2023-08-10 00:00:00",17.000000000
"2023-08-10 01:00:00",17.000000000
"2023-08-10 02:00:00",17.000000000
"2023-08-10 03:00:00",37.000000000
"2023-08-10 04:00:00",18.000000000
"2023-08-10 05:00:00",17.000000000
"2023-08-10 06:00:00",16.000000000
"2023-08-10 07:00:00",17.000000000
"2023-08-10 08:00:00",17.000000000
"2023-08-10 09:00:00",16.000000000
"2023-08-10 10:00:00",16.000000000
"2023-08-10 11:00:00",17.000000000
"2023-08-10 12:00:00",16.000000000
"2023-08-10 13:00:00",16.000000000
"2023-08-10 14:00:00",17.000000000
"2023-08-10 15:00:00",16.000000000
"2023-08-10 16:00:00",17.000000000
"2023-08-10 17:00:00",16.000000000
"2023-08-10 18:00:00",54.000000000
"2023-08-10 19:00:00",39.000000000
"2023-08-10 20:00:00",29.000000000
"2023-08-10 21:00:00",17.000000000
"2023-08-10 22:00:00",75.000000000
"2023-08-10 23:00:00",72.000000000
"2023-08-11 00:00:00",168.000000000
"2023-08-11 01:00:00",163.000000000
"2023-08-11 02:00:00",25.000000000
"2023-08-11 03:00:00",40.000000000
"2023-08-11 04:00:00",16.000000000
"2023-08-11 05:00:00",17.000000000
"2023-08-11 06:00:00",19.000000000
"2023-08-11 07:00:00",16.000000000
"2023-08-11 08:00:00",17.000000000
"2023-08-11 09:00:00",18.000000000
"2023-08-11 10:00:00",22.000000000
"2023-08-11 11:00:00",63.000000000
"2023-08-11 12:00:00",87.000000000
"2023-08-11 13:00:00",105.000000000
"2023-08-11 14:00:00",95.000000000
"2023-08-11 15:00:00",160.000000000
"2023-08-11 16:00:00",122.000000000
"2023-08-11 17:00:00",234.000000000
"2023-08-11 18:00:00",1585.000000000
"2023-08-11 19:00:00",20.000000000
"2023-08-11 20:00:00",16.000000000
"2023-08-11 21:00:00",17.000000000
"2023-08-11 22:00:00",17.000000000
"2023-08-11 23:00:00",16.000000000
"2023-08-12 00:00:00",17.000000000
"2023-08-12 01:00:00",17.000000000
"2023-08-12 02:00:00",16.000000000
"2023-08-12 03:00:00",17.000000000
"2023-08-12 04:00:00",17.000000000
"2023-08-12 05:00:00",17.000000000
"2023-08-12 06:00:00",16.000000000
"2023-08-12 07:00:00",17.000000000
"2023-08-12 08:00:00",16.000000000
"2023-08-12 09:00:00",17.000000000
"2023-08-12 10:00:00",106.000000000
"2023-08-12 11:00:00",84.000000000
"2023-08-12 12:00:00",405.000000000
"2023-08-12 13:00:00",506.000000000
"2023-08-12 14:00:00",459.000000000
"2023-08-12 15:00:00",323.000000000
"2023-08-12 16:00:00",387.000000000
"2023-08-12 17:00:00",365.000000000
"2023-08-12 18:00:00",386.000000000
"2023-08-12 19:00:00",250.000000000
"2023-08-12 20:00:00",164.000000000
"2023-08-12 21:00:00",78.000000000
"2023-08-12 22:00:00",17.000000000
"2023-08-12 23:00:00",16.000000000
"2023-08-13 00:00:00",17.000000000
"2023-08-13 01:00:00",16.000000000
"2023-08-13 02:00:00",17.000000000
"2023-08-13 03:00:00",17.000000000
"2023-08-13 04:00:00",16.000000000
"2023-08-13 05:00:00",17.000000000
"2023-08-13 06:00:00",16.000000000
"2023-08-13 07:00:00",17.000000000
"2023-08-13 08:00:00",16.000000000
"2023-08-13 09:00:00",16.000000000
"2023-08-13 10:00:00",16.000000000
"2023-08-13 11:00:00",17.000000000
"2023-08-13 12:00:00",16.000000000
"2023-08-13 13:00:00",15.000000000
"2023-08-13 14:00:00",16.000000000
"2023-08-13 15:00:00",22.000000000
"2023-08-13 16:00:00",43.000000000
"2023-08-13 17:00:00",213.000000000
"2023-08-13 18:00:00",83.000000000
"2023-08-13 19:00:00",82.000000000
"2023-08-13 20:00:00",20.000000000
"2023-08-13 21:00:00",49.000000000
"2023-08-13 22:00:00",60.000000000
"2023-08-13 23:00:00",32.000000000
"2023-08-14 00:00:00",71.000000000
"2023-08-14 01:00:00",105.000000000
"2023-08-14 02:00:00",177.000000000
"2023-08-14 03:00:00",125.000000000
"2023-08-14 04:00:00",97.000000000
"2023-08-14 05:00:00",64.000000000
"2023-08-14 06:00:00",70.000000000
"2023-08-14 07:00:00",118.000000000
"2023-08-14 08:00:00",97.000000000
"2023-08-14 09:00:00",177.000000000
"2023-08-14 10:00:00",235.000000000
"2023-08-14 11:00:00",468.000000000
"2023-08-14 12:00:00",217.000000000
"2023-08-14 13:00:00",154.000000000
"2023-08-14 14:00:00",260.000000000
"2023-08-14 15:00:00",116.000000000
"2023-08-14 16:00:00",77.000000000
"2023-08-14 17:00:00",67.000000000
"2023-08-14 18:00:00",96.000000000
"2023-08-14 19:00:00",134.000000000
"2023-08-14 20:00:00",26.000000000
"2023-08-14 21:00:00",15.000000000
"2023-08-14 22:00:00",16.000000000
"2023-08-14 23:00:00",16.000000000
"2023-08-15 00:00:00",17.000000000
"2023-08-15 01:00:00",16.000000000
"2023-08-15 02:00:00",15.000000000
"2023-08-15 03:00:00",16.000000000
"2023-08-15 04:00:00",16.000000000
"2023-08-15 05:00:00",15.000000000
"2023-08-15 06:00:00",16.000000000
"2023-08-15 07:00:00",15.000000000
"2023-08-15 08:00:00",16.000000000
"2023-08-15 09:00:00",15.000000000
"2023-08-15 10:00:00",15.000000000
"2023-08-15 11:00:00",16.000000000
"2023-08-15 12:00:00",102.000000000
"2023-08-15 13:00:00",225.000000000
"2023-08-15 14:00:00",290.000000000
"2023-08-15 15:00:00",172.000000000
"2023-08-15 16:00:00",224.000000000
"2023-08-15 17:00:00",225.000000000
"2023-08-15 18:00:00",196.000000000
"2023-08-15 19:00:00",136.000000000
"2023-08-15 20:00:00",63.000000000
"2023-08-15 21:00:00",44.000000000
"2023-08-15 22:00:00",46.000000000
"2023-08-15 23:00:00",45.000000000
"2023-08-16 00:00:00",37.000000000
"2023-08-16 01:00:00",112.000000000
"2023-08-16 02:00:00",74.000000000
"2023-08-16 03:00:00",44.000000000
"2023-08-16 04:00:00",32.000000000
"2023-08-16 05:00:00",48.000000000
"2023-08-16 06:00:00",23.000000000
"2023-08-16 07:00:00",22.000000000
"2023-08-16 08:00:00",61.000000000
"2023-08-16 09:00:00",139.000000000
"2023-08-16 10:00:00",664.000000000
"2023-08-16 11:00:00",777.000000000
"2023-08-16 12:00:00",1114.000000000
"2023-08-16 13:00:00",1223.000000000
"2023-08-16 14:00:00",1563.000000000
"2023-08-16 15:00:00",1279.000000000
"2023-08-16 16:00:00",1910.000000000
"2023-08-16 17:00:00",1541.000000000
"2023-08-16 18:00:00",1714.000000000
"2023-08-16 19:00:00",1279.000000000
"2023-08-16 20:00:00",1057.000000000
"2023-08-16 21:00:00",627.000000000
"2023-08-16 22:00:00",1389.000000000
"2023-08-16 23:00:00",721.000000000
"2023-08-17 00:00:00",111.000000000
"2023-08-17 01:00:00",144.000000000
"2023-08-17 02:00:00",80.000000000
"2023-08-17 03:00:00",208.000000000
"2023-08-17 04:00:00",412.000000000
"2023-08-17 05:00:00",622.000000000
"2023-08-17 06:00:00",581.000000000
"2023-08-17 07:00:00",310.000000000
"2023-08-17 08:00:00",667.000000000
"2023-08-17 09:00:00",1025.000000000
"2023-08-17 10:00:00",1433.000000000
"2023-08-17 11:00:00",1299.000000000
"2023-08-17 12:00:00",1122.000000000
"2023-08-17 13:00:00",763.000000000
"2023-08-17 14:00:00",798.000000000
"2023-08-17 15:00:00",614.000000000
"2023-08-17 16:00:00",592.000000000
"2023-08-17 17:00:00",400.000000000
"2023-08-17 18:00:00",251.000000000
"2023-08-17 19:00:00",192.000000000
"2023-08-17 20:00:00",67.000000000
"2023-08-17 21:00:00",19.000000000
"2023-08-17 22:00:00",15.000000000
"2023-08-17 23:00:00",15.000000000
"2023-08-18 00:00:00",15.000000000
"2023-08-18 01:00:00",15.000000000
"2023-08-18 02:00:00",15.000000000
"2023-08-18 03:00:00",16.000000000
"2023-08-18 04:00:00",15.000000000
"2023-08-18 05:00:00",15.000000000
"2023-08-18 06:00:00",15.000000000
"2023-08-18 07:00:00",15.000000000
"2023-08-18 08:00:00",14.000000000
"2023-08-18 09:00:00",15.000000000
"2023-08-18 10:00:00",29.000000000
"2023-08-18 11:00:00",199.000000000
"2023-08-18 12:00:00",277.000000000
"2023-08-18 13:00:00",443.000000000
"2023-08-18 14:00:00",661.000000000
"2023-08-18 15:00:00",723.000000000
"2023-08-18 16:00:00",867.000000000
"2023-08-18 17:00:00",652.000000000
"2023-08-18 18:00:00",538.000000000
"2023-08-18 19:00:00",834.000000000
"2023-08-18 20:00:00",589.000000000
"2023-08-18 21:00:00",220.000000000
"2023-08-18 22:00:00",101.000000000
"2023-08-18 23:00:00",255.000000000
"2023-08-19 00:00:00",194.000000000
"2023-08-19 01:00:00",151.000000000
"2023-08-19 02:00:00",96.000000000
"2023-08-19 03:00:00",177.000000000
"2023-08-19 04:00:00",202.000000000
"2023-08-19 05:00:00",221.000000000
"2023-08-19 06:00:00",179.000000000
"2023-08-19 07:00:00",239.000000000
"2023-08-19 08:00:00",271.000000000
"2023-08-19 09:00:00",269.000000000
"2023-08-19 10:00:00",343.000000000
"2023-08-19 11:00:00",185.000000000
"2023-08-19 12:00:00",199.000000000
"2023-08-19 13:00:00",99.000000000
"2023-08-19 14:00:00",48.000000000
"2023-08-19 15:00:00",27.000000000
"2023-08-19 16:00:00",27.000000000
"2023-08-19 17:00:00",18.000000000
"2023-08-19 18:00:00",40.000000000
"2023-08-19 19:00:00",83.000000000
"2023-08-19 20:00:00",121.000000000
"2023-08-19 21:00:00",15.000000000
"2023-08-19 22:00:00",15.000000000
"2023-08-19 23:00:00",15.000000000
"2023-08-20 00:00:00",16.000000000
"2023-08-20 01:00:00",126.000000000
"2023-08-20 02:00:00",180.000000000
"2023-08-20 03:00:00",160.000000000
"2023-08-20 04:00:00",225.000000000
"2023-08-20 05:00:00",234.000000000
"2023-08-20 06:00:00",158.000000000
"2023-08-20 07:00:00",213.000000000
"2023-08-20 08:00:00",171.000000000
"2023-08-20 09:00:00",211.000000000
"2023-08-20 10:00:00",159.000000000
"2023-08-20 11:00:00",73.000000000
"2023-08-20 12:00:00",32.000000000
"2023-08-20 13:00:00",96.000000000
"2023-08-20 14:00:00",156.000000000
"2023-08-20 15:00:00",188.000000000
"2023-08-20 16:00:00",105.000000000
"2023-08-20 17:00:00",170.000000000
"2023-08-20 18:00:00",108.000000000
"2023-08-20 19:00:00",37.000000000
"2023-08-20 20:00:00",25.000000000
"2023-08-20 21:00:00",15.000000000
"2023-08-20 22:00:00",16.000000000
"2023-08-20 23:00:00",15.000000000
"2023-08-21 00:00:00",15.000000000
"2023-08-21 01:00:00",15.000000000
"2023-08-21 02:00:00",15.000000000
"2023-08-21 03:00:00",19.000000000
"2023-08-21 04:00:00",30.000000000
"2023-08-21 05:00:00",27.000000000
"2023-08-21 06:00:00",24.000000000
"2023-08-21 07:00:00",67.000000000
"2023-08-21 08:00:00",68.000000000
"2023-08-21 09:00:00",39.000000000
"2023-08-21 10:00:00",56.000000000
"2023-08-21 11:00:00",50.000000000
"2023-08-21 12:00:00",62.000000000
"2023-08-21 13:00:00",47.000000000
"2023-08-21 14:00:00",122.000000000
"2023-08-21 15:00:00",138.000000000
"2023-08-21 16:00:00",121.000000000
"2023-08-21 17:00:00",181.000000000
"2023-08-21 18:00:00",241.000000000
"2023-08-21 19:00:00",306.000000000
"2023-08-21 20:00:00",216.000000000
"2023-08-21 21:00:00",117.000000000
"2023-08-21 22:00:00",49.000000000
"2023-08-21 23:00:00",96.000000000
"2023-08-22 00:00:00",353.000000000
"2023-08-22 01:00:00",343.000000000
"2023-08-22 02:00:00",253.000000000
"2023-08-22 03:00:00",92.000000000
"2023-08-22 04:00:00",155.000000000
"2023-08-22 05:00:00",111.000000000
"2023-08-22 06:00:00",368.000000000
"2023-08-22 07:00:00",312.000000000
"2023-08-22 08:00:00",400.000000000
"2023-08-22 09:00:00",229.000000000
"2023-08-22 10:00:00",155.000000000
"2023-08-22 11:00:00",131.000000000
"2023-08-22 12:00:00",158.000000000
"2023-08-22 13:00:00",242.000000000
"2023-08-22 14:00:00",321.000000000
"2023-08-22 15:00:00",388.000000000
"2023-08-22 16:00:00",362.000000000
"2023-08-22 17:00:00",309.000000000
"2023-08-22 18:00:00",381.000000000
"2023-08-22 19:00:00",285.000000000
"2023-08-22 20:00:00",129.000000000
"2023-08-22 21:00:00",203.000000000
"2023-08-22 22:00:00",265.000000000
"2023-08-22 23:00:00",289.000000000
"2023-08-23 00:00:00",346.000000000
"2023-08-23 01:00:00",268.000000000
"2023-08-23 02:00:00",244.000000000
"2023-08-23 03:00:00",155.000000000
"2023-08-23 04:00:00",117.000000000
"2023-08-23 05:00:00",17.000000000
"2023-08-23 06:00:00",16.000000000
"2023-08-23 07:00:00",17.000000000
"2023-08-23 08:00:00",31.000000000
"2023-08-23 09:00:00",63.000000000
"2023-08-23 10:00:00",124.000000000
"2023-08-23 11:00:00",86.000000000
"2023-08-23 12:00:00",24.000000000
"2023-08-23 13:00:00",24.000000000
"2023-08-23 14:00:00",18.000000000
"2023-08-23 15:00:00",27.000000000
"2023-08-23 16:00:00",28.000000000
"2023-08-23 17:00:00",69.000000000
"2023-08-23 18:00:00",50.000000000
"2023-08-23 19:00:00",33.000000000
"2023-08-23 20:00:00",17.000000000
"2023-08-23 21:00:00",16.000000000
"2023-08-23 22:00:00",16.000000000
"2023-08-23 23:00:00",16.000000000
"2023-08-24 00:00:00",16.000000000
"2023-08-24 01:00:00",16.000000000
"2023-08-24 02:00:00",16.000000000
"2023-08-24 03:00:00",17.000000000
"2023-08-24 04:00:00",16.000000000
"2023-08-24 05:00:00",16.000000000
"2023-08-24 06:00:00",16.000000000
"2023-08-24 07:00:00",57.000000000
"2023-08-24 08:00:00",27.000000000
"2023-08-24 09:00:00",15.000000000
"2023-08-24 10:00:00",22.000000000
"2023-08-24 11:00:00",41.000000000
"2023-08-24 12:00:00",86.000000000
"2023-08-24 13:00:00",187.000000000
"2023-08-24 14:00:00",148.000000000
"2023-08-24 15:00:00",114.000000000
"2023-08-24 16:00:00",41.000000000
"2023-08-24 17:00:00",41.000000000
"2023-08-24 18:00:00",29.000000000
"2023-08-24 19:00:00",22.000000000
"2023-08-24 20:00:00",26.000000000
"2023-08-24 21:00:00",26.000000000
"2023-08-24 22:00:00",19.000000000
"2023-08-24 23:00:00",26.000000000
"2023-08-25 00:00:00",15.000000000
"2023-08-25 01:00:00",15.000000000
"2023-08-25 02:00:00",15.000000000
"2023-08-25 03:00:00",16.000000000
"2023-08-25 04:00:00",15.000000000
"2023-08-25 05:00:00",15.000000000
"2023-08-25 06:00:00",15.000000000
"2023-08-25 07:00:00",15.000000000
"2023-08-25 08:00:00",15.000000000
"2023-08-25 09:00:00",15.000000000
"2023-08-25 10:00:00",15.000000000
"2023-08-25 11:00:00",15.000000000
"2023-08-25 12:00:00",14.000000000
"2023-08-25 13:00:00",15.000000000
"2023-08-25 14:00:00",59.000000000
"2023-08-25 15:00:00",173.000000000
"2023-08-25 16:00:00",169.000000000
"2023-08-25 17:00:00",357.000000000
"2023-08-25 18:00:00",421.000000000
"2023-08-25 19:00:00",399.000000000
"2023-08-25 20:00:00",206.000000000
"2023-08-25 21:00:00",30.000000000
"2023-08-25 22:00:00",176.000000000
"2023-08-25 23:00:00",274.000000000
"2023-08-26 00:00:00",171.000000000
"2023-08-26 01:00:00",109.000000000
"2023-08-26 02:00:00",17.000000000
"2023-08-26 03:00:00",39.000000000
"2023-08-26 04:00:00",31.000000000
"2023-08-26 05:00:00",49.000000000
"2023-08-26 06:00:00",34.000000000
"2023-08-26 07:00:00",41.000000000
"2023-08-26 08:00:00",33.000000000
"2023-08-26 09:00:00",165.000000000
"2023-08-26 10:00:00",222.000000000
"2023-08-26 11:00:00",178.000000000
"2023-08-26 12:00:00",104.000000000
"2023-08-26 13:00:00",332.000000000
"2023-08-26 14:00:00",392.000000000
"2023-08-26 15:00:00",174.000000000
"2023-08-26 16:00:00",155.000000000
"2023-08-26 17:00:00",79.000000000
"2023-08-26 18:00:00",100.000000000
"2023-08-26 19:00:00",85.000000000
"2023-08-26 20:00:00",55.000000000
"2023-08-26 21:00:00",26.000000000
"2023-08-26 22:00:00",18.000000000
"2023-08-26 23:00:00",15.000000000
"2023-08-27 00:00:00",15.000000000
"2023-08-27 01:00:00",15.000000000
"2023-08-27 02:00:00",15.000000000
"2023-08-27 03:00:00",15.000000000
"2023-08-27 04:00:00",15.000000000
"2023-08-27 05:00:00",15.000000000
"2023-08-27 06:00:00",15.000000000
"2023-08-27 07:00:00",15.000000000
"2023-08-27 08:00:00",14.000000000
"2023-08-27 09:00:00",15.000000000
"2023-08-27 10:00:00",15.000000000
"2023-08-27 11:00:00",14.000000000
"2023-08-27 12:00:00",15.000000000
"2023-08-27 13:00:00",22.000000000
"2023-08-27 14:00:00",27.000000000
"2023-08-27 15:00:00",30.000000000
"2023-08-27 16:00:00",36.000000000
"2023-08-27 17:00:00",40.000000000
"2023-08-27 18:00:00",37.000000000
"2023-08-27 19:00:00",16.000000000
"2023-08-27 20:00:00",15.000000000
"2023-08-27 21:00:00",15.000000000
"2023-08-27 22:00:00",15.000000000
"2023-08-27 23:00:00",15.000000000
"2023-08-28 00:00:00",15.000000000
"2023-08-28 01:00:00",15.000000000
"2023-08-28 02:00:00",15.000000000
"2023-08-28 03:00:00",16.000000000
"2023-08-28 04:00:00",15.000000000
"2023-08-28 05:00:00",15.000000000
"2023-08-28 06:00:00",29.000000000
"2023-08-28 07:00:00",19.000000000
"2023-08-28 08:00:00",51.000000000
"2023-08-28 09:00:00",51.000000000
"2023-08-28 10:00:00",126.000000000
"2023-08-28 11:00:00",92.000000000
"2023-08-28 12:00:00",143.000000000
"2023-08-28 13:00:00",133.000000000
"2023-08-28 14:00:00",109.000000000
"2023-08-28 15:00:00",118.000000000
"2023-08-28 16:00:00",125.000000000
"2023-08-28 17:00:00",91.000000000
"2023-08-28 18:00:00",57.000000000
"2023-08-28 19:00:00",31.000000000
"2023-08-28 20:00:00",41.000000000
"2023-08-28 21:00:00",15.000000000
"2023-08-28 22:00:00",17.000000000
"2023-08-28 23:00:00",19.000000000
"2023-08-29 00:00:00",15.000000000
"2023-08-29 01:00:00",25.000000000
"2023-08-29 02:00:00",16.000000000
"2023-08-29 03:00:00",15.000000000
"2023-08-29 04:00:00",15.000000000
"2023-08-29 05:00:00",21.000000000
"2023-08-29 06:00:00",15.000000000
"2023-08-29 07:00:00",17.000000000
"2023-08-29 08:00:00",25.000000000
"2023-08-29 09:00:00",23.000000000
"2023-08-29 10:00:00",118.000000000
"2023-08-29 11:00:00",158.000000000
"2023-08-29 12:00:00",234.000000000
"2023-08-29 13:00:00",141.000000000
"2023-08-29 14:00:00",146.000000000
"2023-08-29 15:00:00",81.000000000
"2023-08-29 16:00:00",64.000000000
"2023-08-29 17:00:00",34.000000000
"2023-08-29 18:00:00",15.000000000
"2023-08-29 19:00:00",15.000000000
"2023-08-29 20:00:00",15.000000000
"2023-08-29 21:00:00",15.000000000
"2023-08-29 22:00:00",17.000000000
"2023-08-29 23:00:00",43.000000000
"2023-08-30 00:00:00",157.000000000
"2023-08-30 01:00:00",307.000000000
"2023-08-30 02:00:00",110.000000000
"2023-08-30 03:00:00",109.000000000
"2023-08-30 04:00:00",57.000000000
"2023-08-30 05:00:00",120.000000000
"2023-08-30 06:00:00",59.000000000
"2023-08-30 07:00:00",36.000000000
"2023-08-30 08:00:00",64.000000000
"2023-08-30 09:00:00",77.000000000
"2023-08-30 10:00:00",48.000000000
"2023-08-30 11:00:00",23.000000000
"2023-08-30 12:00:00",18.000000000
"2023-08-30 13:00:00",27.000000000
"2023-08-30 14:00:00",52.000000000
"2023-08-30 15:00:00",68.000000000
"2023-08-30 16:00:00",43.000000000
"2023-08-30 17:00:00",43.000000000
"2023-08-30 18:00:00",23.000000000
"2023-08-30 19:00:00",31.000000000
"2023-08-30 20:00:00",30.000000000
"2023-08-30 21:00:00",37.000000000
"2023-08-30 22:00:00",49.000000000
"2023-08-30 23:00:00",41.000000000
"2023-08-31 00:00:00",93.000000000
