"2023-02-28 01:00:00",883.000000000
"2023-02-28 02:00:00",786.000000000
"2023-02-28 03:00:00",776.000000000
"2023-02-28 04:00:00",767.000000000
"2023-02-28 05:00:00",847.000000000
"2023-02-28 06:00:00",883.000000000
"2023-02-28 07:00:00",919.000000000
"2023-02-28 08:00:00",1096.000000000
"2023-02-28 09:00:00",1170.000000000
"2023-02-28 10:00:00",1229.000000000
"2023-02-28 11:00:00",1251.000000000
"2023-02-28 12:00:00",1274.000000000
"2023-02-28 13:00:00",1277.000000000
"2023-02-28 14:00:00",1294.000000000
"2023-02-28 15:00:00",1277.000000000
"2023-02-28 16:00:00",1298.000000000
"2023-02-28 17:00:00",1298.000000000
"2023-02-28 18:00:00",1246.000000000
"2023-02-28 19:00:00",1211.000000000
"2023-02-28 20:00:00",1207.000000000
"2023-02-28 21:00:00",1177.000000000
"2023-02-28 22:00:00",1135.000000000
"2023-02-28 23:00:00",1069.000000000
"2023-03-01 00:00:00",975.000000000
"2023-03-01 01:00:00",889.000000000
"2023-03-01 02:00:00",793.000000000
"2023-03-01 03:00:00",759.000000000
"2023-03-01 04:00:00",764.000000000
"2023-03-01 05:00:00",805.000000000
"2023-03-01 06:00:00",855.000000000
"2023-03-01 07:00:00",941.000000000
"2023-03-01 08:00:00",1135.000000000
"2023-03-01 09:00:00",1194.000000000
"2023-03-01 10:00:00",1258.000000000
"2023-03-01 11:00:00",1277.000000000
"2023-03-01 12:00:00",1304.000000000
"2023-03-01 13:00:00",1295.000000000
"2023-03-01 14:00:00",1267.000000000
"2023-03-01 15:00:00",1283.000000000
"2023-03-01 16:00:00",1318.000000000
"2023-03-01 17:00:00",1312.000000000
"2023-03-01 18:00:00",1281.000000000
"2023-03-01 19:00:00",1277.000000000
"2023-03-01 20:00:00",1225.000000000
"2023-03-01 21:00:00",1185.000000000
"2023-03-01 22:00:00",1145.000000000
"2023-03-01 23:00:00",1094.000000000
"2023-03-02 00:00:00",965.000000000
"2023-03-02 01:00:00",876.000000000
"2023-03-02 02:00:00",798.000000000
"2023-03-02 03:00:00",782.000000000
"2023-03-02 04:00:00",776.000000000
"2023-03-02 05:00:00",830.000000000
"2023-03-02 06:00:00",868.000000000
"2023-03-02 07:00:00",934.000000000
"2023-03-02 08:00:00",1128.000000000
"2023-03-02 09:00:00",1214.000000000
"2023-03-02 10:00:00",1292.000000000
"2023-03-02 11:00:00",1288.000000000
"2023-03-02 12:00:00",1324.000000000
"2023-03-02 13:00:00",1326.000000000
"2023-03-02 14:00:00",1326.000000000
"2023-03-02 15:00:00",1329.000000000
"2023-03-02 16:00:00",1303.000000000
"2023-03-02 17:00:00",1293.000000000
"2023-03-02 18:00:00",1278.000000000
"2023-03-02 19:00:00",1275.000000000
"2023-03-02 20:00:00",1251.000000000
"2023-03-02 21:00:00",1211.000000000
"2023-03-02 22:00:00",1171.000000000
"2023-03-02 23:00:00",1108.000000000
"2023-03-03 00:00:00",985.000000000
"2023-03-03 01:00:00",900.000000000
"2023-03-03 02:00:00",795.000000000
"2023-03-03 03:00:00",778.000000000
"2023-03-03 04:00:00",765.000000000
"2023-03-03 05:00:00",823.000000000
"2023-03-03 06:00:00",853.000000000
"2023-03-03 07:00:00",915.000000000
"2023-03-03 08:00:00",1086.000000000
"2023-03-03 09:00:00",1160.000000000
"2023-03-03 10:00:00",1185.000000000
"2023-03-03 11:00:00",1213.000000000
"2023-03-03 12:00:00",1270.000000000
"2023-03-03 13:00:00",1275.000000000
"2023-03-03 14:00:00",1252.000000000
"2023-03-03 15:00:00",1273.000000000
"2023-03-03 16:00:00",1256.000000000
"2023-03-03 17:00:00",1250.000000000
"2023-03-03 18:00:00",1237.000000000
"2023-03-03 19:00:00",1224.000000000
"2023-03-03 20:00:00",1172.000000000
"2023-03-03 21:00:00",1073.000000000
"2023-03-03 22:00:00",1027.000000000
"2023-03-03 23:00:00",997.000000000
"2023-03-04 00:00:00",892.000000000
"2023-03-04 01:00:00",839.000000000
"2023-03-04 02:00:00",803.000000000
"2023-03-04 03:00:00",781.000000000
"2023-03-04 04:00:00",769.000000000
"2023-03-04 05:00:00",762.000000000
"2023-03-04 06:00:00",766.000000000
"2023-03-04 07:00:00",787.000000000
"2023-03-04 08:00:00",864.000000000
"2023-03-04 09:00:00",893.000000000
"2023-03-04 10:00:00",998.000000000
"2023-03-04 11:00:00",1047.000000000
"2023-03-04 12:00:00",1064.000000000
"2023-03-04 13:00:00",1088.000000000
"2023-03-04 14:00:00",1088.000000000
"2023-03-04 15:00:00",1093.000000000
"2023-03-04 16:00:00",1140.000000000
"2023-03-04 17:00:00",1158.000000000
"2023-03-04 18:00:00",1160.000000000
"2023-03-04 19:00:00",1156.000000000
"2023-03-04 20:00:00",1147.000000000
"2023-03-04 21:00:00",1054.000000000
"2023-03-04 22:00:00",1011.000000000
"2023-03-04 23:00:00",975.000000000
"2023-03-05 00:00:00",911.000000000
"2023-03-05 01:00:00",851.000000000
"2023-03-05 02:00:00",797.000000000
"2023-03-05 03:00:00",778.000000000
"2023-03-05 04:00:00",772.000000000
"2023-03-05 05:00:00",775.000000000
"2023-03-05 06:00:00",786.000000000
"2023-03-05 07:00:00",798.000000000
"2023-03-05 08:00:00",895.000000000
"2023-03-05 09:00:00",905.000000000
"2023-03-05 10:00:00",979.000000000
"2023-03-05 11:00:00",1028.000000000
"2023-03-05 12:00:00",1044.000000000
"2023-03-05 13:00:00",1125.000000000
"2023-03-05 14:00:00",1132.000000000
"2023-03-05 15:00:00",1124.000000000
"2023-03-05 16:00:00",1141.000000000
"2023-03-05 17:00:00",1140.000000000
"2023-03-05 18:00:00",1155.000000000
"2023-03-05 19:00:00",1208.000000000
"2023-03-05 20:00:00",1210.000000000
"2023-03-05 21:00:00",1194.000000000
"2023-03-05 22:00:00",1171.000000000
"2023-03-05 23:00:00",1132.000000000
"2023-03-06 00:00:00",1021.000000000
"2023-03-06 01:00:00",952.000000000
"2023-03-06 02:00:00",854.000000000
"2023-03-06 03:00:00",829.000000000
"2023-03-06 04:00:00",815.000000000
"2023-03-06 05:00:00",859.000000000
"2023-03-06 06:00:00",883.000000000
"2023-03-06 07:00:00",940.000000000
"2023-03-06 08:00:00",1101.000000000
"2023-03-06 09:00:00",1163.000000000
"2023-03-06 10:00:00",1212.000000000
"2023-03-06 11:00:00",1266.000000000
"2023-03-06 12:00:00",1308.000000000
"2023-03-06 13:00:00",1321.000000000
"2023-03-06 14:00:00",1299.000000000
"2023-03-06 15:00:00",1315.000000000
"2023-03-06 16:00:00",1326.000000000
"2023-03-06 17:00:00",1333.000000000
"2023-03-06 18:00:00",1289.000000000
"2023-03-06 19:00:00",1280.000000000
"2023-03-06 20:00:00",1222.000000000
"2023-03-06 21:00:00",1183.000000000
"2023-03-06 22:00:00",1143.000000000
"2023-03-06 23:00:00",1084.000000000
"2023-03-07 00:00:00",965.000000000
"2023-03-07 01:00:00",902.000000000
"2023-03-07 02:00:00",818.000000000
"2023-03-07 03:00:00",788.000000000
"2023-03-07 04:00:00",784.000000000
"2023-03-07 05:00:00",842.000000000
"2023-03-07 06:00:00",864.000000000
"2023-03-07 07:00:00",890.000000000
"2023-03-07 08:00:00",1067.000000000
"2023-03-07 09:00:00",1173.000000000
"2023-03-07 10:00:00",1241.000000000
"2023-03-07 11:00:00",1300.000000000
"2023-03-07 12:00:00",1339.000000000
"2023-03-07 13:00:00",1317.000000000
"2023-03-07 14:00:00",1312.000000000
"2023-03-07 15:00:00",1297.000000000
"2023-03-07 16:00:00",1316.000000000
"2023-03-07 17:00:00",1295.000000000
"2023-03-07 18:00:00",1234.000000000
"2023-03-07 19:00:00",1225.000000000
"2023-03-07 20:00:00",1223.000000000
"2023-03-07 21:00:00",1174.000000000
"2023-03-07 22:00:00",1123.000000000
"2023-03-07 23:00:00",1042.000000000
"2023-03-08 00:00:00",955.000000000
"2023-03-08 01:00:00",861.000000000
"2023-03-08 02:00:00",779.000000000
"2023-03-08 03:00:00",752.000000000
"2023-03-08 04:00:00",738.000000000
"2023-03-08 05:00:00",793.000000000
"2023-03-08 06:00:00",845.000000000
"2023-03-08 07:00:00",916.000000000
"2023-03-08 08:00:00",1089.000000000
"2023-03-08 09:00:00",1147.000000000
"2023-03-08 10:00:00",1204.000000000
"2023-03-08 11:00:00",1229.000000000
"2023-03-08 12:00:00",1292.000000000
"2023-03-08 13:00:00",1346.000000000
"2023-03-08 14:00:00",1357.000000000
"2023-03-08 15:00:00",1342.000000000
"2023-03-08 16:00:00",1326.000000000
"2023-03-08 17:00:00",1261.000000000
"2023-03-08 18:00:00",1220.000000000
"2023-03-08 19:00:00",1229.000000000
"2023-03-08 20:00:00",1208.000000000
"2023-03-08 21:00:00",1168.000000000
"2023-03-08 22:00:00",1120.000000000
"2023-03-08 23:00:00",1078.000000000
"2023-03-09 00:00:00",973.000000000
"2023-03-09 01:00:00",863.000000000
"2023-03-09 02:00:00",777.000000000
"2023-03-09 03:00:00",769.000000000
"2023-03-09 04:00:00",749.000000000
"2023-03-09 05:00:00",812.000000000
"2023-03-09 06:00:00",838.000000000
"2023-03-09 07:00:00",888.000000000
"2023-03-09 08:00:00",1104.000000000
"2023-03-09 09:00:00",1179.000000000
"2023-03-09 10:00:00",1287.000000000
"2023-03-09 11:00:00",1292.000000000
"2023-03-09 12:00:00",1335.000000000
"2023-03-09 13:00:00",1331.000000000
"2023-03-09 14:00:00",1328.000000000
"2023-03-09 15:00:00",1276.000000000
"2023-03-09 16:00:00",1281.000000000
"2023-03-09 17:00:00",1303.000000000
"2023-03-09 18:00:00",1245.000000000
"2023-03-09 19:00:00",1241.000000000
"2023-03-09 20:00:00",1218.000000000
"2023-03-09 21:00:00",1186.000000000
"2023-03-09 22:00:00",1180.000000000
"2023-03-09 23:00:00",1121.000000000
"2023-03-10 00:00:00",1014.000000000
"2023-03-10 01:00:00",948.000000000
"2023-03-10 02:00:00",846.000000000
"2023-03-10 03:00:00",824.000000000
"2023-03-10 04:00:00",817.000000000
"2023-03-10 05:00:00",861.000000000
"2023-03-10 06:00:00",901.000000000
"2023-03-10 07:00:00",926.000000000
"2023-03-10 08:00:00",1072.000000000
"2023-03-10 09:00:00",1125.000000000
"2023-03-10 10:00:00",1215.000000000
"2023-03-10 11:00:00",1270.000000000
"2023-03-10 12:00:00",1306.000000000
"2023-03-10 13:00:00",1282.000000000
"2023-03-10 14:00:00",1266.000000000
"2023-03-10 15:00:00",1256.000000000
"2023-03-10 16:00:00",1233.000000000
"2023-03-10 17:00:00",1203.000000000
"2023-03-10 18:00:00",1162.000000000
"2023-03-10 19:00:00",1149.000000000
"2023-03-10 20:00:00",1100.000000000
"2023-03-10 21:00:00",1047.000000000
"2023-03-10 22:00:00",1006.000000000
"2023-03-10 23:00:00",968.000000000
"2023-03-11 00:00:00",858.000000000
"2023-03-11 01:00:00",794.000000000
"2023-03-11 02:00:00",779.000000000
"2023-03-11 03:00:00",754.000000000
"2023-03-11 04:00:00",756.000000000
"2023-03-11 05:00:00",759.000000000
"2023-03-11 06:00:00",760.000000000
"2023-03-11 07:00:00",743.000000000
"2023-03-11 08:00:00",852.000000000
"2023-03-11 09:00:00",905.000000000
"2023-03-11 10:00:00",990.000000000
"2023-03-11 11:00:00",1013.000000000
"2023-03-11 12:00:00",1040.000000000
"2023-03-11 13:00:00",1094.000000000
"2023-03-11 14:00:00",1124.000000000
"2023-03-11 15:00:00",1131.000000000
"2023-03-11 16:00:00",1093.000000000
"2023-03-11 17:00:00",1088.000000000
"2023-03-11 18:00:00",1076.000000000
"2023-03-11 19:00:00",1062.000000000
"2023-03-11 20:00:00",1028.000000000
"2023-03-11 21:00:00",977.000000000
"2023-03-11 22:00:00",946.000000000
"2023-03-11 23:00:00",921.000000000
"2023-03-12 00:00:00",827.000000000
"2023-03-12 01:00:00",784.000000000
"2023-03-12 04:00:00",750.000000000
"2023-03-12 05:00:00",763.000000000
"2023-03-12 06:00:00",796.000000000
"2023-03-12 07:00:00",820.000000000
"2023-03-12 08:00:00",884.000000000
"2023-03-12 09:00:00",890.000000000
"2023-03-12 10:00:00",931.000000000
"2023-03-12 11:00:00",1006.000000000
"2023-03-12 12:00:00",1009.000000000
"2023-03-12 13:00:00",1002.000000000
"2023-03-12 14:00:00",1041.000000000
"2023-03-12 15:00:00",1031.000000000
"2023-03-12 16:00:00",1019.000000000
"2023-03-12 17:00:00",1013.000000000
"2023-03-12 18:00:00",1019.000000000
"2023-03-12 19:00:00",980.000000000
"2023-03-12 20:00:00",941.000000000
"2023-03-12 21:00:00",953.000000000
"2023-03-12 22:00:00",925.000000000
"2023-03-12 23:00:00",926.000000000
"2023-03-13 00:00:00",870.000000000
"2023-03-13 01:00:00",806.000000000
"2023-03-13 02:00:00",767.000000000
"2023-03-13 03:00:00",759.000000000
"2023-03-13 04:00:00",759.000000000
"2023-03-13 05:00:00",798.000000000
"2023-03-13 06:00:00",832.000000000
"2023-03-13 07:00:00",878.000000000
"2023-03-13 08:00:00",989.000000000
"2023-03-13 09:00:00",983.000000000
"2023-03-13 10:00:00",1046.000000000
"2023-03-13 11:00:00",1065.000000000
"2023-03-13 12:00:00",1118.000000000
"2023-03-13 13:00:00",1129.000000000
"2023-03-13 14:00:00",1136.000000000
"2023-03-13 15:00:00",1106.000000000
"2023-03-13 16:00:00",1103.000000000
"2023-03-13 17:00:00",1070.000000000
"2023-03-13 18:00:00",1017.000000000
"2023-03-13 19:00:00",1005.000000000
"2023-03-13 20:00:00",1011.000000000
"2023-03-13 21:00:00",934.000000000
"2023-03-13 22:00:00",921.000000000
"2023-03-13 23:00:00",916.000000000
"2023-03-14 00:00:00",879.000000000
"2023-03-14 01:00:00",821.000000000
"2023-03-14 02:00:00",788.000000000
"2023-03-14 03:00:00",770.000000000
"2023-03-14 04:00:00",750.000000000
"2023-03-14 05:00:00",783.000000000
"2023-03-14 06:00:00",816.000000000
"2023-03-14 07:00:00",853.000000000
"2023-03-14 08:00:00",994.000000000
"2023-03-14 09:00:00",1031.000000000
"2023-03-14 10:00:00",1055.000000000
"2023-03-14 11:00:00",1083.000000000
"2023-03-14 12:00:00",1114.000000000
"2023-03-14 13:00:00",1145.000000000
"2023-03-14 14:00:00",1127.000000000
"2023-03-14 15:00:00",1116.000000000
"2023-03-14 16:00:00",1106.000000000
"2023-03-14 17:00:00",1063.000000000
"2023-03-14 18:00:00",987.000000000
"2023-03-14 19:00:00",967.000000000
"2023-03-14 20:00:00",949.000000000
"2023-03-14 21:00:00",897.000000000
"2023-03-14 22:00:00",886.000000000
"2023-03-14 23:00:00",851.000000000
"2023-03-15 00:00:00",796.000000000
"2023-03-15 01:00:00",771.000000000
"2023-03-15 02:00:00",735.000000000
"2023-03-15 03:00:00",723.000000000
"2023-03-15 04:00:00",712.000000000
"2023-03-15 05:00:00",760.000000000
"2023-03-15 06:00:00",786.000000000
"2023-03-15 07:00:00",836.000000000
"2023-03-15 08:00:00",1001.000000000
"2023-03-15 09:00:00",1032.000000000
"2023-03-15 10:00:00",1042.000000000
"2023-03-15 11:00:00",1062.000000000
"2023-03-15 12:00:00",1084.000000000
"2023-03-15 13:00:00",1067.000000000
"2023-03-15 14:00:00",1048.000000000
"2023-03-15 15:00:00",1053.000000000
"2023-03-15 16:00:00",1041.000000000
"2023-03-15 17:00:00",1031.000000000
"2023-03-15 18:00:00",973.000000000
"2023-03-15 19:00:00",938.000000000
"2023-03-15 20:00:00",921.000000000
"2023-03-15 21:00:00",873.000000000
"2023-03-15 22:00:00",865.000000000
"2023-03-15 23:00:00",845.000000000
"2023-03-16 00:00:00",774.000000000
"2023-03-16 01:00:00",745.000000000
"2023-03-16 02:00:00",728.000000000
"2023-03-16 03:00:00",720.000000000
"2023-03-16 04:00:00",700.000000000
"2023-03-16 05:00:00",737.000000000
"2023-03-16 06:00:00",762.000000000
"2023-03-16 07:00:00",792.000000000
"2023-03-16 08:00:00",927.000000000
"2023-03-16 09:00:00",977.000000000
"2023-03-16 10:00:00",1021.000000000
"2023-03-16 11:00:00",1064.000000000
"2023-03-16 12:00:00",1082.000000000
"2023-03-16 13:00:00",1124.000000000
"2023-03-16 14:00:00",1134.000000000
"2023-03-16 15:00:00",1140.000000000
"2023-03-16 16:00:00",1159.000000000
"2023-03-16 17:00:00",1130.000000000
"2023-03-16 18:00:00",1034.000000000
"2023-03-16 19:00:00",989.000000000
"2023-03-16 20:00:00",966.000000000
"2023-03-16 21:00:00",896.000000000
"2023-03-16 22:00:00",883.000000000
"2023-03-16 23:00:00",877.000000000
"2023-03-17 00:00:00",820.000000000
"2023-03-17 01:00:00",769.000000000
"2023-03-17 02:00:00",736.000000000
"2023-03-17 03:00:00",727.000000000
"2023-03-17 04:00:00",734.000000000
"2023-03-17 05:00:00",776.000000000
"2023-03-17 06:00:00",811.000000000
"2023-03-17 07:00:00",857.000000000
"2023-03-17 08:00:00",1001.000000000
"2023-03-17 09:00:00",1005.000000000
"2023-03-17 10:00:00",1007.000000000
"2023-03-17 11:00:00",1039.000000000
"2023-03-17 12:00:00",1048.000000000
"2023-03-17 13:00:00",1055.000000000
"2023-03-17 14:00:00",1063.000000000
"2023-03-17 15:00:00",1050.000000000
"2023-03-17 16:00:00",1026.000000000
"2023-03-17 17:00:00",1016.000000000
"2023-03-17 18:00:00",989.000000000
"2023-03-17 19:00:00",979.000000000
"2023-03-17 20:00:00",982.000000000
"2023-03-17 21:00:00",921.000000000
"2023-03-17 22:00:00",899.000000000
"2023-03-17 23:00:00",905.000000000
"2023-03-18 00:00:00",843.000000000
"2023-03-18 01:00:00",790.000000000
"2023-03-18 02:00:00",771.000000000
"2023-03-18 03:00:00",762.000000000
"2023-03-18 04:00:00",759.000000000
"2023-03-18 05:00:00",762.000000000
"2023-03-18 06:00:00",762.000000000
"2023-03-18 07:00:00",754.000000000
"2023-03-18 08:00:00",824.000000000
"2023-03-18 09:00:00",865.000000000
"2023-03-18 10:00:00",880.000000000
"2023-03-18 11:00:00",890.000000000
"2023-03-18 12:00:00",911.000000000
"2023-03-18 13:00:00",919.000000000
"2023-03-18 14:00:00",919.000000000
"2023-03-18 15:00:00",918.000000000
"2023-03-18 16:00:00",924.000000000
"2023-03-18 17:00:00",938.000000000
"2023-03-18 18:00:00",959.000000000
"2023-03-18 19:00:00",929.000000000
"2023-03-18 20:00:00",947.000000000
"2023-03-18 21:00:00",914.000000000
"2023-03-18 22:00:00",896.000000000
"2023-03-18 23:00:00",888.000000000
"2023-03-19 00:00:00",835.000000000
"2023-03-19 01:00:00",798.000000000
"2023-03-19 02:00:00",759.000000000
"2023-03-19 03:00:00",749.000000000
"2023-03-19 04:00:00",756.000000000
"2023-03-19 05:00:00",767.000000000
"2023-03-19 06:00:00",753.000000000
"2023-03-19 07:00:00",768.000000000
"2023-03-19 08:00:00",852.000000000
"2023-03-19 09:00:00",862.000000000
"2023-03-19 10:00:00",908.000000000
"2023-03-19 11:00:00",955.000000000
"2023-03-19 12:00:00",959.000000000
"2023-03-19 13:00:00",970.000000000
"2023-03-19 14:00:00",995.000000000
"2023-03-19 15:00:00",987.000000000
"2023-03-19 16:00:00",1008.000000000
"2023-03-19 17:00:00",1008.000000000
"2023-03-19 18:00:00",1031.000000000
"2023-03-19 19:00:00",1048.000000000
"2023-03-19 20:00:00",1051.000000000
"2023-03-19 21:00:00",1033.000000000
"2023-03-19 22:00:00",1030.000000000
"2023-03-19 23:00:00",993.000000000
"2023-03-20 00:00:00",919.000000000
"2023-03-20 01:00:00",821.000000000
"2023-03-20 02:00:00",741.000000000
"2023-03-20 03:00:00",716.000000000
"2023-03-20 04:00:00",733.000000000
"2023-03-20 05:00:00",770.000000000
"2023-03-20 06:00:00",815.000000000
"2023-03-20 07:00:00",899.000000000
"2023-03-20 08:00:00",1064.000000000
"2023-03-20 09:00:00",1127.000000000
"2023-03-20 10:00:00",1171.000000000
"2023-03-20 11:00:00",1176.000000000
"2023-03-20 12:00:00",1204.000000000
"2023-03-20 13:00:00",1178.000000000
"2023-03-20 14:00:00",1170.000000000
"2023-03-20 15:00:00",1168.000000000
"2023-03-20 16:00:00",1186.000000000
"2023-03-20 17:00:00",1191.000000000
"2023-03-20 18:00:00",1173.000000000
"2023-03-20 19:00:00",1163.000000000
"2023-03-20 20:00:00",1151.000000000
"2023-03-20 21:00:00",1145.000000000
"2023-03-20 22:00:00",1120.000000000
"2023-03-20 23:00:00",1067.000000000
"2023-03-21 00:00:00",938.000000000
"2023-03-21 01:00:00",871.000000000
"2023-03-21 02:00:00",795.000000000
"2023-03-21 03:00:00",776.000000000
"2023-03-21 04:00:00",779.000000000
"2023-03-21 05:00:00",820.000000000
"2023-03-21 06:00:00",871.000000000
"2023-03-21 07:00:00",913.000000000
"2023-03-21 08:00:00",1091.000000000
"2023-03-21 09:00:00",1134.000000000
"2023-03-21 10:00:00",1185.000000000
"2023-03-21 11:00:00",1239.000000000
"2023-03-21 12:00:00",1263.000000000
"2023-03-21 13:00:00",1211.000000000
"2023-03-21 14:00:00",1171.000000000
"2023-03-21 15:00:00",1176.000000000
"2023-03-21 16:00:00",1219.000000000
"2023-03-21 17:00:00",1228.000000000
"2023-03-21 18:00:00",1205.000000000
"2023-03-21 19:00:00",1206.000000000
"2023-03-21 20:00:00",1197.000000000
"2023-03-21 21:00:00",1159.000000000
"2023-03-21 22:00:00",1127.000000000
"2023-03-21 23:00:00",1052.000000000
"2023-03-22 00:00:00",934.000000000
"2023-03-22 01:00:00",883.000000000
"2023-03-22 02:00:00",803.000000000
"2023-03-22 03:00:00",749.000000000
"2023-03-22 04:00:00",751.000000000
"2023-03-22 05:00:00",798.000000000
"2023-03-22 06:00:00",843.000000000
"2023-03-22 07:00:00",929.000000000
"2023-03-22 08:00:00",1106.000000000
"2023-03-22 09:00:00",1131.000000000
"2023-03-22 10:00:00",1143.000000000
"2023-03-22 11:00:00",1227.000000000
"2023-03-22 12:00:00",1249.000000000
"2023-03-22 13:00:00",1270.000000000
"2023-03-22 14:00:00",1255.000000000
"2023-03-22 15:00:00",1258.000000000
"2023-03-22 16:00:00",1247.000000000
"2023-03-22 17:00:00",1228.000000000
"2023-03-22 18:00:00",1228.000000000
"2023-03-22 19:00:00",1244.000000000
"2023-03-22 20:00:00",1203.000000000
"2023-03-22 21:00:00",1147.000000000
"2023-03-22 22:00:00",1107.000000000
"2023-03-22 23:00:00",1044.000000000
"2023-03-23 00:00:00",945.000000000
"2023-03-23 01:00:00",858.000000000
"2023-03-23 02:00:00",782.000000000
"2023-03-23 03:00:00",767.000000000
"2023-03-23 04:00:00",767.000000000
"2023-03-23 05:00:00",818.000000000
"2023-03-23 06:00:00",868.000000000
"2023-03-23 07:00:00",934.000000000
"2023-03-23 08:00:00",1096.000000000
"2023-03-23 09:00:00",1165.000000000
"2023-03-23 10:00:00",1181.000000000
"2023-03-23 11:00:00",1201.000000000
"2023-03-23 12:00:00",1234.000000000
"2023-03-23 13:00:00",1227.000000000
"2023-03-23 14:00:00",1210.000000000
"2023-03-23 15:00:00",1190.000000000
"2023-03-23 16:00:00",1181.000000000
"2023-03-23 17:00:00",1229.000000000
"2023-03-23 18:00:00",1215.000000000
"2023-03-23 19:00:00",1208.000000000
"2023-03-23 20:00:00",1181.000000000
"2023-03-23 21:00:00",1147.000000000
"2023-03-23 22:00:00",1103.000000000
"2023-03-23 23:00:00",1067.000000000
"2023-03-24 00:00:00",968.000000000
"2023-03-24 01:00:00",891.000000000
"2023-03-24 02:00:00",786.000000000
"2023-03-24 03:00:00",774.000000000
"2023-03-24 04:00:00",781.000000000
"2023-03-24 05:00:00",832.000000000
"2023-03-24 06:00:00",874.000000000
"2023-03-24 07:00:00",892.000000000
"2023-03-24 08:00:00",1091.000000000
"2023-03-24 09:00:00",1149.000000000
"2023-03-24 10:00:00",1151.000000000
"2023-03-24 11:00:00",1153.000000000
"2023-03-24 12:00:00",1168.000000000
"2023-03-24 13:00:00",1183.000000000
"2023-03-24 14:00:00",1181.000000000
"2023-03-24 15:00:00",1183.000000000
"2023-03-24 16:00:00",1176.000000000
"2023-03-24 17:00:00",1188.000000000
"2023-03-24 18:00:00",1184.000000000
"2023-03-24 19:00:00",1186.000000000
"2023-03-24 20:00:00",1158.000000000
"2023-03-24 21:00:00",1044.000000000
"2023-03-24 22:00:00",969.000000000
"2023-03-24 23:00:00",919.000000000
"2023-03-25 00:00:00",844.000000000
"2023-03-25 01:00:00",795.000000000
"2023-03-25 02:00:00",764.000000000
"2023-03-25 03:00:00",752.000000000
"2023-03-25 04:00:00",744.000000000
"2023-03-25 05:00:00",746.000000000
"2023-03-25 06:00:00",738.000000000
"2023-03-25 07:00:00",753.000000000
"2023-03-25 08:00:00",858.000000000
"2023-03-25 09:00:00",887.000000000
"2023-03-25 10:00:00",939.000000000
"2023-03-25 11:00:00",997.000000000
"2023-03-25 12:00:00",969.000000000
"2023-03-25 13:00:00",987.000000000
"2023-03-25 14:00:00",981.000000000
"2023-03-25 15:00:00",1014.000000000
"2023-03-25 16:00:00",1026.000000000
"2023-03-25 17:00:00",1040.000000000
"2023-03-25 18:00:00",1051.000000000
"2023-03-25 19:00:00",1062.000000000
"2023-03-25 20:00:00",1067.000000000
"2023-03-25 21:00:00",1002.000000000
"2023-03-25 22:00:00",973.000000000
"2023-03-25 23:00:00",930.000000000
"2023-03-26 00:00:00",847.000000000
"2023-03-26 01:00:00",808.000000000
"2023-03-26 02:00:00",762.000000000
"2023-03-26 03:00:00",744.000000000
"2023-03-26 04:00:00",742.000000000
"2023-03-26 05:00:00",738.000000000
"2023-03-26 06:00:00",750.000000000
"2023-03-26 07:00:00",750.000000000
"2023-03-26 08:00:00",844.000000000
"2023-03-26 09:00:00",841.000000000
"2023-03-26 10:00:00",901.000000000
"2023-03-26 11:00:00",950.000000000
"2023-03-26 12:00:00",962.000000000
"2023-03-26 13:00:00",994.000000000
"2023-03-26 14:00:00",997.000000000
"2023-03-26 15:00:00",1016.000000000
"2023-03-26 16:00:00",1003.000000000
"2023-03-26 17:00:00",1051.000000000
"2023-03-26 18:00:00",1079.000000000
"2023-03-26 19:00:00",1101.000000000
"2023-03-26 20:00:00",1106.000000000
"2023-03-26 21:00:00",1106.000000000
"2023-03-26 22:00:00",1105.000000000
"2023-03-26 23:00:00",1064.000000000
"2023-03-27 00:00:00",946.000000000
"2023-03-27 01:00:00",850.000000000
"2023-03-27 02:00:00",786.000000000
"2023-03-27 03:00:00",754.000000000
"2023-03-27 04:00:00",748.000000000
"2023-03-27 05:00:00",798.000000000
"2023-03-27 06:00:00",849.000000000
"2023-03-27 07:00:00",927.000000000
"2023-03-27 08:00:00",1082.000000000
"2023-03-27 09:00:00",1110.000000000
"2023-03-27 10:00:00",1157.000000000
"2023-03-27 11:00:00",1154.000000000
"2023-03-27 12:00:00",1183.000000000
"2023-03-27 13:00:00",1182.000000000
"2023-03-27 14:00:00",1168.000000000
"2023-03-27 15:00:00",1167.000000000
"2023-03-27 16:00:00",1188.000000000
"2023-03-27 17:00:00",1210.000000000
"2023-03-27 18:00:00",1393.000000000
"2023-03-27 19:00:00",1415.000000000
"2023-03-27 20:00:00",1390.000000000
"2023-03-27 21:00:00",1367.000000000
"2023-03-27 22:00:00",1342.000000000
"2023-03-27 23:00:00",1086.000000000
"2023-03-28 00:00:00",949.000000000
"2023-03-28 01:00:00",868.000000000
"2023-03-28 02:00:00",784.000000000
"2023-03-28 03:00:00",757.000000000
"2023-03-28 04:00:00",752.000000000
"2023-03-28 05:00:00",796.000000000
"2023-03-28 06:00:00",1016.000000000
"2023-03-28 07:00:00",1120.000000000
"2023-03-28 08:00:00",1166.000000000
"2023-03-28 09:00:00",1164.000000000
"2023-03-28 10:00:00",1202.000000000
"2023-03-28 11:00:00",1202.000000000
"2023-03-28 12:00:00",1217.000000000
"2023-03-28 13:00:00",1185.000000000
"2023-03-28 14:00:00",1179.000000000
"2023-03-28 15:00:00",1179.000000000
"2023-03-28 16:00:00",1264.000000000
"2023-03-28 17:00:00",1306.000000000
"2023-03-28 18:00:00",1253.000000000
"2023-03-28 19:00:00",1230.000000000
"2023-03-28 20:00:00",1239.000000000
"2023-03-28 21:00:00",1194.000000000
"2023-03-28 22:00:00",1165.000000000
"2023-03-28 23:00:00",1079.000000000
"2023-03-29 00:00:00",982.000000000
"2023-03-29 01:00:00",868.000000000
"2023-03-29 02:00:00",782.000000000
"2023-03-29 03:00:00",758.000000000
"2023-03-29 04:00:00",761.000000000
"2023-03-29 05:00:00",815.000000000
"2023-03-29 06:00:00",872.000000000
"2023-03-29 07:00:00",941.000000000
"2023-03-29 08:00:00",1113.000000000
"2023-03-29 09:00:00",1147.000000000
"2023-03-29 10:00:00",1127.000000000
"2023-03-29 11:00:00",1152.000000000
"2023-03-29 12:00:00",1205.000000000
"2023-03-29 13:00:00",1198.000000000
"2023-03-29 14:00:00",1168.000000000
"2023-03-29 15:00:00",1181.000000000
"2023-03-29 16:00:00",1199.000000000
"2023-03-29 17:00:00",1208.000000000
"2023-03-29 18:00:00",1222.000000000
"2023-03-29 19:00:00",1374.000000000
"2023-03-29 20:00:00",1374.000000000
"2023-03-29 21:00:00",1351.000000000
"2023-03-29 22:00:00",1313.000000000
"2023-03-29 23:00:00",1245.000000000
"2023-03-30 00:00:00",1007.000000000
"2023-03-30 01:00:00",868.000000000
"2023-03-30 02:00:00",772.000000000
"2023-03-30 03:00:00",754.000000000
"2023-03-30 04:00:00",747.000000000
"2023-03-30 05:00:00",801.000000000
"2023-03-30 06:00:00",939.000000000
"2023-03-30 07:00:00",1089.000000000
"2023-03-30 08:00:00",1261.000000000
"2023-03-30 09:00:00",1232.000000000
"2023-03-30 10:00:00",1207.000000000
"2023-03-30 11:00:00",1188.000000000
"2023-03-30 12:00:00",1270.000000000
"2023-03-30 13:00:00",1309.000000000
"2023-03-30 14:00:00",1311.000000000
"2023-03-30 15:00:00",1279.000000000
"2023-03-30 16:00:00",1275.000000000
"2023-03-30 17:00:00",1273.000000000
"2023-03-30 18:00:00",1245.000000000
"2023-03-30 19:00:00",1234.000000000
"2023-03-30 20:00:00",1212.000000000
"2023-03-30 21:00:00",1181.000000000
"2023-03-30 22:00:00",1162.000000000
"2023-03-30 23:00:00",1142.000000000
"2023-03-31 00:00:00",1031.000000000
"2023-03-31 01:00:00",948.000000000
"2023-03-31 02:00:00",843.000000000
"2023-03-31 03:00:00",832.000000000
"2023-03-31 04:00:00",855.000000000
"2023-03-31 05:00:00",905.000000000
"2023-03-31 06:00:00",909.000000000
"2023-03-31 07:00:00",963.000000000
"2023-03-31 08:00:00",1148.000000000
"2023-03-31 09:00:00",1211.000000000
"2023-03-31 10:00:00",1273.000000000
"2023-03-31 11:00:00",1298.000000000
"2023-03-31 12:00:00",1338.000000000
"2023-03-31 13:00:00",1331.000000000
"2023-03-31 14:00:00",1306.000000000
"2023-03-31 15:00:00",1318.000000000
"2023-03-31 16:00:00",1324.000000000
"2023-03-31 17:00:00",1328.000000000
"2023-03-31 18:00:00",1265.000000000
"2023-03-31 19:00:00",1236.000000000
"2023-03-31 20:00:00",1197.000000000
"2023-03-31 21:00:00",1134.000000000
"2023-03-31 22:00:00",1093.000000000
"2023-03-31 23:00:00",1044.000000000
"2023-04-01 00:00:00",945.000000000
"2023-04-01 01:00:00",884.000000000
"2023-04-01 02:00:00",848.000000000
"2023-04-01 03:00:00",833.000000000
"2023-04-01 04:00:00",814.000000000
"2023-04-01 05:00:00",799.000000000
"2023-04-01 06:00:00",781.000000000
"2023-04-01 07:00:00",801.000000000
"2023-04-01 08:00:00",899.000000000
"2023-04-01 09:00:00",948.000000000
"2023-04-01 10:00:00",1034.000000000
"2023-04-01 11:00:00",1109.000000000
"2023-04-01 12:00:00",1161.000000000
"2023-04-01 13:00:00",1163.000000000
"2023-04-01 14:00:00",1162.000000000
"2023-04-01 15:00:00",1158.000000000
"2023-04-01 16:00:00",1146.000000000
"2023-04-01 17:00:00",1142.000000000
"2023-04-01 18:00:00",1163.000000000
"2023-04-01 19:00:00",1159.000000000
"2023-04-01 20:00:00",1142.000000000
"2023-04-01 21:00:00",1076.000000000
"2023-04-01 22:00:00",1001.000000000
"2023-04-01 23:00:00",948.000000000
"2023-04-02 00:00:00",878.000000000
"2023-04-02 01:00:00",823.000000000
"2023-04-02 02:00:00",781.000000000
"2023-04-02 03:00:00",754.000000000
"2023-04-02 04:00:00",762.000000000
"2023-04-02 05:00:00",765.000000000
"2023-04-02 06:00:00",757.000000000
"2023-04-02 07:00:00",777.000000000
"2023-04-02 08:00:00",859.000000000
"2023-04-02 09:00:00",850.000000000
"2023-04-02 10:00:00",910.000000000
"2023-04-02 11:00:00",999.000000000
"2023-04-02 12:00:00",1037.000000000
"2023-04-02 13:00:00",1067.000000000
"2023-04-02 14:00:00",1020.000000000
"2023-04-02 15:00:00",985.000000000
"2023-04-02 16:00:00",975.000000000
"2023-04-02 17:00:00",1013.000000000
"2023-04-02 18:00:00",1035.000000000
"2023-04-02 19:00:00",1036.000000000
"2023-04-02 20:00:00",1059.000000000
"2023-04-02 21:00:00",1079.000000000
"2023-04-02 22:00:00",1063.000000000
"2023-04-02 23:00:00",1005.000000000
"2023-04-03 00:00:00",914.000000000
"2023-04-03 01:00:00",836.000000000
"2023-04-03 02:00:00",743.000000000
"2023-04-03 03:00:00",740.000000000
"2023-04-03 04:00:00",733.000000000
"2023-04-03 05:00:00",795.000000000
"2023-04-03 06:00:00",840.000000000
"2023-04-03 07:00:00",895.000000000
"2023-04-03 08:00:00",1057.000000000
"2023-04-03 09:00:00",1125.000000000
"2023-04-03 10:00:00",1166.000000000
"2023-04-03 11:00:00",1169.000000000
"2023-04-03 12:00:00",1193.000000000
"2023-04-03 13:00:00",1173.000000000
"2023-04-03 14:00:00",1139.000000000
"2023-04-03 15:00:00",1144.000000000
"2023-04-03 16:00:00",1168.000000000
"2023-04-03 17:00:00",1208.000000000
"2023-04-03 18:00:00",1202.000000000
"2023-04-03 19:00:00",1189.000000000
"2023-04-03 20:00:00",1210.000000000
"2023-04-03 21:00:00",1179.000000000
"2023-04-03 22:00:00",1120.000000000
"2023-04-03 23:00:00",1059.000000000
"2023-04-04 00:00:00",953.000000000
"2023-04-04 01:00:00",857.000000000
"2023-04-04 02:00:00",764.000000000
"2023-04-04 03:00:00",764.000000000
"2023-04-04 04:00:00",755.000000000
"2023-04-04 05:00:00",810.000000000
"2023-04-04 06:00:00",913.000000000
"2023-04-04 07:00:00",1072.000000000
"2023-04-04 08:00:00",1147.000000000
"2023-04-04 09:00:00",1141.000000000
"2023-04-04 10:00:00",1231.000000000
"2023-04-04 11:00:00",1232.000000000
"2023-04-04 12:00:00",1287.000000000
"2023-04-04 13:00:00",1306.000000000
"2023-04-04 14:00:00",1357.000000000
"2023-04-04 15:00:00",1324.000000000
"2023-04-04 16:00:00",1334.000000000
"2023-04-04 17:00:00",1355.000000000
"2023-04-04 18:00:00",1300.000000000
"2023-04-04 19:00:00",1266.000000000
"2023-04-04 20:00:00",1310.000000000
"2023-04-04 21:00:00",1261.000000000
"2023-04-04 22:00:00",1152.000000000
"2023-04-04 23:00:00",1094.000000000
"2023-04-05 00:00:00",992.000000000
"2023-04-05 01:00:00",892.000000000
"2023-04-05 02:00:00",777.000000000
"2023-04-05 03:00:00",756.000000000
"2023-04-05 04:00:00",759.000000000
"2023-04-05 05:00:00",798.000000000
"2023-04-05 06:00:00",835.000000000
"2023-04-05 07:00:00",914.000000000
"2023-04-05 08:00:00",1091.000000000
"2023-04-05 09:00:00",1144.000000000
"2023-04-05 10:00:00",1189.000000000
"2023-04-05 11:00:00",1253.000000000
"2023-04-05 12:00:00",1236.000000000
"2023-04-05 13:00:00",1225.000000000
"2023-04-05 14:00:00",1187.000000000
"2023-04-05 15:00:00",1249.000000000
"2023-04-05 16:00:00",1239.000000000
"2023-04-05 17:00:00",1295.000000000
"2023-04-05 18:00:00",1261.000000000
"2023-04-05 19:00:00",1227.000000000
"2023-04-05 20:00:00",1196.000000000
"2023-04-05 21:00:00",1167.000000000
"2023-04-05 22:00:00",1135.000000000
"2023-04-05 23:00:00",1074.000000000
"2023-04-06 00:00:00",963.000000000
"2023-04-06 01:00:00",859.000000000
"2023-04-06 02:00:00",771.000000000
"2023-04-06 03:00:00",758.000000000
"2023-04-06 04:00:00",749.000000000
"2023-04-06 05:00:00",803.000000000
"2023-04-06 06:00:00",900.000000000
"2023-04-06 07:00:00",1055.000000000
"2023-04-06 08:00:00",1103.000000000
"2023-04-06 09:00:00",1116.000000000
"2023-04-06 10:00:00",1146.000000000
"2023-04-06 11:00:00",1173.000000000
"2023-04-06 12:00:00",1177.000000000
"2023-04-06 13:00:00",1180.000000000
"2023-04-06 14:00:00",1144.000000000
"2023-04-06 15:00:00",1132.000000000
"2023-04-06 16:00:00",1144.000000000
"2023-04-06 17:00:00",1173.000000000
"2023-04-06 18:00:00",1193.000000000
"2023-04-06 19:00:00",1195.000000000
"2023-04-06 20:00:00",1331.000000000
"2023-04-06 21:00:00",1351.000000000
"2023-04-06 22:00:00",1293.000000000
"2023-04-06 23:00:00",1051.000000000
"2023-04-07 00:00:00",967.000000000
"2023-04-07 01:00:00",873.000000000
"2023-04-07 02:00:00",765.000000000
"2023-04-07 03:00:00",740.000000000
"2023-04-07 04:00:00",739.000000000
"2023-04-07 05:00:00",801.000000000
"2023-04-07 06:00:00",853.000000000
"2023-04-07 07:00:00",911.000000000
"2023-04-07 08:00:00",1098.000000000
"2023-04-07 09:00:00",1124.000000000
"2023-04-07 10:00:00",1142.000000000
"2023-04-07 11:00:00",1151.000000000
"2023-04-07 12:00:00",1166.000000000
"2023-04-07 13:00:00",1175.000000000
"2023-04-07 14:00:00",1135.000000000
"2023-04-07 15:00:00",1122.000000000
"2023-04-07 16:00:00",1112.000000000
"2023-04-07 17:00:00",1122.000000000
"2023-04-07 18:00:00",1127.000000000
"2023-04-07 19:00:00",1125.000000000
"2023-04-07 20:00:00",1083.000000000
"2023-04-07 21:00:00",1021.000000000
"2023-04-07 22:00:00",982.000000000
"2023-04-07 23:00:00",921.000000000
"2023-04-08 00:00:00",838.000000000
"2023-04-08 01:00:00",762.000000000
"2023-04-08 02:00:00",733.000000000
"2023-04-08 03:00:00",740.000000000
"2023-04-08 04:00:00",715.000000000
"2023-04-08 05:00:00",733.000000000
"2023-04-08 06:00:00",830.000000000
"2023-04-08 07:00:00",929.000000000
"2023-04-08 08:00:00",984.000000000
"2023-04-08 09:00:00",877.000000000
"2023-04-08 10:00:00",912.000000000
"2023-04-08 11:00:00",924.000000000
"2023-04-08 12:00:00",937.000000000
"2023-04-08 13:00:00",950.000000000
"2023-04-08 14:00:00",924.000000000
"2023-04-08 15:00:00",907.000000000
"2023-04-08 16:00:00",910.000000000
"2023-04-08 17:00:00",959.000000000
"2023-04-08 18:00:00",1013.000000000
"2023-04-08 19:00:00",1019.000000000
"2023-04-08 20:00:00",1009.000000000
"2023-04-08 21:00:00",967.000000000
"2023-04-08 22:00:00",887.000000000
"2023-04-08 23:00:00",841.000000000
"2023-04-09 00:00:00",774.000000000
"2023-04-09 01:00:00",730.000000000
"2023-04-09 02:00:00",694.000000000
"2023-04-09 03:00:00",675.000000000
"2023-04-09 04:00:00",708.000000000
"2023-04-09 05:00:00",704.000000000
"2023-04-09 06:00:00",708.000000000
"2023-04-09 07:00:00",726.000000000
"2023-04-09 08:00:00",794.000000000
"2023-04-09 09:00:00",793.000000000
"2023-04-09 10:00:00",800.000000000
"2023-04-09 11:00:00",844.000000000
"2023-04-09 12:00:00",829.000000000
"2023-04-09 13:00:00",863.000000000
"2023-04-09 14:00:00",920.000000000
"2023-04-09 15:00:00",928.000000000
"2023-04-09 16:00:00",984.000000000
"2023-04-09 17:00:00",1049.000000000
"2023-04-09 18:00:00",1050.000000000
"2023-04-09 19:00:00",1062.000000000
"2023-04-09 20:00:00",1060.000000000
"2023-04-09 21:00:00",1050.000000000
"2023-04-09 22:00:00",1054.000000000
"2023-04-09 23:00:00",970.000000000
"2023-04-10 00:00:00",852.000000000
"2023-04-10 01:00:00",807.000000000
"2023-04-10 02:00:00",738.000000000
"2023-04-10 03:00:00",705.000000000
"2023-04-10 04:00:00",702.000000000
"2023-04-10 05:00:00",760.000000000
"2023-04-10 06:00:00",784.000000000
"2023-04-10 07:00:00",900.000000000
"2023-04-10 08:00:00",1057.000000000
"2023-04-10 09:00:00",1070.000000000
"2023-04-10 10:00:00",1079.000000000
"2023-04-10 11:00:00",1072.000000000
"2023-04-10 12:00:00",1112.000000000
"2023-04-10 13:00:00",1139.000000000
"2023-04-10 14:00:00",1151.000000000
"2023-04-10 15:00:00",1182.000000000
"2023-04-10 16:00:00",1217.000000000
"2023-04-10 17:00:00",1284.000000000
"2023-04-10 18:00:00",1324.000000000
"2023-04-10 19:00:00",1322.000000000
"2023-04-10 20:00:00",1420.000000000
"2023-04-10 21:00:00",1450.000000000
"2023-04-10 22:00:00",1324.000000000
"2023-04-10 23:00:00",1056.000000000
"2023-04-11 00:00:00",882.000000000
"2023-04-11 01:00:00",815.000000000
"2023-04-11 02:00:00",726.000000000
"2023-04-11 03:00:00",694.000000000
"2023-04-11 04:00:00",687.000000000
"2023-04-11 05:00:00",757.000000000
"2023-04-11 06:00:00",856.000000000
"2023-04-11 07:00:00",1017.000000000
"2023-04-11 08:00:00",1063.000000000
"2023-04-11 09:00:00",1073.000000000
"2023-04-11 10:00:00",1115.000000000
"2023-04-11 11:00:00",1145.000000000
"2023-04-11 12:00:00",1174.000000000
"2023-04-11 13:00:00",1127.000000000
"2023-04-11 14:00:00",1083.000000000
"2023-04-11 15:00:00",1088.000000000
"2023-04-11 16:00:00",1127.000000000
"2023-04-11 17:00:00",1144.000000000
"2023-04-11 18:00:00",1164.000000000
"2023-04-11 19:00:00",1171.000000000
"2023-04-11 20:00:00",1340.000000000
"2023-04-11 21:00:00",1412.000000000
"2023-04-11 22:00:00",1334.000000000
"2023-04-11 23:00:00",1163.000000000
"2023-04-12 00:00:00",918.000000000
"2023-04-12 01:00:00",831.000000000
"2023-04-12 02:00:00",713.000000000
"2023-04-12 03:00:00",686.000000000
"2023-04-12 04:00:00",681.000000000
"2023-04-12 05:00:00",735.000000000
"2023-04-12 06:00:00",788.000000000
"2023-04-12 07:00:00",859.000000000
"2023-04-12 08:00:00",1060.000000000
"2023-04-12 09:00:00",1088.000000000
"2023-04-12 10:00:00",1163.000000000
"2023-04-12 11:00:00",1149.000000000
"2023-04-12 12:00:00",1128.000000000
"2023-04-12 13:00:00",1159.000000000
"2023-04-12 14:00:00",1151.000000000
"2023-04-12 15:00:00",1178.000000000
"2023-04-12 16:00:00",1204.000000000
"2023-04-12 17:00:00",1241.000000000
"2023-04-12 18:00:00",1222.000000000
"2023-04-12 19:00:00",1239.000000000
"2023-04-12 20:00:00",1254.000000000
"2023-04-12 21:00:00",1189.000000000
"2023-04-12 22:00:00",1157.000000000
"2023-04-12 23:00:00",1132.000000000
"2023-04-13 00:00:00",958.000000000
"2023-04-13 01:00:00",834.000000000
"2023-04-13 02:00:00",740.000000000
"2023-04-13 03:00:00",711.000000000
"2023-04-13 04:00:00",699.000000000
"2023-04-13 05:00:00",756.000000000
"2023-04-13 06:00:00",855.000000000
"2023-04-13 07:00:00",1039.000000000
"2023-04-13 08:00:00",1182.000000000
"2023-04-13 09:00:00",1102.000000000
"2023-04-13 10:00:00",1183.000000000
"2023-04-13 11:00:00",1178.000000000
"2023-04-13 12:00:00",1191.000000000
"2023-04-13 13:00:00",1173.000000000
"2023-04-13 14:00:00",1161.000000000
"2023-04-13 15:00:00",1171.000000000
"2023-04-13 16:00:00",1195.000000000
"2023-04-13 17:00:00",1256.000000000
"2023-04-13 18:00:00",1256.000000000
"2023-04-13 19:00:00",1241.000000000
"2023-04-13 20:00:00",1324.000000000
"2023-04-13 21:00:00",1440.000000000
"2023-04-13 22:00:00",1382.000000000
"2023-04-13 23:00:00",1148.000000000
"2023-04-14 00:00:00",931.000000000
"2023-04-14 01:00:00",847.000000000
"2023-04-14 02:00:00",742.000000000
"2023-04-14 03:00:00",720.000000000
"2023-04-14 04:00:00",729.000000000
"2023-04-14 05:00:00",783.000000000
"2023-04-14 06:00:00",813.000000000
"2023-04-14 07:00:00",863.000000000
"2023-04-14 08:00:00",1091.000000000
"2023-04-14 09:00:00",1110.000000000
"2023-04-14 10:00:00",1140.000000000
"2023-04-14 11:00:00",1170.000000000
"2023-04-14 12:00:00",1140.000000000
"2023-04-14 13:00:00",1171.000000000
"2023-04-14 14:00:00",1152.000000000
"2023-04-14 15:00:00",1168.000000000
"2023-04-14 16:00:00",1166.000000000
"2023-04-14 17:00:00",1210.000000000
"2023-04-14 18:00:00",1211.000000000
"2023-04-14 19:00:00",1203.000000000
"2023-04-14 20:00:00",1163.000000000
"2023-04-14 21:00:00",1048.000000000
"2023-04-14 22:00:00",987.000000000
"2023-04-14 23:00:00",945.000000000
"2023-04-15 00:00:00",833.000000000
"2023-04-15 01:00:00",771.000000000
"2023-04-15 02:00:00",735.000000000
"2023-04-15 03:00:00",704.000000000
"2023-04-15 04:00:00",696.000000000
"2023-04-15 05:00:00",699.000000000
"2023-04-15 06:00:00",700.000000000
"2023-04-15 07:00:00",741.000000000
"2023-04-15 08:00:00",900.000000000
"2023-04-15 09:00:00",1017.000000000
"2023-04-15 10:00:00",1261.000000000
"2023-04-15 11:00:00",1125.000000000
"2023-04-15 12:00:00",1064.000000000
"2023-04-15 13:00:00",1075.000000000
"2023-04-15 14:00:00",1071.000000000
"2023-04-15 15:00:00",1026.000000000
"2023-04-15 16:00:00",1006.000000000
"2023-04-15 17:00:00",1036.000000000
"2023-04-15 18:00:00",1010.000000000
"2023-04-15 19:00:00",1053.000000000
"2023-04-15 20:00:00",1019.000000000
"2023-04-15 21:00:00",979.000000000
"2023-04-15 22:00:00",946.000000000
"2023-04-15 23:00:00",913.000000000
"2023-04-16 00:00:00",851.000000000
"2023-04-16 01:00:00",790.000000000
"2023-04-16 02:00:00",780.000000000
"2023-04-16 03:00:00",786.000000000
"2023-04-16 04:00:00",799.000000000
"2023-04-16 05:00:00",808.000000000
"2023-04-16 06:00:00",800.000000000
"2023-04-16 07:00:00",764.000000000
"2023-04-16 08:00:00",844.000000000
"2023-04-16 09:00:00",869.000000000
"2023-04-16 10:00:00",946.000000000
"2023-04-16 11:00:00",1051.000000000
"2023-04-16 12:00:00",1063.000000000
"2023-04-16 13:00:00",1103.000000000
"2023-04-16 14:00:00",1116.000000000
"2023-04-16 15:00:00",1118.000000000
"2023-04-16 16:00:00",1135.000000000
"2023-04-16 17:00:00",1147.000000000
"2023-04-16 18:00:00",1143.000000000
"2023-04-16 19:00:00",1129.000000000
"2023-04-16 20:00:00",1109.000000000
"2023-04-16 21:00:00",1102.000000000
"2023-04-16 22:00:00",1093.000000000
"2023-04-16 23:00:00",1049.000000000
"2023-04-17 00:00:00",951.000000000
"2023-04-17 01:00:00",864.000000000
"2023-04-17 02:00:00",781.000000000
"2023-04-17 03:00:00",754.000000000
"2023-04-17 04:00:00",737.000000000
"2023-04-17 05:00:00",790.000000000
"2023-04-17 06:00:00",841.000000000
"2023-04-17 07:00:00",914.000000000
"2023-04-17 08:00:00",1079.000000000
"2023-04-17 09:00:00",1137.000000000
"2023-04-17 10:00:00",1184.000000000
"2023-04-17 11:00:00",1205.000000000
"2023-04-17 12:00:00",1135.000000000
"2023-04-17 13:00:00",1100.000000000
"2023-04-17 14:00:00",1082.000000000
"2023-04-17 15:00:00",1065.000000000
"2023-04-17 16:00:00",1067.000000000
"2023-04-17 17:00:00",1118.000000000
"2023-04-17 18:00:00",1125.000000000
"2023-04-17 19:00:00",1165.000000000
"2023-04-17 20:00:00",1149.000000000
"2023-04-17 21:00:00",1128.000000000
"2023-04-17 22:00:00",1077.000000000
"2023-04-17 23:00:00",1029.000000000
"2023-04-18 00:00:00",946.000000000
"2023-04-18 01:00:00",869.000000000
"2023-04-18 02:00:00",788.000000000
"2023-04-18 03:00:00",765.000000000
"2023-04-18 04:00:00",750.000000000
"2023-04-18 05:00:00",798.000000000
"2023-04-18 06:00:00",940.000000000
"2023-04-18 07:00:00",1077.000000000
"2023-04-18 08:00:00",1141.000000000
"2023-04-18 09:00:00",1077.000000000
"2023-04-18 10:00:00",1130.000000000
"2023-04-18 11:00:00",1128.000000000
"2023-04-18 12:00:00",1139.000000000
"2023-04-18 13:00:00",1111.000000000
"2023-04-18 14:00:00",1115.000000000
"2023-04-18 15:00:00",1137.000000000
"2023-04-18 16:00:00",1110.000000000
"2023-04-18 17:00:00",1121.000000000
"2023-04-18 18:00:00",1147.000000000
"2023-04-18 19:00:00",1148.000000000
"2023-04-18 20:00:00",1178.000000000
"2023-04-18 21:00:00",1317.000000000
"2023-04-18 22:00:00",1279.000000000
"2023-04-18 23:00:00",1036.000000000
"2023-04-19 00:00:00",929.000000000
"2023-04-19 01:00:00",842.000000000
"2023-04-19 02:00:00",742.000000000
"2023-04-19 03:00:00",708.000000000
"2023-04-19 04:00:00",713.000000000
"2023-04-19 05:00:00",750.000000000
"2023-04-19 06:00:00",807.000000000
"2023-04-19 07:00:00",871.000000000
"2023-04-19 08:00:00",1066.000000000
"2023-04-19 09:00:00",1139.000000000
"2023-04-19 10:00:00",1208.000000000
"2023-04-19 11:00:00",1232.000000000
"2023-04-19 12:00:00",1224.000000000
"2023-04-19 13:00:00",1232.000000000
"2023-04-19 14:00:00",1216.000000000
"2023-04-19 15:00:00",1230.000000000
"2023-04-19 16:00:00",1254.000000000
"2023-04-19 17:00:00",1301.000000000
"2023-04-19 18:00:00",1273.000000000
"2023-04-19 19:00:00",1217.000000000
"2023-04-19 20:00:00",1200.000000000
"2023-04-19 21:00:00",1170.000000000
"2023-04-19 22:00:00",1101.000000000
"2023-04-19 23:00:00",1043.000000000
"2023-04-20 00:00:00",933.000000000
"2023-04-20 01:00:00",851.000000000
"2023-04-20 02:00:00",742.000000000
"2023-04-20 03:00:00",723.000000000
"2023-04-20 04:00:00",725.000000000
"2023-04-20 05:00:00",800.000000000
"2023-04-20 06:00:00",922.000000000
"2023-04-20 07:00:00",1069.000000000
"2023-04-20 08:00:00",1116.000000000
"2023-04-20 09:00:00",1120.000000000
"2023-04-20 10:00:00",1229.000000000
"2023-04-20 11:00:00",1296.000000000
"2023-04-20 12:00:00",1314.000000000
"2023-04-20 13:00:00",1297.000000000
"2023-04-20 14:00:00",1300.000000000
"2023-04-20 15:00:00",1266.000000000
"2023-04-20 16:00:00",1278.000000000
"2023-04-20 17:00:00",1289.000000000
"2023-04-20 18:00:00",1276.000000000
"2023-04-20 19:00:00",1246.000000000
"2023-04-20 20:00:00",1329.000000000
"2023-04-20 21:00:00",1367.000000000
"2023-04-20 22:00:00",1340.000000000
"2023-04-20 23:00:00",1072.000000000
"2023-04-21 00:00:00",931.000000000
"2023-04-21 01:00:00",851.000000000
"2023-04-21 02:00:00",761.000000000
"2023-04-21 03:00:00",730.000000000
"2023-04-21 04:00:00",732.000000000
"2023-04-21 05:00:00",792.000000000
"2023-04-21 06:00:00",815.000000000
"2023-04-21 07:00:00",871.000000000
"2023-04-21 08:00:00",1047.000000000
"2023-04-21 09:00:00",1080.000000000
"2023-04-21 10:00:00",1170.000000000
"2023-04-21 11:00:00",1213.000000000
"2023-04-21 12:00:00",1230.000000000
"2023-04-21 13:00:00",1250.000000000
"2023-04-21 14:00:00",1220.000000000
"2023-04-21 15:00:00",1223.000000000
"2023-04-21 16:00:00",1208.000000000
"2023-04-21 17:00:00",1199.000000000
"2023-04-21 18:00:00",1174.000000000
"2023-04-21 19:00:00",1249.000000000
"2023-04-21 20:00:00",1321.000000000
"2023-04-21 21:00:00",1256.000000000
"2023-04-21 22:00:00",1036.000000000
"2023-04-21 23:00:00",973.000000000
"2023-04-22 00:00:00",853.000000000
"2023-04-22 01:00:00",793.000000000
"2023-04-22 02:00:00",765.000000000
"2023-04-22 03:00:00",750.000000000
"2023-04-22 04:00:00",744.000000000
"2023-04-22 05:00:00",760.000000000
"2023-04-22 06:00:00",762.000000000
"2023-04-22 07:00:00",772.000000000
"2023-04-22 08:00:00",907.000000000
"2023-04-22 09:00:00",953.000000000
"2023-04-22 10:00:00",1027.000000000
"2023-04-22 11:00:00",1060.000000000
"2023-04-22 12:00:00",1084.000000000
"2023-04-22 13:00:00",1093.000000000
"2023-04-22 14:00:00",1067.000000000
"2023-04-22 15:00:00",1045.000000000
"2023-04-22 16:00:00",1104.000000000
"2023-04-22 17:00:00",1135.000000000
"2023-04-22 18:00:00",1164.000000000
"2023-04-22 19:00:00",1351.000000000
"2023-04-22 20:00:00",1315.000000000
"2023-04-22 21:00:00",1171.000000000
"2023-04-22 22:00:00",1033.000000000
"2023-04-22 23:00:00",931.000000000
"2023-04-23 00:00:00",841.000000000
"2023-04-23 01:00:00",805.000000000
"2023-04-23 02:00:00",779.000000000
"2023-04-23 03:00:00",757.000000000
"2023-04-23 04:00:00",738.000000000
"2023-04-23 05:00:00",750.000000000
"2023-04-23 06:00:00",781.000000000
"2023-04-23 07:00:00",771.000000000
"2023-04-23 08:00:00",851.000000000
"2023-04-23 09:00:00",889.000000000
"2023-04-23 10:00:00",932.000000000
"2023-04-23 11:00:00",971.000000000
"2023-04-23 12:00:00",1059.000000000
"2023-04-23 13:00:00",1078.000000000
"2023-04-23 14:00:00",1043.000000000
"2023-04-23 15:00:00",1067.000000000
"2023-04-23 16:00:00",1105.000000000
"2023-04-23 17:00:00",1149.000000000
"2023-04-23 18:00:00",1101.000000000
"2023-04-23 19:00:00",1130.000000000
"2023-04-23 20:00:00",1267.000000000
"2023-04-23 21:00:00",1221.000000000
"2023-04-23 22:00:00",1091.000000000
"2023-04-23 23:00:00",1048.000000000
"2023-04-24 00:00:00",952.000000000
"2023-04-24 01:00:00",872.000000000
"2023-04-24 02:00:00",785.000000000
"2023-04-24 03:00:00",750.000000000
"2023-04-24 04:00:00",743.000000000
"2023-04-24 05:00:00",784.000000000
"2023-04-24 06:00:00",834.000000000
"2023-04-24 07:00:00",912.000000000
"2023-04-24 08:00:00",1045.000000000
"2023-04-24 09:00:00",1074.000000000
"2023-04-24 10:00:00",1098.000000000
"2023-04-24 11:00:00",1162.000000000
"2023-04-24 12:00:00",1219.000000000
"2023-04-24 13:00:00",1208.000000000
"2023-04-24 14:00:00",1170.000000000
"2023-04-24 15:00:00",1154.000000000
"2023-04-24 16:00:00",1193.000000000
"2023-04-24 17:00:00",1210.000000000
"2023-04-24 18:00:00",1247.000000000
"2023-04-24 19:00:00",1242.000000000
"2023-04-24 20:00:00",1211.000000000
"2023-04-24 21:00:00",1210.000000000
"2023-04-24 22:00:00",1187.000000000
"2023-04-24 23:00:00",1142.000000000
"2023-04-25 00:00:00",979.000000000
"2023-04-25 01:00:00",890.000000000
"2023-04-25 02:00:00",786.000000000
"2023-04-25 03:00:00",774.000000000
"2023-04-25 04:00:00",767.000000000
"2023-04-25 05:00:00",815.000000000
"2023-04-25 06:00:00",958.000000000
"2023-04-25 07:00:00",1082.000000000
"2023-04-25 08:00:00",1080.000000000
"2023-04-25 09:00:00",1050.000000000
"2023-04-25 10:00:00",1112.000000000
"2023-04-25 11:00:00",1145.000000000
"2023-04-25 12:00:00",1150.000000000
"2023-04-25 13:00:00",1159.000000000
"2023-04-25 14:00:00",1149.000000000
"2023-04-25 15:00:00",1138.000000000
"2023-04-25 16:00:00",1167.000000000
"2023-04-25 17:00:00",1164.000000000
"2023-04-25 18:00:00",1166.000000000
"2023-04-25 19:00:00",1188.000000000
"2023-04-25 20:00:00",1199.000000000
"2023-04-25 21:00:00",1377.000000000
"2023-04-25 22:00:00",1389.000000000
"2023-04-25 23:00:00",1108.000000000
"2023-04-26 00:00:00",956.000000000
"2023-04-26 01:00:00",850.000000000
"2023-04-26 02:00:00",745.000000000
"2023-04-26 03:00:00",720.000000000
"2023-04-26 04:00:00",721.000000000
"2023-04-26 05:00:00",766.000000000
"2023-04-26 06:00:00",822.000000000
"2023-04-26 07:00:00",890.000000000
"2023-04-26 08:00:00",1050.000000000
"2023-04-26 09:00:00",1065.000000000
"2023-04-26 10:00:00",1077.000000000
"2023-04-26 11:00:00",1082.000000000
"2023-04-26 12:00:00",1079.000000000
"2023-04-26 13:00:00",1093.000000000
"2023-04-26 14:00:00",1068.000000000
"2023-04-26 15:00:00",1068.000000000
"2023-04-26 16:00:00",1141.000000000
"2023-04-26 17:00:00",1128.000000000
"2023-04-26 18:00:00",1122.000000000
"2023-04-26 19:00:00",1328.000000000
"2023-04-26 20:00:00",1321.000000000
"2023-04-26 21:00:00",1303.000000000
"2023-04-26 22:00:00",1260.000000000
"2023-04-26 23:00:00",1033.000000000
"2023-04-27 00:00:00",934.000000000
"2023-04-27 01:00:00",848.000000000
"2023-04-27 02:00:00",730.000000000
"2023-04-27 03:00:00",710.000000000
"2023-04-27 04:00:00",688.000000000
"2023-04-27 05:00:00",726.000000000
"2023-04-27 06:00:00",835.000000000
"2023-04-27 07:00:00",1008.000000000
"2023-04-27 08:00:00",1106.000000000
"2023-04-27 09:00:00",1072.000000000
"2023-04-27 10:00:00",1108.000000000
"2023-04-27 11:00:00",1158.000000000
"2023-04-27 12:00:00",1189.000000000
"2023-04-27 13:00:00",1206.000000000
"2023-04-27 14:00:00",1214.000000000
"2023-04-27 15:00:00",1223.000000000
"2023-04-27 16:00:00",1279.000000000
"2023-04-27 17:00:00",1287.000000000
"2023-04-27 18:00:00",1446.000000000
"2023-04-27 19:00:00",1401.000000000
"2023-04-27 20:00:00",1380.000000000
"2023-04-27 21:00:00",1354.000000000
"2023-04-27 22:00:00",1193.000000000
"2023-04-27 23:00:00",1020.000000000
"2023-04-28 00:00:00",858.000000000
"2023-04-28 01:00:00",808.000000000
"2023-04-28 02:00:00",734.000000000
"2023-04-28 03:00:00",740.000000000
"2023-04-28 04:00:00",728.000000000
"2023-04-28 05:00:00",774.000000000
"2023-04-28 06:00:00",823.000000000
"2023-04-28 07:00:00",845.000000000
"2023-04-28 08:00:00",1006.000000000
"2023-04-28 09:00:00",1088.000000000
"2023-04-28 10:00:00",1161.000000000
"2023-04-28 11:00:00",1205.000000000
"2023-04-28 12:00:00",1270.000000000
"2023-04-28 13:00:00",1299.000000000
"2023-04-28 14:00:00",1282.000000000
"2023-04-28 15:00:00",1278.000000000
"2023-04-28 16:00:00",1258.000000000
"2023-04-28 17:00:00",1222.000000000
"2023-04-28 18:00:00",1214.000000000
"2023-04-28 19:00:00",1193.000000000
"2023-04-28 20:00:00",1153.000000000
"2023-04-28 21:00:00",1071.000000000
"2023-04-28 22:00:00",1021.000000000
"2023-04-28 23:00:00",953.000000000
"2023-04-29 00:00:00",841.000000000
"2023-04-29 01:00:00",796.000000000
"2023-04-29 02:00:00",760.000000000
"2023-04-29 03:00:00",735.000000000
"2023-04-29 04:00:00",710.000000000
"2023-04-29 05:00:00",736.000000000
"2023-04-29 06:00:00",745.000000000
"2023-04-29 07:00:00",728.000000000
"2023-04-29 08:00:00",844.000000000
"2023-04-29 09:00:00",878.000000000
"2023-04-29 10:00:00",926.000000000
"2023-04-29 11:00:00",969.000000000
"2023-04-29 12:00:00",1044.000000000
"2023-04-29 13:00:00",1053.000000000
"2023-04-29 14:00:00",1014.000000000
"2023-04-29 15:00:00",977.000000000
"2023-04-29 16:00:00",1016.000000000
"2023-04-29 17:00:00",949.000000000
"2023-04-29 18:00:00",982.000000000
"2023-04-29 19:00:00",1021.000000000
"2023-04-29 20:00:00",1020.000000000
"2023-04-29 21:00:00",1094.000000000
"2023-04-29 22:00:00",985.000000000
"2023-04-29 23:00:00",921.000000000
"2023-04-30 00:00:00",861.000000000
"2023-04-30 01:00:00",793.000000000
"2023-04-30 02:00:00",756.000000000
"2023-04-30 03:00:00",742.000000000
"2023-04-30 04:00:00",735.000000000
"2023-04-30 05:00:00",727.000000000
"2023-04-30 06:00:00",734.000000000
"2023-04-30 07:00:00",732.000000000
"2023-04-30 08:00:00",824.000000000
"2023-04-30 09:00:00",832.000000000
"2023-04-30 10:00:00",892.000000000
"2023-04-30 11:00:00",946.000000000
"2023-04-30 12:00:00",900.000000000
"2023-04-30 13:00:00",943.000000000
"2023-04-30 14:00:00",1017.000000000
"2023-04-30 15:00:00",1026.000000000
"2023-04-30 16:00:00",1052.000000000
"2023-04-30 17:00:00",1064.000000000
"2023-04-30 18:00:00",1088.000000000
"2023-04-30 19:00:00",1137.000000000
"2023-04-30 20:00:00",1116.000000000
"2023-04-30 21:00:00",1090.000000000
"2023-04-30 22:00:00",1070.000000000
"2023-04-30 23:00:00",1011.000000000
"2023-05-01 00:00:00",921.000000000
"2023-05-01 01:00:00",836.000000000
"2023-05-01 02:00:00",737.000000000
"2023-05-01 03:00:00",719.000000000
"2023-05-01 04:00:00",732.000000000
"2023-05-01 05:00:00",749.000000000
"2023-05-01 06:00:00",802.000000000
"2023-05-01 07:00:00",846.000000000
"2023-05-01 08:00:00",1005.000000000
"2023-05-01 09:00:00",1025.000000000
"2023-05-01 10:00:00",1035.000000000
"2023-05-01 11:00:00",1035.000000000
"2023-05-01 12:00:00",1035.000000000
"2023-05-01 13:00:00",1053.000000000
"2023-05-01 14:00:00",1031.000000000
"2023-05-01 15:00:00",964.000000000
"2023-05-01 16:00:00",1003.000000000
"2023-05-01 17:00:00",1042.000000000
"2023-05-01 18:00:00",1043.000000000
"2023-05-01 19:00:00",1129.000000000
"2023-05-01 20:00:00",1151.000000000
"2023-05-01 21:00:00",1173.000000000
"2023-05-01 22:00:00",1154.000000000
"2023-05-01 23:00:00",1041.000000000
"2023-05-02 00:00:00",912.000000000
"2023-05-02 01:00:00",858.000000000
"2023-05-02 02:00:00",759.000000000
"2023-05-02 03:00:00",732.000000000
"2023-05-02 04:00:00",740.000000000
"2023-05-02 05:00:00",776.000000000
"2023-05-02 06:00:00",824.000000000
"2023-05-02 07:00:00",834.000000000
"2023-05-02 08:00:00",992.000000000
"2023-05-02 09:00:00",981.000000000
"2023-05-02 10:00:00",1002.000000000
"2023-05-02 11:00:00",1022.000000000
"2023-05-02 12:00:00",1048.000000000
"2023-05-02 13:00:00",993.000000000
"2023-05-02 14:00:00",1002.000000000
"2023-05-02 15:00:00",991.000000000
"2023-05-02 16:00:00",977.000000000
"2023-05-02 17:00:00",1018.000000000
"2023-05-02 18:00:00",1051.000000000
"2023-05-02 19:00:00",1057.000000000
"2023-05-02 20:00:00",1305.000000000
"2023-05-02 21:00:00",1322.000000000
"2023-05-02 22:00:00",1276.000000000
"2023-05-02 23:00:00",989.000000000
"2023-05-03 00:00:00",887.000000000
"2023-05-03 01:00:00",839.000000000
"2023-05-03 02:00:00",759.000000000
"2023-05-03 03:00:00",727.000000000
"2023-05-03 04:00:00",718.000000000
"2023-05-03 05:00:00",756.000000000
"2023-05-03 06:00:00",811.000000000
"2023-05-03 07:00:00",835.000000000
"2023-05-03 08:00:00",984.000000000
"2023-05-03 09:00:00",976.000000000
"2023-05-03 10:00:00",968.000000000
"2023-05-03 11:00:00",970.000000000
"2023-05-03 12:00:00",1014.000000000
"2023-05-03 13:00:00",1011.000000000
"2023-05-03 14:00:00",1003.000000000
"2023-05-03 15:00:00",1006.000000000
"2023-05-03 16:00:00",1021.000000000
"2023-05-03 17:00:00",1074.000000000
"2023-05-03 18:00:00",1072.000000000
"2023-05-03 19:00:00",1077.000000000
"2023-05-03 20:00:00",1078.000000000
"2023-05-03 21:00:00",1031.000000000
"2023-05-03 22:00:00",1008.000000000
"2023-05-03 23:00:00",958.000000000
"2023-05-04 00:00:00",871.000000000
"2023-05-04 01:00:00",822.000000000
"2023-05-04 02:00:00",708.000000000
"2023-05-04 03:00:00",675.000000000
"2023-05-04 04:00:00",679.000000000
"2023-05-04 05:00:00",733.000000000
"2023-05-04 06:00:00",757.000000000
"2023-05-04 07:00:00",754.000000000
"2023-05-04 08:00:00",921.000000000
"2023-05-04 09:00:00",953.000000000
"2023-05-04 10:00:00",977.000000000
"2023-05-04 11:00:00",1043.000000000
"2023-05-04 12:00:00",1050.000000000
"2023-05-04 13:00:00",1036.000000000
"2023-05-04 14:00:00",1012.000000000
"2023-05-04 15:00:00",1026.000000000
"2023-05-04 16:00:00",1035.000000000
"2023-05-04 17:00:00",1051.000000000
"2023-05-04 18:00:00",1064.000000000
"2023-05-04 19:00:00",1088.000000000
"2023-05-04 20:00:00",1182.000000000
"2023-05-04 21:00:00",1159.000000000
"2023-05-04 22:00:00",1120.000000000
"2023-05-04 23:00:00",1020.000000000
"2023-05-05 00:00:00",900.000000000
"2023-05-05 01:00:00",847.000000000
"2023-05-05 02:00:00",750.000000000
"2023-05-05 03:00:00",727.000000000
"2023-05-05 04:00:00",721.000000000
"2023-05-05 05:00:00",764.000000000
"2023-05-05 06:00:00",797.000000000
"2023-05-05 07:00:00",824.000000000
"2023-05-05 08:00:00",975.000000000
"2023-05-05 09:00:00",1002.000000000
"2023-05-05 10:00:00",1009.000000000
"2023-05-05 11:00:00",1092.000000000
"2023-05-05 12:00:00",1024.000000000
"2023-05-05 13:00:00",1022.000000000
"2023-05-05 14:00:00",1082.000000000
"2023-05-05 15:00:00",1006.000000000
"2023-05-05 16:00:00",1098.000000000
"2023-05-05 17:00:00",1126.000000000
"2023-05-05 18:00:00",1076.000000000
"2023-05-05 19:00:00",1086.000000000
"2023-05-05 20:00:00",1093.000000000
"2023-05-05 21:00:00",1017.000000000
"2023-05-05 22:00:00",975.000000000
"2023-05-05 23:00:00",929.000000000
"2023-05-06 00:00:00",812.000000000
"2023-05-06 01:00:00",767.000000000
"2023-05-06 02:00:00",716.000000000
"2023-05-06 03:00:00",695.000000000
"2023-05-06 04:00:00",670.000000000
"2023-05-06 05:00:00",672.000000000
"2023-05-06 06:00:00",672.000000000
"2023-05-06 07:00:00",679.000000000
"2023-05-06 08:00:00",816.000000000
"2023-05-06 09:00:00",866.000000000
"2023-05-06 10:00:00",927.000000000
"2023-05-06 11:00:00",978.000000000
"2023-05-06 12:00:00",989.000000000
"2023-05-06 13:00:00",1008.000000000
"2023-05-06 14:00:00",1064.000000000
"2023-05-06 15:00:00",1048.000000000
"2023-05-06 16:00:00",1068.000000000
"2023-05-06 17:00:00",1065.000000000
"2023-05-06 18:00:00",1030.000000000
"2023-05-06 19:00:00",977.000000000
"2023-05-06 20:00:00",977.000000000
"2023-05-06 21:00:00",944.000000000
"2023-05-06 22:00:00",888.000000000
"2023-05-06 23:00:00",844.000000000
"2023-05-07 00:00:00",779.000000000
"2023-05-07 01:00:00",757.000000000
"2023-05-07 02:00:00",723.000000000
"2023-05-07 03:00:00",696.000000000
"2023-05-07 04:00:00",687.000000000
"2023-05-07 05:00:00",686.000000000
"2023-05-07 06:00:00",682.000000000
"2023-05-07 07:00:00",671.000000000
"2023-05-07 08:00:00",761.000000000
"2023-05-07 09:00:00",779.000000000
"2023-05-07 10:00:00",853.000000000
"2023-05-07 11:00:00",891.000000000
"2023-05-07 12:00:00",854.000000000
"2023-05-07 13:00:00",871.000000000
"2023-05-07 14:00:00",949.000000000
"2023-05-07 15:00:00",914.000000000
"2023-05-07 16:00:00",889.000000000
"2023-05-07 17:00:00",934.000000000
"2023-05-07 18:00:00",979.000000000
"2023-05-07 19:00:00",1001.000000000
"2023-05-07 20:00:00",984.000000000
"2023-05-07 21:00:00",1008.000000000
"2023-05-07 22:00:00",1005.000000000
"2023-05-07 23:00:00",963.000000000
"2023-05-08 00:00:00",887.000000000
"2023-05-08 01:00:00",838.000000000
"2023-05-08 02:00:00",728.000000000
"2023-05-08 03:00:00",703.000000000
"2023-05-08 04:00:00",690.000000000
"2023-05-08 05:00:00",752.000000000
"2023-05-08 06:00:00",786.000000000
"2023-05-08 07:00:00",842.000000000
"2023-05-08 08:00:00",1041.000000000
"2023-05-08 09:00:00",1073.000000000
"2023-05-08 10:00:00",1054.000000000
"2023-05-08 11:00:00",1103.000000000
"2023-05-08 12:00:00",1090.000000000
"2023-05-08 13:00:00",1108.000000000
"2023-05-08 14:00:00",1045.000000000
"2023-05-08 15:00:00",1050.000000000
"2023-05-08 16:00:00",1072.000000000
"2023-05-08 17:00:00",1078.000000000
"2023-05-08 18:00:00",1044.000000000
"2023-05-08 19:00:00",1063.000000000
"2023-05-08 20:00:00",1041.000000000
"2023-05-08 21:00:00",1017.000000000
"2023-05-08 22:00:00",980.000000000
"2023-05-08 23:00:00",922.000000000
"2023-05-09 00:00:00",856.000000000
"2023-05-09 01:00:00",815.000000000
"2023-05-09 02:00:00",730.000000000
"2023-05-09 03:00:00",703.000000000
"2023-05-09 04:00:00",692.000000000
"2023-05-09 05:00:00",733.000000000
"2023-05-09 06:00:00",770.000000000
"2023-05-09 07:00:00",803.000000000
"2023-05-09 08:00:00",1016.000000000
"2023-05-09 09:00:00",989.000000000
"2023-05-09 10:00:00",1025.000000000
"2023-05-09 11:00:00",1050.000000000
"2023-05-09 12:00:00",1059.000000000
"2023-05-09 13:00:00",1048.000000000
"2023-05-09 14:00:00",1025.000000000
"2023-05-09 15:00:00",1049.000000000
"2023-05-09 16:00:00",1089.000000000
"2023-05-09 17:00:00",1059.000000000
"2023-05-09 18:00:00",1014.000000000
"2023-05-09 19:00:00",959.000000000
"2023-05-09 20:00:00",954.000000000
"2023-05-09 21:00:00",931.000000000
"2023-05-09 22:00:00",929.000000000
"2023-05-09 23:00:00",900.000000000
"2023-05-10 00:00:00",844.000000000
"2023-05-10 01:00:00",764.000000000
"2023-05-10 02:00:00",687.000000000
"2023-05-10 03:00:00",677.000000000
"2023-05-10 04:00:00",674.000000000
"2023-05-10 05:00:00",728.000000000
"2023-05-10 06:00:00",774.000000000
"2023-05-10 07:00:00",807.000000000
"2023-05-10 08:00:00",987.000000000
"2023-05-10 09:00:00",952.000000000
"2023-05-10 10:00:00",955.000000000
"2023-05-10 11:00:00",957.000000000
"2023-05-10 12:00:00",968.000000000
"2023-05-10 13:00:00",936.000000000
"2023-05-10 14:00:00",987.000000000
"2023-05-10 15:00:00",1040.000000000
"2023-05-10 16:00:00",1036.000000000
"2023-05-10 17:00:00",997.000000000
"2023-05-10 18:00:00",990.000000000
"2023-05-10 19:00:00",984.000000000
"2023-05-10 20:00:00",944.000000000
"2023-05-10 21:00:00",953.000000000
"2023-05-10 22:00:00",922.000000000
"2023-05-10 23:00:00",872.000000000
"2023-05-11 00:00:00",799.000000000
"2023-05-11 01:00:00",750.000000000
"2023-05-11 02:00:00",691.000000000
"2023-05-11 03:00:00",686.000000000
"2023-05-11 04:00:00",677.000000000
"2023-05-11 05:00:00",720.000000000
"2023-05-11 06:00:00",773.000000000
"2023-05-11 07:00:00",805.000000000
"2023-05-11 08:00:00",1006.000000000
"2023-05-11 09:00:00",1073.000000000
"2023-05-11 10:00:00",1087.000000000
"2023-05-11 11:00:00",1113.000000000
"2023-05-11 12:00:00",1036.000000000
"2023-05-11 13:00:00",985.000000000
"2023-05-11 14:00:00",1014.000000000
"2023-05-11 15:00:00",1013.000000000
"2023-05-11 16:00:00",1088.000000000
"2023-05-11 17:00:00",1086.000000000
"2023-05-11 18:00:00",1048.000000000
"2023-05-11 19:00:00",1038.000000000
"2023-05-11 20:00:00",977.000000000
"2023-05-11 21:00:00",951.000000000
"2023-05-11 22:00:00",950.000000000
"2023-05-11 23:00:00",936.000000000
"2023-05-12 00:00:00",837.000000000
"2023-05-12 01:00:00",826.000000000
"2023-05-12 02:00:00",725.000000000
"2023-05-12 03:00:00",709.000000000
"2023-05-12 04:00:00",694.000000000
"2023-05-12 05:00:00",737.000000000
"2023-05-12 06:00:00",786.000000000
"2023-05-12 07:00:00",834.000000000
"2023-05-12 08:00:00",1050.000000000
"2023-05-12 09:00:00",1013.000000000
"2023-05-12 10:00:00",1026.000000000
"2023-05-12 11:00:00",1031.000000000
"2023-05-12 12:00:00",1034.000000000
"2023-05-12 13:00:00",1106.000000000
"2023-05-12 14:00:00",1135.000000000
"2023-05-12 15:00:00",1128.000000000
"2023-05-12 16:00:00",1116.000000000
"2023-05-12 17:00:00",1098.000000000
"2023-05-12 18:00:00",1030.000000000
"2023-05-12 19:00:00",970.000000000
"2023-05-12 20:00:00",941.000000000
"2023-05-12 21:00:00",920.000000000
"2023-05-12 22:00:00",921.000000000
"2023-05-12 23:00:00",885.000000000
"2023-05-13 00:00:00",816.000000000
"2023-05-13 01:00:00",791.000000000
"2023-05-13 02:00:00",747.000000000
"2023-05-13 03:00:00",759.000000000
"2023-05-13 04:00:00",769.000000000
"2023-05-13 05:00:00",778.000000000
"2023-05-13 06:00:00",782.000000000
"2023-05-13 07:00:00",760.000000000
"2023-05-13 08:00:00",933.000000000
"2023-05-13 09:00:00",1004.000000000
"2023-05-13 10:00:00",1060.000000000
"2023-05-13 11:00:00",1044.000000000
"2023-05-13 12:00:00",1004.000000000
"2023-05-13 13:00:00",1002.000000000
"2023-05-13 14:00:00",981.000000000
"2023-05-13 15:00:00",972.000000000
"2023-05-13 16:00:00",883.000000000
"2023-05-13 17:00:00",858.000000000
"2023-05-13 18:00:00",844.000000000
"2023-05-13 19:00:00",833.000000000
"2023-05-13 20:00:00",841.000000000
"2023-05-13 21:00:00",810.000000000
"2023-05-13 22:00:00",794.000000000
"2023-05-13 23:00:00",783.000000000
"2023-05-14 00:00:00",714.000000000
"2023-05-14 01:00:00",676.000000000
"2023-05-14 02:00:00",652.000000000
"2023-05-14 03:00:00",641.000000000
"2023-05-14 04:00:00",645.000000000
"2023-05-14 05:00:00",646.000000000
"2023-05-14 06:00:00",653.000000000
"2023-05-14 07:00:00",653.000000000
"2023-05-14 08:00:00",745.000000000
"2023-05-14 09:00:00",753.000000000
"2023-05-14 10:00:00",793.000000000
"2023-05-14 11:00:00",773.000000000
"2023-05-14 12:00:00",724.000000000
"2023-05-14 13:00:00",742.000000000
"2023-05-14 14:00:00",696.000000000
"2023-05-14 15:00:00",674.000000000
"2023-05-14 16:00:00",672.000000000
"2023-05-14 17:00:00",664.000000000
"2023-05-14 18:00:00",710.000000000
"2023-05-14 19:00:00",737.000000000
"2023-05-14 20:00:00",771.000000000
"2023-05-14 21:00:00",783.000000000
"2023-05-14 22:00:00",811.000000000
"2023-05-14 23:00:00",796.000000000
"2023-05-15 00:00:00",718.000000000
"2023-05-15 01:00:00",679.000000000
"2023-05-15 02:00:00",631.000000000
"2023-05-15 03:00:00",626.000000000
"2023-05-15 04:00:00",636.000000000
"2023-05-15 05:00:00",659.000000000
"2023-05-15 06:00:00",691.000000000
"2023-05-15 07:00:00",757.000000000
"2023-05-15 08:00:00",858.000000000
"2023-05-15 09:00:00",830.000000000
"2023-05-15 10:00:00",820.000000000
"2023-05-15 11:00:00",819.000000000
"2023-05-15 12:00:00",803.000000000
"2023-05-15 13:00:00",762.000000000
"2023-05-15 14:00:00",782.000000000
"2023-05-15 15:00:00",778.000000000
"2023-05-15 16:00:00",789.000000000
"2023-05-15 17:00:00",771.000000000
"2023-05-15 18:00:00",702.000000000
"2023-05-15 19:00:00",692.000000000
"2023-05-15 20:00:00",666.000000000
"2023-05-15 21:00:00",672.000000000
"2023-05-15 22:00:00",689.000000000
"2023-05-15 23:00:00",668.000000000
"2023-05-16 00:00:00",650.000000000
"2023-05-16 01:00:00",651.000000000
"2023-05-16 02:00:00",612.000000000
"2023-05-16 03:00:00",614.000000000
"2023-05-16 04:00:00",604.000000000
"2023-05-16 05:00:00",636.000000000
"2023-05-16 06:00:00",663.000000000
"2023-05-16 07:00:00",657.000000000
"2023-05-16 08:00:00",698.000000000
"2023-05-16 09:00:00",768.000000000
"2023-05-16 10:00:00",781.000000000
"2023-05-16 11:00:00",830.000000000
"2023-05-16 12:00:00",851.000000000
"2023-05-16 13:00:00",801.000000000
"2023-05-16 14:00:00",793.000000000
"2023-05-16 15:00:00",787.000000000
"2023-05-16 16:00:00",786.000000000
"2023-05-16 17:00:00",752.000000000
"2023-05-16 18:00:00",679.000000000
"2023-05-16 19:00:00",697.000000000
"2023-05-16 20:00:00",713.000000000
"2023-05-16 21:00:00",680.000000000
"2023-05-16 22:00:00",698.000000000
"2023-05-16 23:00:00",683.000000000
"2023-05-17 00:00:00",663.000000000
"2023-05-17 01:00:00",681.000000000
"2023-05-17 02:00:00",643.000000000
"2023-05-17 03:00:00",629.000000000
"2023-05-17 04:00:00",631.000000000
"2023-05-17 05:00:00",653.000000000
"2023-05-17 06:00:00",683.000000000
"2023-05-17 07:00:00",684.000000000
"2023-05-17 08:00:00",749.000000000
"2023-05-17 09:00:00",813.000000000
"2023-05-17 10:00:00",812.000000000
"2023-05-17 11:00:00",809.000000000
"2023-05-17 12:00:00",815.000000000
"2023-05-17 13:00:00",781.000000000
"2023-05-17 14:00:00",793.000000000
"2023-05-17 15:00:00",779.000000000
"2023-05-17 16:00:00",796.000000000
"2023-05-17 17:00:00",735.000000000
"2023-05-17 18:00:00",643.000000000
"2023-05-17 19:00:00",647.000000000
"2023-05-17 20:00:00",677.000000000
"2023-05-17 21:00:00",668.000000000
"2023-05-17 22:00:00",670.000000000
"2023-05-17 23:00:00",654.000000000
"2023-05-18 00:00:00",618.000000000
"2023-05-18 01:00:00",624.000000000
"2023-05-18 02:00:00",604.000000000
"2023-05-18 03:00:00",597.000000000
"2023-05-18 04:00:00",593.000000000
"2023-05-18 05:00:00",626.000000000
"2023-05-18 06:00:00",640.000000000
"2023-05-18 07:00:00",672.000000000
"2023-05-18 08:00:00",719.000000000
"2023-05-18 09:00:00",814.000000000
"2023-05-18 10:00:00",827.000000000
"2023-05-18 11:00:00",851.000000000
"2023-05-18 12:00:00",874.000000000
"2023-05-18 13:00:00",892.000000000
"2023-05-18 14:00:00",905.000000000
"2023-05-18 15:00:00",882.000000000
"2023-05-18 16:00:00",820.000000000
"2023-05-18 17:00:00",766.000000000
"2023-05-18 18:00:00",723.000000000
"2023-05-18 19:00:00",713.000000000
"2023-05-18 20:00:00",720.000000000
"2023-05-18 21:00:00",712.000000000
"2023-05-18 22:00:00",720.000000000
"2023-05-18 23:00:00",683.000000000
"2023-05-19 00:00:00",676.000000000
"2023-05-19 01:00:00",663.000000000
"2023-05-19 02:00:00",623.000000000
"2023-05-19 03:00:00",626.000000000
"2023-05-19 04:00:00",623.000000000
"2023-05-19 05:00:00",655.000000000
"2023-05-19 06:00:00",676.000000000
"2023-05-19 07:00:00",689.000000000
"2023-05-19 08:00:00",710.000000000
"2023-05-19 09:00:00",766.000000000
"2023-05-19 10:00:00",778.000000000
"2023-05-19 11:00:00",836.000000000
"2023-05-19 12:00:00",803.000000000
"2023-05-19 13:00:00",774.000000000
"2023-05-19 14:00:00",727.000000000
"2023-05-19 15:00:00",713.000000000
"2023-05-19 16:00:00",715.000000000
"2023-05-19 17:00:00",703.000000000
"2023-05-19 18:00:00",675.000000000
"2023-05-19 19:00:00",668.000000000
"2023-05-19 20:00:00",694.000000000
"2023-05-19 21:00:00",674.000000000
"2023-05-19 22:00:00",673.000000000
"2023-05-19 23:00:00",653.000000000
"2023-05-20 00:00:00",638.000000000
"2023-05-20 01:00:00",630.000000000
"2023-05-20 02:00:00",624.000000000
"2023-05-20 03:00:00",619.000000000
"2023-05-20 04:00:00",630.000000000
"2023-05-20 05:00:00",652.000000000
"2023-05-20 06:00:00",672.000000000
"2023-05-20 07:00:00",635.000000000
"2023-05-20 08:00:00",631.000000000
"2023-05-20 09:00:00",619.000000000
"2023-05-20 10:00:00",585.000000000
"2023-05-20 11:00:00",567.000000000
"2023-05-20 12:00:00",551.000000000
"2023-05-20 13:00:00",515.000000000
"2023-05-20 14:00:00",519.000000000
"2023-05-20 15:00:00",513.000000000
"2023-05-20 16:00:00",530.000000000
"2023-05-20 17:00:00",534.000000000
"2023-05-20 18:00:00",559.000000000
"2023-05-20 19:00:00",617.000000000
"2023-05-20 20:00:00",654.000000000
"2023-05-20 21:00:00",670.000000000
"2023-05-20 22:00:00",690.000000000
"2023-05-20 23:00:00",660.000000000
"2023-05-21 00:00:00",648.000000000
"2023-05-21 01:00:00",623.000000000
"2023-05-21 02:00:00",621.000000000
"2023-05-21 03:00:00",620.000000000
"2023-05-21 04:00:00",619.000000000
"2023-05-21 05:00:00",624.000000000
"2023-05-21 06:00:00",625.000000000
"2023-05-21 07:00:00",602.000000000
"2023-05-21 08:00:00",575.000000000
"2023-05-21 09:00:00",583.000000000
"2023-05-21 10:00:00",555.000000000
"2023-05-21 11:00:00",536.000000000
"2023-05-21 12:00:00",519.000000000
"2023-05-21 13:00:00",521.000000000
"2023-05-21 14:00:00",507.000000000
"2023-05-21 15:00:00",512.000000000
"2023-05-21 16:00:00",536.000000000
"2023-05-21 17:00:00",557.000000000
"2023-05-21 18:00:00",580.000000000
"2023-05-21 19:00:00",605.000000000
"2023-05-21 20:00:00",640.000000000
"2023-05-21 21:00:00",664.000000000
"2023-05-21 22:00:00",680.000000000
"2023-05-21 23:00:00",665.000000000
"2023-05-22 00:00:00",648.000000000
"2023-05-22 01:00:00",662.000000000
"2023-05-22 02:00:00",630.000000000
"2023-05-22 03:00:00",636.000000000
"2023-05-22 04:00:00",633.000000000
"2023-05-22 05:00:00",678.000000000
"2023-05-22 06:00:00",679.000000000
"2023-05-22 07:00:00",691.000000000
"2023-05-22 08:00:00",746.000000000
"2023-05-22 09:00:00",836.000000000
"2023-05-22 10:00:00",829.000000000
"2023-05-22 11:00:00",819.000000000
"2023-05-22 12:00:00",805.000000000
"2023-05-22 13:00:00",793.000000000
"2023-05-22 14:00:00",790.000000000
"2023-05-22 15:00:00",790.000000000
"2023-05-22 16:00:00",805.000000000
"2023-05-22 17:00:00",774.000000000
"2023-05-22 18:00:00",694.000000000
"2023-05-22 19:00:00",723.000000000
"2023-05-22 20:00:00",733.000000000
"2023-05-22 21:00:00",717.000000000
"2023-05-22 22:00:00",720.000000000
"2023-05-22 23:00:00",689.000000000
"2023-05-23 00:00:00",666.000000000
"2023-05-23 01:00:00",681.000000000
"2023-05-23 02:00:00",638.000000000
"2023-05-23 03:00:00",640.000000000
"2023-05-23 04:00:00",634.000000000
"2023-05-23 05:00:00",675.000000000
"2023-05-23 06:00:00",698.000000000
"2023-05-23 07:00:00",699.000000000
"2023-05-23 08:00:00",778.000000000
"2023-05-23 09:00:00",870.000000000
"2023-05-23 10:00:00",885.000000000
"2023-05-23 11:00:00",880.000000000
"2023-05-23 12:00:00",878.000000000
"2023-05-23 13:00:00",850.000000000
"2023-05-23 14:00:00",844.000000000
"2023-05-23 15:00:00",842.000000000
"2023-05-23 16:00:00",850.000000000
"2023-05-23 17:00:00",823.000000000
"2023-05-23 18:00:00",752.000000000
"2023-05-23 19:00:00",765.000000000
"2023-05-23 20:00:00",766.000000000
"2023-05-23 21:00:00",717.000000000
"2023-05-23 22:00:00",715.000000000
"2023-05-23 23:00:00",686.000000000
"2023-05-24 00:00:00",661.000000000
"2023-05-24 01:00:00",674.000000000
"2023-05-24 02:00:00",640.000000000
"2023-05-24 03:00:00",638.000000000
"2023-05-24 04:00:00",643.000000000
"2023-05-24 05:00:00",675.000000000
"2023-05-24 06:00:00",704.000000000
"2023-05-24 07:00:00",721.000000000
"2023-05-24 08:00:00",832.000000000
"2023-05-24 09:00:00",879.000000000
"2023-05-24 10:00:00",884.000000000
"2023-05-24 11:00:00",870.000000000
"2023-05-24 12:00:00",839.000000000
"2023-05-24 13:00:00",858.000000000
"2023-05-24 14:00:00",862.000000000
"2023-05-24 15:00:00",864.000000000
"2023-05-24 16:00:00",868.000000000
"2023-05-24 17:00:00",803.000000000
"2023-05-24 18:00:00",695.000000000
"2023-05-24 19:00:00",708.000000000
"2023-05-24 20:00:00",704.000000000
"2023-05-24 21:00:00",687.000000000
"2023-05-24 22:00:00",684.000000000
"2023-05-24 23:00:00",651.000000000
"2023-05-25 00:00:00",621.000000000
"2023-05-25 01:00:00",641.000000000
"2023-05-25 02:00:00",602.000000000
"2023-05-25 03:00:00",592.000000000
"2023-05-25 04:00:00",598.000000000
"2023-05-25 05:00:00",627.000000000
"2023-05-25 06:00:00",639.000000000
"2023-05-25 07:00:00",652.000000000
"2023-05-25 08:00:00",736.000000000
"2023-05-25 09:00:00",829.000000000
"2023-05-25 10:00:00",803.000000000
"2023-05-25 11:00:00",771.000000000
"2023-05-25 12:00:00",783.000000000
"2023-05-25 13:00:00",767.000000000
"2023-05-25 14:00:00",779.000000000
"2023-05-25 15:00:00",767.000000000
"2023-05-25 16:00:00",781.000000000
"2023-05-25 17:00:00",751.000000000
"2023-05-25 18:00:00",687.000000000
"2023-05-25 19:00:00",701.000000000
"2023-05-25 20:00:00",720.000000000
"2023-05-25 21:00:00",854.000000000
"2023-05-25 22:00:00",865.000000000
"2023-05-25 23:00:00",653.000000000
"2023-05-26 00:00:00",629.000000000
"2023-05-26 01:00:00",635.000000000
"2023-05-26 02:00:00",602.000000000
"2023-05-26 03:00:00",599.000000000
"2023-05-26 04:00:00",596.000000000
"2023-05-26 05:00:00",632.000000000
"2023-05-26 06:00:00",644.000000000
"2023-05-26 07:00:00",662.000000000
"2023-05-26 08:00:00",722.000000000
"2023-05-26 09:00:00",778.000000000
"2023-05-26 10:00:00",760.000000000
"2023-05-26 11:00:00",741.000000000
"2023-05-26 12:00:00",737.000000000
"2023-05-26 13:00:00",718.000000000
"2023-05-26 14:00:00",687.000000000
"2023-05-26 15:00:00",694.000000000
"2023-05-26 16:00:00",700.000000000
"2023-05-26 17:00:00",695.000000000
"2023-05-26 18:00:00",619.000000000
"2023-05-26 19:00:00",640.000000000
"2023-05-26 20:00:00",652.000000000
"2023-05-26 21:00:00",630.000000000
"2023-05-26 22:00:00",661.000000000
"2023-05-26 23:00:00",625.000000000
"2023-05-27 00:00:00",606.000000000
"2023-05-27 01:00:00",595.000000000
"2023-05-27 02:00:00",589.000000000
"2023-05-27 03:00:00",590.000000000
"2023-05-27 04:00:00",587.000000000
"2023-05-27 05:00:00",606.000000000
"2023-05-27 06:00:00",595.000000000
"2023-05-27 07:00:00",573.000000000
"2023-05-27 08:00:00",591.000000000
"2023-05-27 09:00:00",593.000000000
"2023-05-27 10:00:00",565.000000000
"2023-05-27 11:00:00",547.000000000
"2023-05-27 12:00:00",539.000000000
"2023-05-27 13:00:00",524.000000000
"2023-05-27 14:00:00",517.000000000
"2023-05-27 15:00:00",538.000000000
"2023-05-27 16:00:00",553.000000000
"2023-05-27 17:00:00",558.000000000
"2023-05-27 18:00:00",505.000000000
"2023-05-27 19:00:00",549.000000000
"2023-05-27 20:00:00",585.000000000
"2023-05-27 21:00:00",585.000000000
"2023-05-27 22:00:00",594.000000000
"2023-05-27 23:00:00",592.000000000
"2023-05-28 00:00:00",579.000000000
"2023-05-28 01:00:00",597.000000000
"2023-05-28 02:00:00",594.000000000
"2023-05-28 03:00:00",594.000000000
"2023-05-28 04:00:00",594.000000000
"2023-05-28 05:00:00",605.000000000
"2023-05-28 06:00:00",582.000000000
"2023-05-28 07:00:00",563.000000000
"2023-05-28 08:00:00",594.000000000
"2023-05-28 09:00:00",625.000000000
"2023-05-28 10:00:00",558.000000000
"2023-05-28 11:00:00",562.000000000
"2023-05-28 12:00:00",510.000000000
"2023-05-28 13:00:00",493.000000000
"2023-05-28 14:00:00",486.000000000
"2023-05-28 15:00:00",527.000000000
"2023-05-28 16:00:00",593.000000000
"2023-05-28 17:00:00",645.000000000
"2023-05-28 18:00:00",596.000000000
"2023-05-28 19:00:00",628.000000000
"2023-05-28 20:00:00",657.000000000
"2023-05-28 21:00:00",657.000000000
"2023-05-28 22:00:00",701.000000000
"2023-05-28 23:00:00",699.000000000
"2023-05-29 00:00:00",678.000000000
"2023-05-29 01:00:00",635.000000000
"2023-05-29 02:00:00",618.000000000
"2023-05-29 03:00:00",622.000000000
"2023-05-29 04:00:00",618.000000000
"2023-05-29 05:00:00",657.000000000
"2023-05-29 06:00:00",667.000000000
"2023-05-29 07:00:00",659.000000000
"2023-05-29 08:00:00",746.000000000
"2023-05-29 09:00:00",781.000000000
"2023-05-29 10:00:00",665.000000000
"2023-05-29 11:00:00",650.000000000
"2023-05-29 12:00:00",648.000000000
"2023-05-29 13:00:00",643.000000000
"2023-05-29 14:00:00",657.000000000
"2023-05-29 15:00:00",674.000000000
"2023-05-29 16:00:00",688.000000000
"2023-05-29 17:00:00",711.000000000
"2023-05-29 18:00:00",759.000000000
"2023-05-29 19:00:00",815.000000000
"2023-05-29 20:00:00",816.000000000
"2023-05-29 21:00:00",720.000000000
"2023-05-29 22:00:00",742.000000000
"2023-05-29 23:00:00",723.000000000
"2023-05-30 00:00:00",704.000000000
"2023-05-30 01:00:00",791.000000000
"2023-05-30 02:00:00",745.000000000
"2023-05-30 03:00:00",747.000000000
"2023-05-30 04:00:00",742.000000000
"2023-05-30 05:00:00",793.000000000
"2023-05-30 06:00:00",813.000000000
"2023-05-30 07:00:00",838.000000000
"2023-05-30 08:00:00",891.000000000
"2023-05-30 09:00:00",1019.000000000
"2023-05-30 10:00:00",961.000000000
"2023-05-30 11:00:00",930.000000000
"2023-05-30 12:00:00",926.000000000
"2023-05-30 13:00:00",921.000000000
"2023-05-30 14:00:00",906.000000000
"2023-05-30 15:00:00",955.000000000
"2023-05-30 16:00:00",913.000000000
"2023-05-30 17:00:00",881.000000000
"2023-05-30 18:00:00",797.000000000
"2023-05-30 19:00:00",811.000000000
"2023-05-30 20:00:00",796.000000000
"2023-05-30 21:00:00",753.000000000
"2023-05-30 22:00:00",767.000000000
"2023-05-30 23:00:00",729.000000000
"2023-05-31 00:00:00",708.000000000
