"2023-02-28 01:00:00",48.000000000
"2023-02-28 02:00:00",35.000000000
"2023-02-28 03:00:00",28.000000000
"2023-02-28 04:00:00",27.000000000
"2023-02-28 05:00:00",22.000000000
"2023-02-28 06:00:00",15.000000000
"2023-02-28 07:00:00",13.000000000
"2023-02-28 08:00:00",14.000000000
"2023-02-28 09:00:00",15.000000000
"2023-02-28 10:00:00",14.000000000
"2023-02-28 11:00:00",15.000000000
"2023-02-28 12:00:00",15.000000000
"2023-02-28 13:00:00",14.000000000
"2023-02-28 14:00:00",15.000000000
"2023-02-28 15:00:00",15.000000000
"2023-02-28 16:00:00",15.000000000
"2023-02-28 17:00:00",15.000000000
"2023-02-28 18:00:00",15.000000000
"2023-02-28 19:00:00",15.000000000
"2023-02-28 20:00:00",16.000000000
"2023-02-28 21:00:00",15.000000000
"2023-02-28 22:00:00",15.000000000
"2023-02-28 23:00:00",69.000000000
"2023-03-01 00:00:00",16.000000000
"2023-03-01 01:00:00",120.000000000
"2023-03-01 02:00:00",266.000000000
"2023-03-01 03:00:00",361.000000000
"2023-03-01 04:00:00",167.000000000
"2023-03-01 05:00:00",152.000000000
"2023-03-01 06:00:00",437.000000000
"2023-03-01 07:00:00",414.000000000
"2023-03-01 08:00:00",131.000000000
"2023-03-01 09:00:00",98.000000000
"2023-03-01 10:00:00",136.000000000
"2023-03-01 11:00:00",46.000000000
"2023-03-01 12:00:00",35.000000000
"2023-03-01 13:00:00",77.000000000
"2023-03-01 14:00:00",14.000000000
"2023-03-01 15:00:00",15.000000000
"2023-03-01 16:00:00",216.000000000
"2023-03-01 17:00:00",589.000000000
"2023-03-01 18:00:00",553.000000000
"2023-03-01 19:00:00",621.000000000
"2023-03-01 20:00:00",669.000000000
"2023-03-01 21:00:00",709.000000000
"2023-03-01 22:00:00",537.000000000
"2023-03-01 23:00:00",355.000000000
"2023-03-02 00:00:00",370.000000000
"2023-03-02 01:00:00",203.000000000
"2023-03-02 02:00:00",26.000000000
"2023-03-02 03:00:00",14.000000000
"2023-03-02 04:00:00",14.000000000
"2023-03-02 05:00:00",24.000000000
"2023-03-02 06:00:00",35.000000000
"2023-03-02 07:00:00",21.000000000
"2023-03-02 08:00:00",15.000000000
"2023-03-02 09:00:00",14.000000000
"2023-03-02 10:00:00",15.000000000
"2023-03-02 11:00:00",15.000000000
"2023-03-02 12:00:00",15.000000000
"2023-03-02 13:00:00",35.000000000
"2023-03-02 14:00:00",15.000000000
"2023-03-02 15:00:00",16.000000000
"2023-03-02 16:00:00",15.000000000
"2023-03-02 17:00:00",34.000000000
"2023-03-02 18:00:00",33.000000000
"2023-03-02 19:00:00",48.000000000
"2023-03-02 20:00:00",185.000000000
"2023-03-02 21:00:00",349.000000000
"2023-03-02 22:00:00",284.000000000
"2023-03-02 23:00:00",232.000000000
"2023-03-03 00:00:00",155.000000000
"2023-03-03 01:00:00",31.000000000
"2023-03-03 02:00:00",15.000000000
"2023-03-03 03:00:00",24.000000000
"2023-03-03 04:00:00",15.000000000
"2023-03-03 05:00:00",15.000000000
"2023-03-03 06:00:00",15.000000000
"2023-03-03 07:00:00",15.000000000
"2023-03-03 08:00:00",15.000000000
"2023-03-03 09:00:00",15.000000000
"2023-03-03 10:00:00",15.000000000
"2023-03-03 11:00:00",16.000000000
"2023-03-03 12:00:00",15.000000000
"2023-03-03 13:00:00",15.000000000
"2023-03-03 14:00:00",15.000000000
"2023-03-03 15:00:00",15.000000000
"2023-03-03 16:00:00",15.000000000
"2023-03-03 17:00:00",16.000000000
"2023-03-03 18:00:00",15.000000000
"2023-03-03 19:00:00",15.000000000
"2023-03-03 20:00:00",16.000000000
"2023-03-03 21:00:00",51.000000000
"2023-03-03 22:00:00",23.000000000
"2023-03-03 23:00:00",15.000000000
"2023-03-04 00:00:00",15.000000000
"2023-03-04 01:00:00",15.000000000
"2023-03-04 02:00:00",15.000000000
"2023-03-04 03:00:00",15.000000000
"2023-03-04 04:00:00",14.000000000
"2023-03-04 05:00:00",15.000000000
"2023-03-04 06:00:00",15.000000000
"2023-03-04 07:00:00",15.000000000
"2023-03-04 08:00:00",15.000000000
"2023-03-04 09:00:00",15.000000000
"2023-03-04 10:00:00",15.000000000
"2023-03-04 11:00:00",51.000000000
"2023-03-04 12:00:00",22.000000000
"2023-03-04 13:00:00",24.000000000
"2023-03-04 14:00:00",107.000000000
"2023-03-04 15:00:00",81.000000000
"2023-03-04 16:00:00",124.000000000
"2023-03-04 17:00:00",140.000000000
"2023-03-04 18:00:00",178.000000000
"2023-03-04 19:00:00",86.000000000
"2023-03-04 20:00:00",29.000000000
"2023-03-04 21:00:00",14.000000000
"2023-03-04 22:00:00",14.000000000
"2023-03-04 23:00:00",14.000000000
"2023-03-05 00:00:00",15.000000000
"2023-03-05 01:00:00",14.000000000
"2023-03-05 02:00:00",15.000000000
"2023-03-05 03:00:00",15.000000000
"2023-03-05 04:00:00",14.000000000
"2023-03-05 05:00:00",15.000000000
"2023-03-05 06:00:00",15.000000000
"2023-03-05 07:00:00",16.000000000
"2023-03-05 08:00:00",15.000000000
"2023-03-05 09:00:00",15.000000000
"2023-03-05 10:00:00",16.000000000
"2023-03-05 11:00:00",25.000000000
"2023-03-05 12:00:00",159.000000000
"2023-03-05 13:00:00",388.000000000
"2023-03-05 14:00:00",598.000000000
"2023-03-05 15:00:00",240.000000000
"2023-03-05 16:00:00",277.000000000
"2023-03-05 17:00:00",382.000000000
"2023-03-05 18:00:00",357.000000000
"2023-03-05 19:00:00",297.000000000
"2023-03-05 20:00:00",349.000000000
"2023-03-05 21:00:00",223.000000000
"2023-03-05 22:00:00",343.000000000
"2023-03-05 23:00:00",561.000000000
"2023-03-06 00:00:00",457.000000000
"2023-03-06 01:00:00",569.000000000
"2023-03-06 02:00:00",613.000000000
"2023-03-06 03:00:00",266.000000000
"2023-03-06 04:00:00",53.000000000
"2023-03-06 05:00:00",56.000000000
"2023-03-06 06:00:00",56.000000000
"2023-03-06 07:00:00",42.000000000
"2023-03-06 08:00:00",61.000000000
"2023-03-06 09:00:00",146.000000000
"2023-03-06 10:00:00",174.000000000
"2023-03-06 11:00:00",171.000000000
"2023-03-06 12:00:00",292.000000000
"2023-03-06 13:00:00",564.000000000
"2023-03-06 14:00:00",380.000000000
"2023-03-06 15:00:00",417.000000000
"2023-03-06 16:00:00",367.000000000
"2023-03-06 17:00:00",364.000000000
"2023-03-06 18:00:00",189.000000000
"2023-03-06 19:00:00",107.000000000
"2023-03-06 20:00:00",73.000000000
"2023-03-06 21:00:00",43.000000000
"2023-03-06 22:00:00",57.000000000
"2023-03-06 23:00:00",37.000000000
"2023-03-07 00:00:00",120.000000000
"2023-03-07 01:00:00",17.000000000
"2023-03-07 02:00:00",14.000000000
"2023-03-07 03:00:00",15.000000000
"2023-03-07 04:00:00",16.000000000
"2023-03-07 05:00:00",20.000000000
"2023-03-07 06:00:00",15.000000000
"2023-03-07 07:00:00",15.000000000
"2023-03-07 08:00:00",24.000000000
"2023-03-07 09:00:00",30.000000000
"2023-03-07 10:00:00",105.000000000
"2023-03-07 11:00:00",70.000000000
"2023-03-07 12:00:00",226.000000000
"2023-03-07 13:00:00",252.000000000
"2023-03-07 14:00:00",184.000000000
"2023-03-07 15:00:00",170.000000000
"2023-03-07 16:00:00",258.000000000
"2023-03-07 17:00:00",282.000000000
"2023-03-07 18:00:00",143.000000000
"2023-03-07 19:00:00",40.000000000
"2023-03-07 20:00:00",128.000000000
"2023-03-07 21:00:00",186.000000000
"2023-03-07 22:00:00",253.000000000
"2023-03-07 23:00:00",130.000000000
"2023-03-08 00:00:00",131.000000000
"2023-03-08 01:00:00",71.000000000
"2023-03-08 02:00:00",56.000000000
"2023-03-08 03:00:00",66.000000000
"2023-03-08 04:00:00",212.000000000
"2023-03-08 05:00:00",184.000000000
"2023-03-08 06:00:00",166.000000000
"2023-03-08 07:00:00",128.000000000
"2023-03-08 08:00:00",198.000000000
"2023-03-08 09:00:00",149.000000000
"2023-03-08 10:00:00",81.000000000
"2023-03-08 11:00:00",225.000000000
"2023-03-08 12:00:00",81.000000000
"2023-03-08 13:00:00",20.000000000
"2023-03-08 14:00:00",19.000000000
"2023-03-08 15:00:00",15.000000000
"2023-03-08 16:00:00",16.000000000
"2023-03-08 17:00:00",16.000000000
"2023-03-08 18:00:00",16.000000000
"2023-03-08 19:00:00",15.000000000
"2023-03-08 20:00:00",16.000000000
"2023-03-08 21:00:00",17.000000000
"2023-03-08 22:00:00",16.000000000
"2023-03-08 23:00:00",16.000000000
"2023-03-09 00:00:00",31.000000000
"2023-03-09 01:00:00",20.000000000
"2023-03-09 02:00:00",17.000000000
"2023-03-09 03:00:00",16.000000000
"2023-03-09 04:00:00",19.000000000
"2023-03-09 05:00:00",35.000000000
"2023-03-09 06:00:00",70.000000000
"2023-03-09 07:00:00",121.000000000
"2023-03-09 08:00:00",105.000000000
"2023-03-09 09:00:00",218.000000000
"2023-03-09 10:00:00",132.000000000
"2023-03-09 11:00:00",249.000000000
"2023-03-09 12:00:00",596.000000000
"2023-03-09 13:00:00",718.000000000
"2023-03-09 14:00:00",533.000000000
"2023-03-09 15:00:00",446.000000000
"2023-03-09 16:00:00",467.000000000
"2023-03-09 17:00:00",614.000000000
"2023-03-09 18:00:00",298.000000000
"2023-03-09 19:00:00",97.000000000
"2023-03-09 20:00:00",43.000000000
"2023-03-09 21:00:00",16.000000000
"2023-03-09 22:00:00",19.000000000
"2023-03-09 23:00:00",17.000000000
"2023-03-10 00:00:00",16.000000000
"2023-03-10 01:00:00",17.000000000
"2023-03-10 02:00:00",17.000000000
"2023-03-10 03:00:00",18.000000000
"2023-03-10 04:00:00",35.000000000
"2023-03-10 05:00:00",31.000000000
"2023-03-10 06:00:00",44.000000000
"2023-03-10 07:00:00",30.000000000
"2023-03-10 08:00:00",23.000000000
"2023-03-10 09:00:00",31.000000000
"2023-03-10 10:00:00",31.000000000
"2023-03-10 11:00:00",24.000000000
"2023-03-10 12:00:00",21.000000000
"2023-03-10 13:00:00",17.000000000
"2023-03-10 14:00:00",17.000000000
"2023-03-10 15:00:00",18.000000000
"2023-03-10 16:00:00",42.000000000
"2023-03-10 17:00:00",17.000000000
"2023-03-10 18:00:00",20.000000000
"2023-03-10 19:00:00",17.000000000
"2023-03-10 20:00:00",18.000000000
"2023-03-10 21:00:00",46.000000000
"2023-03-10 22:00:00",65.000000000
"2023-03-10 23:00:00",84.000000000
"2023-03-11 00:00:00",139.000000000
"2023-03-11 01:00:00",109.000000000
"2023-03-11 02:00:00",39.000000000
"2023-03-11 03:00:00",71.000000000
"2023-03-11 04:00:00",114.000000000
"2023-03-11 05:00:00",116.000000000
"2023-03-11 06:00:00",208.000000000
"2023-03-11 07:00:00",208.000000000
"2023-03-11 08:00:00",243.000000000
"2023-03-11 09:00:00",156.000000000
"2023-03-11 10:00:00",273.000000000
"2023-03-11 11:00:00",357.000000000
"2023-03-11 12:00:00",352.000000000
"2023-03-11 13:00:00",389.000000000
"2023-03-11 14:00:00",425.000000000
"2023-03-11 15:00:00",272.000000000
"2023-03-11 16:00:00",156.000000000
"2023-03-11 17:00:00",37.000000000
"2023-03-11 18:00:00",42.000000000
"2023-03-11 19:00:00",135.000000000
"2023-03-11 20:00:00",128.000000000
"2023-03-11 21:00:00",125.000000000
"2023-03-11 22:00:00",78.000000000
"2023-03-11 23:00:00",107.000000000
"2023-03-12 00:00:00",118.000000000
"2023-03-12 01:00:00",52.000000000
"2023-03-12 04:00:00",25.000000000
"2023-03-12 05:00:00",27.000000000
"2023-03-12 06:00:00",60.000000000
"2023-03-12 07:00:00",116.000000000
"2023-03-12 08:00:00",61.000000000
"2023-03-12 09:00:00",24.000000000
"2023-03-12 10:00:00",47.000000000
"2023-03-12 11:00:00",55.000000000
"2023-03-12 12:00:00",28.000000000
"2023-03-12 13:00:00",27.000000000
"2023-03-12 14:00:00",55.000000000
"2023-03-12 15:00:00",41.000000000
"2023-03-12 16:00:00",54.000000000
"2023-03-12 17:00:00",387.000000000
"2023-03-12 18:00:00",660.000000000
"2023-03-12 19:00:00",932.000000000
"2023-03-12 20:00:00",876.000000000
"2023-03-12 21:00:00",959.000000000
"2023-03-12 22:00:00",1004.000000000
"2023-03-12 23:00:00",819.000000000
"2023-03-13 00:00:00",1095.000000000
"2023-03-13 01:00:00",677.000000000
"2023-03-13 02:00:00",671.000000000
"2023-03-13 03:00:00",359.000000000
"2023-03-13 04:00:00",428.000000000
"2023-03-13 05:00:00",466.000000000
"2023-03-13 06:00:00",233.000000000
"2023-03-13 07:00:00",198.000000000
"2023-03-13 08:00:00",67.000000000
"2023-03-13 09:00:00",167.000000000
"2023-03-13 10:00:00",142.000000000
"2023-03-13 11:00:00",70.000000000
"2023-03-13 12:00:00",28.000000000
"2023-03-13 13:00:00",120.000000000
"2023-03-13 14:00:00",90.000000000
"2023-03-13 15:00:00",135.000000000
"2023-03-13 16:00:00",93.000000000
"2023-03-13 17:00:00",103.000000000
"2023-03-13 18:00:00",67.000000000
"2023-03-13 19:00:00",20.000000000
"2023-03-13 20:00:00",17.000000000
"2023-03-13 21:00:00",16.000000000
"2023-03-13 22:00:00",17.000000000
"2023-03-13 23:00:00",17.000000000
"2023-03-14 00:00:00",17.000000000
"2023-03-14 01:00:00",17.000000000
"2023-03-14 02:00:00",18.000000000
"2023-03-14 03:00:00",17.000000000
"2023-03-14 04:00:00",18.000000000
"2023-03-14 05:00:00",17.000000000
"2023-03-14 06:00:00",34.000000000
"2023-03-14 07:00:00",34.000000000
"2023-03-14 08:00:00",17.000000000
"2023-03-14 09:00:00",59.000000000
"2023-03-14 10:00:00",139.000000000
"2023-03-14 11:00:00",233.000000000
"2023-03-14 12:00:00",449.000000000
"2023-03-14 13:00:00",525.000000000
"2023-03-14 14:00:00",784.000000000
"2023-03-14 15:00:00",855.000000000
"2023-03-14 16:00:00",910.000000000
"2023-03-14 17:00:00",1033.000000000
"2023-03-14 18:00:00",1218.000000000
"2023-03-14 19:00:00",596.000000000
"2023-03-14 20:00:00",393.000000000
"2023-03-14 21:00:00",345.000000000
"2023-03-14 22:00:00",390.000000000
"2023-03-14 23:00:00",665.000000000
"2023-03-15 00:00:00",656.000000000
"2023-03-15 01:00:00",764.000000000
"2023-03-15 02:00:00",567.000000000
"2023-03-15 03:00:00",525.000000000
"2023-03-15 04:00:00",327.000000000
"2023-03-15 05:00:00",311.000000000
"2023-03-15 06:00:00",171.000000000
"2023-03-15 07:00:00",159.000000000
"2023-03-15 08:00:00",150.000000000
"2023-03-15 09:00:00",249.000000000
"2023-03-15 10:00:00",226.000000000
"2023-03-15 11:00:00",508.000000000
"2023-03-15 12:00:00",462.000000000
"2023-03-15 13:00:00",485.000000000
"2023-03-15 14:00:00",628.000000000
"2023-03-15 15:00:00",300.000000000
"2023-03-15 16:00:00",205.000000000
"2023-03-15 17:00:00",300.000000000
"2023-03-15 18:00:00",341.000000000
"2023-03-15 19:00:00",74.000000000
"2023-03-15 20:00:00",30.000000000
"2023-03-15 21:00:00",111.000000000
"2023-03-15 22:00:00",212.000000000
"2023-03-15 23:00:00",123.000000000
"2023-03-16 00:00:00",625.000000000
"2023-03-16 01:00:00",896.000000000
"2023-03-16 02:00:00",403.000000000
"2023-03-16 03:00:00",99.000000000
"2023-03-16 04:00:00",28.000000000
"2023-03-16 05:00:00",75.000000000
"2023-03-16 06:00:00",59.000000000
"2023-03-16 07:00:00",32.000000000
"2023-03-16 08:00:00",15.000000000
"2023-03-16 09:00:00",16.000000000
"2023-03-16 10:00:00",16.000000000
"2023-03-16 11:00:00",17.000000000
"2023-03-16 12:00:00",118.000000000
"2023-03-16 13:00:00",391.000000000
"2023-03-16 14:00:00",307.000000000
"2023-03-16 15:00:00",1394.000000000
"2023-03-16 16:00:00",1880.000000000
"2023-03-16 17:00:00",2697.000000000
"2023-03-16 18:00:00",2142.000000000
"2023-03-16 19:00:00",2270.000000000
"2023-03-16 20:00:00",1531.000000000
"2023-03-16 21:00:00",2099.000000000
"2023-03-16 22:00:00",1568.000000000
"2023-03-16 23:00:00",2006.000000000
"2023-03-17 00:00:00",1318.000000000
"2023-03-17 01:00:00",1984.000000000
"2023-03-17 02:00:00",1592.000000000
"2023-03-17 03:00:00",1030.000000000
"2023-03-17 04:00:00",1149.000000000
"2023-03-17 05:00:00",1417.000000000
"2023-03-17 06:00:00",709.000000000
"2023-03-17 07:00:00",949.000000000
"2023-03-17 08:00:00",1380.000000000
"2023-03-17 09:00:00",1479.000000000
"2023-03-17 10:00:00",1508.000000000
"2023-03-17 11:00:00",1461.000000000
"2023-03-17 12:00:00",1442.000000000
"2023-03-17 13:00:00",1165.000000000
"2023-03-17 14:00:00",1539.000000000
"2023-03-17 15:00:00",1831.000000000
"2023-03-17 16:00:00",1827.000000000
"2023-03-17 17:00:00",1951.000000000
"2023-03-17 18:00:00",1892.000000000
"2023-03-17 19:00:00",1587.000000000
"2023-03-17 20:00:00",955.000000000
"2023-03-17 21:00:00",988.000000000
"2023-03-17 22:00:00",905.000000000
"2023-03-17 23:00:00",576.000000000
"2023-03-18 00:00:00",958.000000000
"2023-03-18 01:00:00",925.000000000
"2023-03-18 02:00:00",781.000000000
"2023-03-18 03:00:00",269.000000000
"2023-03-18 04:00:00",172.000000000
"2023-03-18 05:00:00",406.000000000
"2023-03-18 06:00:00",450.000000000
"2023-03-18 07:00:00",349.000000000
"2023-03-18 08:00:00",584.000000000
"2023-03-18 09:00:00",992.000000000
"2023-03-18 10:00:00",900.000000000
"2023-03-18 11:00:00",1202.000000000
"2023-03-18 12:00:00",1136.000000000
"2023-03-18 13:00:00",958.000000000
"2023-03-18 14:00:00",905.000000000
"2023-03-18 15:00:00",1185.000000000
"2023-03-18 16:00:00",1118.000000000
"2023-03-18 17:00:00",1241.000000000
"2023-03-18 18:00:00",1273.000000000
"2023-03-18 19:00:00",800.000000000
"2023-03-18 20:00:00",401.000000000
"2023-03-18 21:00:00",459.000000000
"2023-03-18 22:00:00",393.000000000
"2023-03-18 23:00:00",347.000000000
"2023-03-19 00:00:00",280.000000000
"2023-03-19 01:00:00",132.000000000
"2023-03-19 02:00:00",71.000000000
"2023-03-19 03:00:00",39.000000000
"2023-03-19 04:00:00",32.000000000
"2023-03-19 05:00:00",44.000000000
"2023-03-19 06:00:00",30.000000000
"2023-03-19 07:00:00",45.000000000
"2023-03-19 08:00:00",61.000000000
"2023-03-19 09:00:00",97.000000000
"2023-03-19 10:00:00",177.000000000
"2023-03-19 11:00:00",203.000000000
"2023-03-19 12:00:00",443.000000000
"2023-03-19 13:00:00",622.000000000
"2023-03-19 14:00:00",852.000000000
"2023-03-19 15:00:00",1381.000000000
"2023-03-19 16:00:00",1422.000000000
"2023-03-19 17:00:00",1288.000000000
"2023-03-19 18:00:00",984.000000000
"2023-03-19 19:00:00",705.000000000
"2023-03-19 20:00:00",227.000000000
"2023-03-19 21:00:00",181.000000000
"2023-03-19 22:00:00",26.000000000
"2023-03-19 23:00:00",34.000000000
"2023-03-20 00:00:00",132.000000000
"2023-03-20 01:00:00",28.000000000
"2023-03-20 02:00:00",29.000000000
"2023-03-20 03:00:00",29.000000000
"2023-03-20 04:00:00",29.000000000
"2023-03-20 05:00:00",30.000000000
"2023-03-20 06:00:00",34.000000000
"2023-03-20 07:00:00",74.000000000
"2023-03-20 08:00:00",59.000000000
"2023-03-20 09:00:00",41.000000000
"2023-03-20 10:00:00",79.000000000
"2023-03-20 11:00:00",129.000000000
"2023-03-20 12:00:00",131.000000000
"2023-03-20 13:00:00",225.000000000
"2023-03-20 14:00:00",264.000000000
"2023-03-20 15:00:00",169.000000000
"2023-03-20 16:00:00",110.000000000
"2023-03-20 17:00:00",159.000000000
"2023-03-20 18:00:00",192.000000000
"2023-03-20 19:00:00",86.000000000
"2023-03-20 20:00:00",34.000000000
"2023-03-20 21:00:00",31.000000000
"2023-03-20 22:00:00",55.000000000
"2023-03-20 23:00:00",69.000000000
"2023-03-21 00:00:00",183.000000000
"2023-03-21 01:00:00",168.000000000
"2023-03-21 02:00:00",133.000000000
"2023-03-21 03:00:00",149.000000000
"2023-03-21 04:00:00",71.000000000
"2023-03-21 05:00:00",70.000000000
"2023-03-21 06:00:00",117.000000000
"2023-03-21 07:00:00",94.000000000
"2023-03-21 08:00:00",159.000000000
"2023-03-21 09:00:00",306.000000000
"2023-03-21 10:00:00",358.000000000
"2023-03-21 11:00:00",333.000000000
"2023-03-21 12:00:00",364.000000000
"2023-03-21 13:00:00",458.000000000
"2023-03-21 14:00:00",661.000000000
"2023-03-21 15:00:00",292.000000000
"2023-03-21 16:00:00",706.000000000
"2023-03-21 17:00:00",435.000000000
"2023-03-21 18:00:00",551.000000000
"2023-03-21 19:00:00",424.000000000
"2023-03-21 20:00:00",631.000000000
"2023-03-21 21:00:00",522.000000000
"2023-03-21 22:00:00",970.000000000
"2023-03-21 23:00:00",640.000000000
"2023-03-22 00:00:00",415.000000000
"2023-03-22 01:00:00",250.000000000
"2023-03-22 02:00:00",179.000000000
"2023-03-22 03:00:00",230.000000000
"2023-03-22 04:00:00",79.000000000
"2023-03-22 05:00:00",122.000000000
"2023-03-22 06:00:00",124.000000000
"2023-03-22 07:00:00",231.000000000
"2023-03-22 08:00:00",622.000000000
"2023-03-22 09:00:00",505.000000000
"2023-03-22 10:00:00",502.000000000
"2023-03-22 11:00:00",563.000000000
"2023-03-22 12:00:00",446.000000000
"2023-03-22 13:00:00",396.000000000
"2023-03-22 14:00:00",236.000000000
"2023-03-22 15:00:00",263.000000000
"2023-03-22 16:00:00",264.000000000
"2023-03-22 17:00:00",259.000000000
"2023-03-22 18:00:00",201.000000000
"2023-03-22 19:00:00",190.000000000
"2023-03-22 20:00:00",124.000000000
"2023-03-22 21:00:00",38.000000000
"2023-03-22 22:00:00",28.000000000
"2023-03-22 23:00:00",61.000000000
"2023-03-23 00:00:00",129.000000000
"2023-03-23 01:00:00",97.000000000
"2023-03-23 02:00:00",146.000000000
"2023-03-23 03:00:00",329.000000000
"2023-03-23 04:00:00",30.000000000
"2023-03-23 05:00:00",26.000000000
"2023-03-23 06:00:00",43.000000000
"2023-03-23 07:00:00",119.000000000
"2023-03-23 08:00:00",39.000000000
"2023-03-23 09:00:00",40.000000000
"2023-03-23 10:00:00",32.000000000
"2023-03-23 11:00:00",25.000000000
"2023-03-23 12:00:00",26.000000000
"2023-03-23 13:00:00",25.000000000
"2023-03-23 14:00:00",25.000000000
"2023-03-23 15:00:00",25.000000000
"2023-03-23 16:00:00",27.000000000
"2023-03-23 17:00:00",24.000000000
"2023-03-23 18:00:00",25.000000000
"2023-03-23 19:00:00",35.000000000
"2023-03-23 20:00:00",28.000000000
"2023-03-23 21:00:00",25.000000000
"2023-03-23 22:00:00",25.000000000
"2023-03-23 23:00:00",25.000000000
"2023-03-24 00:00:00",25.000000000
"2023-03-24 01:00:00",25.000000000
"2023-03-24 02:00:00",25.000000000
"2023-03-24 03:00:00",24.000000000
"2023-03-24 04:00:00",10.000000000
"2023-03-24 05:00:00",3.000000000
"2023-03-24 06:00:00",3.000000000
"2023-03-24 07:00:00",4.000000000
"2023-03-24 08:00:00",5.000000000
"2023-03-24 09:00:00",7.000000000
"2023-03-24 10:00:00",9.000000000
"2023-03-24 11:00:00",9.000000000
"2023-03-24 12:00:00",11.000000000
"2023-03-24 13:00:00",24.000000000
"2023-03-24 14:00:00",17.000000000
"2023-03-24 15:00:00",10.000000000
"2023-03-24 16:00:00",40.000000000
"2023-03-24 17:00:00",9.000000000
"2023-03-24 18:00:00",12.000000000
"2023-03-24 19:00:00",12.000000000
"2023-03-24 20:00:00",14.000000000
"2023-03-24 21:00:00",17.000000000
"2023-03-24 22:00:00",19.000000000
"2023-03-24 23:00:00",26.000000000
"2023-03-25 00:00:00",24.000000000
"2023-03-25 01:00:00",14.000000000
"2023-03-25 02:00:00",20.000000000
"2023-03-25 03:00:00",16.000000000
"2023-03-25 04:00:00",21.000000000
"2023-03-25 05:00:00",22.000000000
"2023-03-25 06:00:00",21.000000000
"2023-03-25 07:00:00",22.000000000
"2023-03-25 08:00:00",22.000000000
"2023-03-25 09:00:00",21.000000000
"2023-03-25 10:00:00",21.000000000
"2023-03-25 11:00:00",35.000000000
"2023-03-25 12:00:00",181.000000000
"2023-03-25 13:00:00",206.000000000
"2023-03-25 14:00:00",245.000000000
"2023-03-25 15:00:00",382.000000000
"2023-03-25 16:00:00",480.000000000
"2023-03-25 17:00:00",244.000000000
"2023-03-25 18:00:00",287.000000000
"2023-03-25 19:00:00",120.000000000
"2023-03-25 20:00:00",31.000000000
"2023-03-25 21:00:00",38.000000000
"2023-03-25 22:00:00",20.000000000
"2023-03-25 23:00:00",24.000000000
"2023-03-26 00:00:00",24.000000000
"2023-03-26 01:00:00",25.000000000
"2023-03-26 02:00:00",25.000000000
"2023-03-26 03:00:00",46.000000000
"2023-03-26 04:00:00",27.000000000
"2023-03-26 05:00:00",26.000000000
"2023-03-26 06:00:00",25.000000000
"2023-03-26 07:00:00",26.000000000
"2023-03-26 08:00:00",24.000000000
"2023-03-26 09:00:00",47.000000000
"2023-03-26 10:00:00",37.000000000
"2023-03-26 11:00:00",27.000000000
"2023-03-26 12:00:00",27.000000000
"2023-03-26 13:00:00",31.000000000
"2023-03-26 14:00:00",88.000000000
"2023-03-26 15:00:00",47.000000000
"2023-03-26 16:00:00",163.000000000
"2023-03-26 17:00:00",259.000000000
"2023-03-26 18:00:00",274.000000000
"2023-03-26 19:00:00",169.000000000
"2023-03-26 20:00:00",68.000000000
"2023-03-26 21:00:00",25.000000000
"2023-03-26 22:00:00",30.000000000
"2023-03-26 23:00:00",32.000000000
"2023-03-27 00:00:00",36.000000000
"2023-03-27 01:00:00",57.000000000
"2023-03-27 02:00:00",26.000000000
"2023-03-27 03:00:00",28.000000000
"2023-03-27 04:00:00",28.000000000
"2023-03-27 05:00:00",28.000000000
"2023-03-27 06:00:00",28.000000000
"2023-03-27 07:00:00",28.000000000
"2023-03-27 08:00:00",28.000000000
"2023-03-27 09:00:00",28.000000000
"2023-03-27 10:00:00",28.000000000
"2023-03-27 11:00:00",28.000000000
"2023-03-27 12:00:00",28.000000000
"2023-03-27 13:00:00",34.000000000
"2023-03-27 14:00:00",61.000000000
"2023-03-27 15:00:00",115.000000000
"2023-03-27 16:00:00",68.000000000
"2023-03-27 17:00:00",62.000000000
"2023-03-27 18:00:00",124.000000000
"2023-03-27 19:00:00",154.000000000
"2023-03-27 20:00:00",129.000000000
"2023-03-27 21:00:00",102.000000000
"2023-03-27 22:00:00",113.000000000
"2023-03-27 23:00:00",108.000000000
"2023-03-28 00:00:00",179.000000000
"2023-03-28 01:00:00",148.000000000
"2023-03-28 02:00:00",278.000000000
"2023-03-28 03:00:00",102.000000000
"2023-03-28 04:00:00",97.000000000
"2023-03-28 05:00:00",39.000000000
"2023-03-28 06:00:00",34.000000000
"2023-03-28 07:00:00",29.000000000
"2023-03-28 08:00:00",30.000000000
"2023-03-28 09:00:00",29.000000000
"2023-03-28 10:00:00",30.000000000
"2023-03-28 11:00:00",30.000000000
"2023-03-28 12:00:00",103.000000000
"2023-03-28 13:00:00",357.000000000
"2023-03-28 14:00:00",689.000000000
"2023-03-28 15:00:00",904.000000000
"2023-03-28 16:00:00",1138.000000000
"2023-03-28 17:00:00",899.000000000
"2023-03-28 18:00:00",920.000000000
"2023-03-28 19:00:00",845.000000000
"2023-03-28 20:00:00",490.000000000
"2023-03-28 21:00:00",643.000000000
"2023-03-28 22:00:00",773.000000000
"2023-03-28 23:00:00",496.000000000
"2023-03-29 00:00:00",402.000000000
"2023-03-29 01:00:00",367.000000000
"2023-03-29 02:00:00",194.000000000
"2023-03-29 03:00:00",273.000000000
"2023-03-29 04:00:00",374.000000000
"2023-03-29 05:00:00",155.000000000
"2023-03-29 06:00:00",143.000000000
"2023-03-29 07:00:00",42.000000000
"2023-03-29 08:00:00",31.000000000
"2023-03-29 09:00:00",30.000000000
"2023-03-29 10:00:00",30.000000000
"2023-03-29 11:00:00",30.000000000
"2023-03-29 12:00:00",86.000000000
"2023-03-29 13:00:00",85.000000000
"2023-03-29 14:00:00",44.000000000
"2023-03-29 15:00:00",98.000000000
"2023-03-29 16:00:00",115.000000000
"2023-03-29 17:00:00",127.000000000
"2023-03-29 18:00:00",60.000000000
"2023-03-29 19:00:00",30.000000000
"2023-03-29 20:00:00",30.000000000
"2023-03-29 21:00:00",30.000000000
"2023-03-29 22:00:00",30.000000000
"2023-03-29 23:00:00",30.000000000
"2023-03-30 00:00:00",29.000000000
"2023-03-30 01:00:00",30.000000000
"2023-03-30 02:00:00",30.000000000
"2023-03-30 03:00:00",29.000000000
"2023-03-30 04:00:00",30.000000000
"2023-03-30 05:00:00",30.000000000
"2023-03-30 06:00:00",30.000000000
"2023-03-30 07:00:00",30.000000000
"2023-03-30 08:00:00",35.000000000
"2023-03-30 09:00:00",49.000000000
"2023-03-30 10:00:00",50.000000000
"2023-03-30 11:00:00",193.000000000
"2023-03-30 12:00:00",44.000000000
"2023-03-30 13:00:00",104.000000000
"2023-03-30 14:00:00",257.000000000
"2023-03-30 15:00:00",740.000000000
"2023-03-30 16:00:00",570.000000000
"2023-03-30 17:00:00",536.000000000
"2023-03-30 18:00:00",253.000000000
"2023-03-30 19:00:00",298.000000000
"2023-03-30 20:00:00",308.000000000
"2023-03-30 21:00:00",379.000000000
"2023-03-30 22:00:00",518.000000000
"2023-03-30 23:00:00",292.000000000
"2023-03-31 00:00:00",350.000000000
"2023-03-31 01:00:00",237.000000000
"2023-03-31 02:00:00",408.000000000
"2023-03-31 03:00:00",453.000000000
"2023-03-31 04:00:00",346.000000000
"2023-03-31 05:00:00",1031.000000000
"2023-03-31 06:00:00",144.000000000
"2023-03-31 07:00:00",188.000000000
"2023-03-31 08:00:00",1085.000000000
"2023-03-31 09:00:00",338.000000000
"2023-03-31 10:00:00",365.000000000
"2023-03-31 11:00:00",238.000000000
"2023-03-31 12:00:00",495.000000000
"2023-03-31 13:00:00",695.000000000
"2023-03-31 14:00:00",793.000000000
"2023-03-31 15:00:00",1005.000000000
"2023-03-31 16:00:00",888.000000000
"2023-03-31 17:00:00",1049.000000000
"2023-03-31 18:00:00",748.000000000
"2023-03-31 19:00:00",351.000000000
"2023-03-31 20:00:00",143.000000000
"2023-03-31 21:00:00",867.000000000
"2023-03-31 22:00:00",330.000000000
"2023-03-31 23:00:00",383.000000000
"2023-04-01 00:00:00",530.000000000
"2023-04-01 01:00:00",602.000000000
"2023-04-01 02:00:00",890.000000000
"2023-04-01 03:00:00",1208.000000000
"2023-04-01 04:00:00",1362.000000000
"2023-04-01 05:00:00",1109.000000000
"2023-04-01 06:00:00",1151.000000000
"2023-04-01 07:00:00",1193.000000000
"2023-04-01 08:00:00",816.000000000
"2023-04-01 09:00:00",764.000000000
"2023-04-01 10:00:00",538.000000000
"2023-04-01 11:00:00",391.000000000
"2023-04-01 12:00:00",194.000000000
"2023-04-01 13:00:00",112.000000000
"2023-04-01 14:00:00",32.000000000
"2023-04-01 15:00:00",30.000000000
"2023-04-01 16:00:00",30.000000000
"2023-04-01 17:00:00",31.000000000
"2023-04-01 18:00:00",44.000000000
"2023-04-01 19:00:00",31.000000000
"2023-04-01 20:00:00",30.000000000
"2023-04-01 21:00:00",31.000000000
"2023-04-01 22:00:00",28.000000000
"2023-04-01 23:00:00",30.000000000
"2023-04-02 00:00:00",30.000000000
"2023-04-02 01:00:00",30.000000000
"2023-04-02 02:00:00",31.000000000
"2023-04-02 03:00:00",111.000000000
"2023-04-02 04:00:00",87.000000000
"2023-04-02 05:00:00",217.000000000
"2023-04-02 06:00:00",136.000000000
"2023-04-02 07:00:00",80.000000000
"2023-04-02 08:00:00",689.000000000
"2023-04-02 09:00:00",576.000000000
"2023-04-02 10:00:00",470.000000000
"2023-04-02 11:00:00",1158.000000000
"2023-04-02 12:00:00",526.000000000
"2023-04-02 13:00:00",409.000000000
"2023-04-02 14:00:00",1159.000000000
"2023-04-02 15:00:00",1243.000000000
"2023-04-02 16:00:00",1031.000000000
"2023-04-02 17:00:00",727.000000000
"2023-04-02 18:00:00",652.000000000
"2023-04-02 19:00:00",216.000000000
"2023-04-02 20:00:00",154.000000000
"2023-04-02 21:00:00",39.000000000
"2023-04-02 22:00:00",40.000000000
"2023-04-02 23:00:00",57.000000000
"2023-04-03 00:00:00",29.000000000
"2023-04-03 01:00:00",30.000000000
"2023-04-03 02:00:00",31.000000000
"2023-04-03 03:00:00",23.000000000
"2023-04-03 04:00:00",57.000000000
"2023-04-03 05:00:00",38.000000000
"2023-04-03 06:00:00",46.000000000
"2023-04-03 07:00:00",26.000000000
"2023-04-03 08:00:00",28.000000000
"2023-04-03 09:00:00",76.000000000
"2023-04-03 10:00:00",178.000000000
"2023-04-03 11:00:00",120.000000000
"2023-04-03 12:00:00",55.000000000
"2023-04-03 13:00:00",101.000000000
"2023-04-03 14:00:00",66.000000000
"2023-04-03 15:00:00",55.000000000
"2023-04-03 16:00:00",42.000000000
"2023-04-03 17:00:00",75.000000000
"2023-04-03 18:00:00",66.000000000
"2023-04-03 19:00:00",34.000000000
"2023-04-03 20:00:00",31.000000000
"2023-04-03 21:00:00",31.000000000
"2023-04-03 22:00:00",36.000000000
"2023-04-03 23:00:00",26.000000000
"2023-04-04 00:00:00",32.000000000
"2023-04-04 01:00:00",30.000000000
"2023-04-04 02:00:00",32.000000000
"2023-04-04 03:00:00",32.000000000
"2023-04-04 04:00:00",47.000000000
"2023-04-04 05:00:00",110.000000000
"2023-04-04 06:00:00",112.000000000
"2023-04-04 07:00:00",243.000000000
"2023-04-04 08:00:00",706.000000000
"2023-04-04 09:00:00",660.000000000
"2023-04-04 10:00:00",860.000000000
"2023-04-04 11:00:00",810.000000000
"2023-04-04 12:00:00",1237.000000000
"2023-04-04 13:00:00",1525.000000000
"2023-04-04 14:00:00",1113.000000000
"2023-04-04 15:00:00",1047.000000000
"2023-04-04 16:00:00",727.000000000
"2023-04-04 17:00:00",1018.000000000
"2023-04-04 18:00:00",1343.000000000
"2023-04-04 19:00:00",1376.000000000
"2023-04-04 20:00:00",785.000000000
"2023-04-04 21:00:00",777.000000000
"2023-04-04 22:00:00",513.000000000
"2023-04-04 23:00:00",336.000000000
"2023-04-05 00:00:00",564.000000000
"2023-04-05 01:00:00",171.000000000
"2023-04-05 02:00:00",60.000000000
"2023-04-05 03:00:00",40.000000000
"2023-04-05 04:00:00",46.000000000
"2023-04-05 05:00:00",30.000000000
"2023-04-05 06:00:00",31.000000000
"2023-04-05 07:00:00",98.000000000
"2023-04-05 08:00:00",666.000000000
"2023-04-05 09:00:00",1458.000000000
"2023-04-05 10:00:00",1912.000000000
"2023-04-05 11:00:00",1766.000000000
"2023-04-05 12:00:00",2271.000000000
"2023-04-05 13:00:00",2423.000000000
"2023-04-05 14:00:00",3498.000000000
"2023-04-05 15:00:00",3126.000000000
"2023-04-05 16:00:00",3100.000000000
"2023-04-05 17:00:00",2857.000000000
"2023-04-05 18:00:00",2349.000000000
"2023-04-05 19:00:00",1389.000000000
"2023-04-05 20:00:00",1673.000000000
"2023-04-05 21:00:00",2112.000000000
"2023-04-05 22:00:00",1814.000000000
"2023-04-05 23:00:00",1513.000000000
"2023-04-06 00:00:00",1396.000000000
"2023-04-06 01:00:00",1083.000000000
"2023-04-06 02:00:00",1180.000000000
"2023-04-06 03:00:00",637.000000000
"2023-04-06 04:00:00",529.000000000
"2023-04-06 05:00:00",279.000000000
"2023-04-06 06:00:00",344.000000000
"2023-04-06 07:00:00",286.000000000
"2023-04-06 08:00:00",320.000000000
"2023-04-06 09:00:00",438.000000000
"2023-04-06 10:00:00",608.000000000
"2023-04-06 11:00:00",596.000000000
"2023-04-06 12:00:00",955.000000000
"2023-04-06 13:00:00",1057.000000000
"2023-04-06 14:00:00",1059.000000000
"2023-04-06 15:00:00",942.000000000
"2023-04-06 16:00:00",636.000000000
"2023-04-06 17:00:00",274.000000000
"2023-04-06 18:00:00",142.000000000
"2023-04-06 19:00:00",112.000000000
"2023-04-06 20:00:00",39.000000000
"2023-04-06 21:00:00",31.000000000
"2023-04-06 22:00:00",32.000000000
"2023-04-06 23:00:00",32.000000000
"2023-04-07 00:00:00",32.000000000
"2023-04-07 01:00:00",32.000000000
"2023-04-07 02:00:00",33.000000000
"2023-04-07 03:00:00",32.000000000
"2023-04-07 04:00:00",32.000000000
"2023-04-07 05:00:00",32.000000000
"2023-04-07 06:00:00",32.000000000
"2023-04-07 07:00:00",45.000000000
"2023-04-07 08:00:00",112.000000000
"2023-04-07 09:00:00",164.000000000
"2023-04-07 10:00:00",115.000000000
"2023-04-07 11:00:00",55.000000000
"2023-04-07 12:00:00",184.000000000
"2023-04-07 13:00:00",241.000000000
"2023-04-07 14:00:00",145.000000000
"2023-04-07 15:00:00",241.000000000
"2023-04-07 16:00:00",254.000000000
"2023-04-07 17:00:00",389.000000000
"2023-04-07 18:00:00",188.000000000
"2023-04-07 19:00:00",275.000000000
"2023-04-07 20:00:00",280.000000000
"2023-04-07 21:00:00",367.000000000
"2023-04-07 22:00:00",328.000000000
"2023-04-07 23:00:00",233.000000000
"2023-04-08 00:00:00",286.000000000
"2023-04-08 01:00:00",156.000000000
"2023-04-08 02:00:00",53.000000000
"2023-04-08 03:00:00",48.000000000
"2023-04-08 04:00:00",33.000000000
"2023-04-08 05:00:00",34.000000000
"2023-04-08 06:00:00",59.000000000
"2023-04-08 07:00:00",74.000000000
"2023-04-08 08:00:00",97.000000000
"2023-04-08 09:00:00",119.000000000
"2023-04-08 10:00:00",97.000000000
"2023-04-08 11:00:00",213.000000000
"2023-04-08 12:00:00",371.000000000
"2023-04-08 13:00:00",444.000000000
"2023-04-08 14:00:00",258.000000000
"2023-04-08 15:00:00",347.000000000
"2023-04-08 16:00:00",476.000000000
"2023-04-08 17:00:00",325.000000000
"2023-04-08 18:00:00",676.000000000
"2023-04-08 19:00:00",548.000000000
"2023-04-08 20:00:00",56.000000000
"2023-04-08 21:00:00",51.000000000
"2023-04-08 22:00:00",137.000000000
"2023-04-08 23:00:00",345.000000000
"2023-04-09 00:00:00",541.000000000
"2023-04-09 01:00:00",718.000000000
"2023-04-09 02:00:00",767.000000000
"2023-04-09 03:00:00",376.000000000
"2023-04-09 04:00:00",146.000000000
"2023-04-09 05:00:00",245.000000000
"2023-04-09 06:00:00",111.000000000
"2023-04-09 07:00:00",189.000000000
"2023-04-09 08:00:00",243.000000000
"2023-04-09 09:00:00",542.000000000
"2023-04-09 10:00:00",590.000000000
"2023-04-09 11:00:00",866.000000000
"2023-04-09 12:00:00",1323.000000000
"2023-04-09 13:00:00",1022.000000000
"2023-04-09 14:00:00",524.000000000
"2023-04-09 15:00:00",330.000000000
"2023-04-09 16:00:00",225.000000000
"2023-04-09 17:00:00",140.000000000
"2023-04-09 18:00:00",103.000000000
"2023-04-09 19:00:00",144.000000000
"2023-04-09 20:00:00",95.000000000
"2023-04-09 21:00:00",129.000000000
"2023-04-09 22:00:00",159.000000000
"2023-04-09 23:00:00",171.000000000
"2023-04-10 00:00:00",126.000000000
"2023-04-10 01:00:00",143.000000000
"2023-04-10 02:00:00",42.000000000
"2023-04-10 03:00:00",33.000000000
"2023-04-10 04:00:00",35.000000000
"2023-04-10 05:00:00",30.000000000
"2023-04-10 06:00:00",21.000000000
"2023-04-10 07:00:00",32.000000000
"2023-04-10 08:00:00",32.000000000
"2023-04-10 09:00:00",32.000000000
"2023-04-10 10:00:00",33.000000000
"2023-04-10 11:00:00",31.000000000
"2023-04-10 12:00:00",31.000000000
"2023-04-10 13:00:00",31.000000000
"2023-04-10 14:00:00",35.000000000
"2023-04-10 15:00:00",40.000000000
"2023-04-10 16:00:00",40.000000000
"2023-04-10 17:00:00",71.000000000
"2023-04-10 18:00:00",81.000000000
"2023-04-10 19:00:00",69.000000000
"2023-04-10 20:00:00",45.000000000
"2023-04-10 21:00:00",32.000000000
"2023-04-10 22:00:00",33.000000000
"2023-04-10 23:00:00",33.000000000
"2023-04-11 00:00:00",33.000000000
"2023-04-11 01:00:00",36.000000000
"2023-04-11 02:00:00",39.000000000
"2023-04-11 03:00:00",35.000000000
"2023-04-11 04:00:00",117.000000000
"2023-04-11 05:00:00",211.000000000
"2023-04-11 06:00:00",147.000000000
"2023-04-11 07:00:00",180.000000000
"2023-04-11 08:00:00",88.000000000
"2023-04-11 09:00:00",123.000000000
"2023-04-11 10:00:00",224.000000000
"2023-04-11 11:00:00",441.000000000
"2023-04-11 12:00:00",749.000000000
"2023-04-11 13:00:00",680.000000000
"2023-04-11 14:00:00",524.000000000
"2023-04-11 15:00:00",861.000000000
"2023-04-11 16:00:00",721.000000000
"2023-04-11 17:00:00",788.000000000
"2023-04-11 18:00:00",1089.000000000
"2023-04-11 19:00:00",801.000000000
"2023-04-11 20:00:00",378.000000000
"2023-04-11 21:00:00",155.000000000
"2023-04-11 22:00:00",178.000000000
"2023-04-11 23:00:00",191.000000000
"2023-04-12 00:00:00",536.000000000
"2023-04-12 01:00:00",752.000000000
"2023-04-12 02:00:00",751.000000000
"2023-04-12 03:00:00",723.000000000
"2023-04-12 04:00:00",853.000000000
"2023-04-12 05:00:00",836.000000000
"2023-04-12 06:00:00",1107.000000000
"2023-04-12 07:00:00",850.000000000
"2023-04-12 08:00:00",728.000000000
"2023-04-12 09:00:00",635.000000000
"2023-04-12 10:00:00",658.000000000
"2023-04-12 11:00:00",685.000000000
"2023-04-12 12:00:00",681.000000000
"2023-04-12 13:00:00",737.000000000
"2023-04-12 14:00:00",799.000000000
"2023-04-12 15:00:00",656.000000000
"2023-04-12 16:00:00",734.000000000
"2023-04-12 17:00:00",559.000000000
"2023-04-12 18:00:00",465.000000000
"2023-04-12 19:00:00",196.000000000
"2023-04-12 20:00:00",36.000000000
"2023-04-12 21:00:00",34.000000000
"2023-04-12 22:00:00",34.000000000
"2023-04-12 23:00:00",35.000000000
"2023-04-13 00:00:00",158.000000000
"2023-04-13 01:00:00",328.000000000
"2023-04-13 02:00:00",514.000000000
"2023-04-13 03:00:00",387.000000000
"2023-04-13 04:00:00",291.000000000
"2023-04-13 05:00:00",268.000000000
"2023-04-13 06:00:00",196.000000000
"2023-04-13 07:00:00",61.000000000
"2023-04-13 08:00:00",57.000000000
"2023-04-13 09:00:00",116.000000000
"2023-04-13 10:00:00",132.000000000
"2023-04-13 11:00:00",79.000000000
"2023-04-13 12:00:00",434.000000000
"2023-04-13 13:00:00",572.000000000
"2023-04-13 14:00:00",1210.000000000
"2023-04-13 15:00:00",1495.000000000
"2023-04-13 16:00:00",2320.000000000
"2023-04-13 17:00:00",2167.000000000
"2023-04-13 18:00:00",1873.000000000
"2023-04-13 19:00:00",1238.000000000
"2023-04-13 20:00:00",822.000000000
"2023-04-13 21:00:00",461.000000000
"2023-04-13 22:00:00",708.000000000
"2023-04-13 23:00:00",552.000000000
"2023-04-14 00:00:00",352.000000000
"2023-04-14 01:00:00",201.000000000
"2023-04-14 02:00:00",164.000000000
"2023-04-14 03:00:00",527.000000000
"2023-04-14 04:00:00",283.000000000
"2023-04-14 05:00:00",199.000000000
"2023-04-14 06:00:00",97.000000000
"2023-04-14 07:00:00",37.000000000
"2023-04-14 08:00:00",56.000000000
"2023-04-14 09:00:00",200.000000000
"2023-04-14 10:00:00",333.000000000
"2023-04-14 11:00:00",888.000000000
"2023-04-14 12:00:00",1010.000000000
"2023-04-14 13:00:00",1149.000000000
"2023-04-14 14:00:00",1345.000000000
"2023-04-14 15:00:00",1132.000000000
"2023-04-14 16:00:00",1032.000000000
"2023-04-14 17:00:00",985.000000000
"2023-04-14 18:00:00",724.000000000
"2023-04-14 19:00:00",163.000000000
"2023-04-14 20:00:00",549.000000000
"2023-04-14 21:00:00",168.000000000
"2023-04-14 22:00:00",109.000000000
"2023-04-14 23:00:00",29.000000000
"2023-04-15 00:00:00",30.000000000
"2023-04-15 01:00:00",30.000000000
"2023-04-15 02:00:00",30.000000000
"2023-04-15 03:00:00",33.000000000
"2023-04-15 04:00:00",210.000000000
"2023-04-15 05:00:00",185.000000000
"2023-04-15 06:00:00",138.000000000
"2023-04-15 07:00:00",120.000000000
"2023-04-15 08:00:00",166.000000000
"2023-04-15 09:00:00",459.000000000
"2023-04-15 10:00:00",420.000000000
"2023-04-15 11:00:00",70.000000000
"2023-04-15 12:00:00",70.000000000
"2023-04-15 13:00:00",233.000000000
"2023-04-15 14:00:00",326.000000000
"2023-04-15 15:00:00",212.000000000
"2023-04-15 16:00:00",418.000000000
"2023-04-15 17:00:00",375.000000000
"2023-04-15 18:00:00",532.000000000
"2023-04-15 19:00:00",471.000000000
"2023-04-15 20:00:00",402.000000000
"2023-04-15 21:00:00",331.000000000
"2023-04-15 22:00:00",424.000000000
"2023-04-15 23:00:00",427.000000000
"2023-04-16 00:00:00",586.000000000
"2023-04-16 01:00:00",248.000000000
"2023-04-16 02:00:00",202.000000000
"2023-04-16 03:00:00",359.000000000
"2023-04-16 04:00:00",414.000000000
"2023-04-16 05:00:00",322.000000000
"2023-04-16 06:00:00",480.000000000
"2023-04-16 07:00:00",599.000000000
"2023-04-16 08:00:00",890.000000000
"2023-04-16 09:00:00",747.000000000
"2023-04-16 10:00:00",1147.000000000
"2023-04-16 11:00:00",1384.000000000
"2023-04-16 12:00:00",1288.000000000
"2023-04-16 13:00:00",1512.000000000
"2023-04-16 14:00:00",1315.000000000
"2023-04-16 15:00:00",1401.000000000
"2023-04-16 16:00:00",1952.000000000
"2023-04-16 17:00:00",2171.000000000
"2023-04-16 18:00:00",1530.000000000
"2023-04-16 19:00:00",2695.000000000
"2023-04-16 20:00:00",2167.000000000
"2023-04-16 21:00:00",2294.000000000
"2023-04-16 22:00:00",1953.000000000
"2023-04-16 23:00:00",2131.000000000
"2023-04-17 00:00:00",2337.000000000
"2023-04-17 01:00:00",2627.000000000
"2023-04-17 02:00:00",1324.000000000
"2023-04-17 03:00:00",1283.000000000
"2023-04-17 04:00:00",1484.000000000
"2023-04-17 05:00:00",913.000000000
"2023-04-17 06:00:00",903.000000000
"2023-04-17 07:00:00",1515.000000000
"2023-04-17 08:00:00",1220.000000000
"2023-04-17 09:00:00",2233.000000000
"2023-04-17 10:00:00",1285.000000000
"2023-04-17 11:00:00",1486.000000000
"2023-04-17 12:00:00",1792.000000000
"2023-04-17 13:00:00",1420.000000000
"2023-04-17 14:00:00",1315.000000000
"2023-04-17 15:00:00",1709.000000000
"2023-04-17 16:00:00",2132.000000000
"2023-04-17 17:00:00",1569.000000000
"2023-04-17 18:00:00",1867.000000000
"2023-04-17 19:00:00",1033.000000000
"2023-04-17 20:00:00",384.000000000
"2023-04-17 21:00:00",99.000000000
"2023-04-17 22:00:00",29.000000000
"2023-04-17 23:00:00",32.000000000
"2023-04-18 00:00:00",33.000000000
"2023-04-18 01:00:00",31.000000000
"2023-04-18 02:00:00",33.000000000
"2023-04-18 03:00:00",32.000000000
"2023-04-18 04:00:00",33.000000000
"2023-04-18 05:00:00",33.000000000
"2023-04-18 06:00:00",32.000000000
"2023-04-18 07:00:00",32.000000000
"2023-04-18 08:00:00",33.000000000
"2023-04-18 09:00:00",40.000000000
"2023-04-18 10:00:00",57.000000000
"2023-04-18 11:00:00",33.000000000
"2023-04-18 12:00:00",49.000000000
"2023-04-18 13:00:00",28.000000000
"2023-04-18 14:00:00",27.000000000
"2023-04-18 15:00:00",21.000000000
"2023-04-18 16:00:00",44.000000000
"2023-04-18 17:00:00",37.000000000
"2023-04-18 18:00:00",102.000000000
"2023-04-18 19:00:00",176.000000000
"2023-04-18 20:00:00",249.000000000
"2023-04-18 21:00:00",56.000000000
"2023-04-18 22:00:00",58.000000000
"2023-04-18 23:00:00",126.000000000
"2023-04-19 00:00:00",111.000000000
"2023-04-19 01:00:00",725.000000000
"2023-04-19 02:00:00",704.000000000
"2023-04-19 03:00:00",671.000000000
"2023-04-19 04:00:00",651.000000000
"2023-04-19 05:00:00",567.000000000
"2023-04-19 06:00:00",1308.000000000
"2023-04-19 07:00:00",808.000000000
"2023-04-19 08:00:00",298.000000000
"2023-04-19 09:00:00",1317.000000000
"2023-04-19 10:00:00",2007.000000000
"2023-04-19 11:00:00",941.000000000
"2023-04-19 12:00:00",1268.000000000
"2023-04-19 13:00:00",1018.000000000
"2023-04-19 14:00:00",952.000000000
"2023-04-19 15:00:00",760.000000000
"2023-04-19 16:00:00",783.000000000
"2023-04-19 17:00:00",755.000000000
"2023-04-19 18:00:00",1093.000000000
"2023-04-19 19:00:00",1079.000000000
"2023-04-19 20:00:00",1810.000000000
"2023-04-19 21:00:00",2444.000000000
"2023-04-19 22:00:00",350.000000000
"2023-04-19 23:00:00",104.000000000
"2023-04-20 00:00:00",83.000000000
"2023-04-20 01:00:00",149.000000000
"2023-04-20 02:00:00",499.000000000
"2023-04-20 03:00:00",552.000000000
"2023-04-20 04:00:00",1668.000000000
"2023-04-20 05:00:00",230.000000000
"2023-04-20 06:00:00",23.000000000
"2023-04-20 07:00:00",23.000000000
"2023-04-20 08:00:00",25.000000000
"2023-04-20 09:00:00",75.000000000
"2023-04-20 10:00:00",316.000000000
"2023-04-20 11:00:00",392.000000000
"2023-04-20 12:00:00",428.000000000
"2023-04-20 13:00:00",156.000000000
"2023-04-20 14:00:00",23.000000000
"2023-04-20 15:00:00",25.000000000
"2023-04-20 16:00:00",24.000000000
"2023-04-20 17:00:00",64.000000000
"2023-04-20 18:00:00",361.000000000
"2023-04-20 19:00:00",777.000000000
"2023-04-20 20:00:00",953.000000000
"2023-04-20 21:00:00",822.000000000
"2023-04-20 22:00:00",495.000000000
"2023-04-20 23:00:00",436.000000000
"2023-04-21 00:00:00",511.000000000
"2023-04-21 01:00:00",371.000000000
"2023-04-21 02:00:00",319.000000000
"2023-04-21 03:00:00",292.000000000
"2023-04-21 04:00:00",190.000000000
"2023-04-21 05:00:00",681.000000000
"2023-04-21 06:00:00",758.000000000
"2023-04-21 07:00:00",629.000000000
"2023-04-21 08:00:00",696.000000000
"2023-04-21 09:00:00",559.000000000
"2023-04-21 10:00:00",645.000000000
"2023-04-21 11:00:00",510.000000000
"2023-04-21 12:00:00",613.000000000
"2023-04-21 13:00:00",617.000000000
"2023-04-21 14:00:00",803.000000000
"2023-04-21 15:00:00",712.000000000
"2023-04-21 16:00:00",883.000000000
"2023-04-21 17:00:00",596.000000000
"2023-04-21 18:00:00",344.000000000
"2023-04-21 19:00:00",447.000000000
"2023-04-21 20:00:00",298.000000000
"2023-04-21 21:00:00",160.000000000
"2023-04-21 22:00:00",72.000000000
"2023-04-21 23:00:00",257.000000000
"2023-04-22 00:00:00",229.000000000
"2023-04-22 01:00:00",157.000000000
"2023-04-22 02:00:00",102.000000000
"2023-04-22 03:00:00",245.000000000
"2023-04-22 04:00:00",218.000000000
"2023-04-22 05:00:00",227.000000000
"2023-04-22 06:00:00",188.000000000
"2023-04-22 07:00:00",341.000000000
"2023-04-22 08:00:00",508.000000000
"2023-04-22 09:00:00",272.000000000
"2023-04-22 10:00:00",215.000000000
"2023-04-22 11:00:00",498.000000000
"2023-04-22 12:00:00",504.000000000
"2023-04-22 13:00:00",557.000000000
"2023-04-22 14:00:00",513.000000000
"2023-04-22 15:00:00",368.000000000
"2023-04-22 16:00:00",411.000000000
"2023-04-22 17:00:00",409.000000000
"2023-04-22 18:00:00",429.000000000
"2023-04-22 19:00:00",254.000000000
"2023-04-22 20:00:00",189.000000000
"2023-04-22 21:00:00",194.000000000
"2023-04-22 22:00:00",57.000000000
"2023-04-22 23:00:00",36.000000000
"2023-04-23 00:00:00",80.000000000
"2023-04-23 01:00:00",89.000000000
"2023-04-23 02:00:00",74.000000000
"2023-04-23 03:00:00",37.000000000
"2023-04-23 04:00:00",59.000000000
"2023-04-23 05:00:00",98.000000000
"2023-04-23 06:00:00",61.000000000
"2023-04-23 07:00:00",47.000000000
"2023-04-23 08:00:00",32.000000000
"2023-04-23 09:00:00",24.000000000
"2023-04-23 10:00:00",17.000000000
"2023-04-23 11:00:00",137.000000000
"2023-04-23 12:00:00",55.000000000
"2023-04-23 13:00:00",70.000000000
"2023-04-23 14:00:00",135.000000000
"2023-04-23 15:00:00",194.000000000
"2023-04-23 16:00:00",103.000000000
"2023-04-23 17:00:00",53.000000000
"2023-04-23 18:00:00",30.000000000
"2023-04-23 19:00:00",46.000000000
"2023-04-23 20:00:00",33.000000000
"2023-04-23 21:00:00",14.000000000
"2023-04-23 22:00:00",13.000000000
"2023-04-23 23:00:00",14.000000000
"2023-04-24 00:00:00",13.000000000
"2023-04-24 01:00:00",20.000000000
"2023-04-24 02:00:00",13.000000000
"2023-04-24 03:00:00",14.000000000
"2023-04-24 04:00:00",14.000000000
"2023-04-24 05:00:00",12.000000000
"2023-04-24 06:00:00",12.000000000
"2023-04-24 07:00:00",8.000000000
"2023-04-24 08:00:00",15.000000000
"2023-04-24 09:00:00",20.000000000
"2023-04-24 10:00:00",21.000000000
"2023-04-24 11:00:00",22.000000000
"2023-04-24 12:00:00",23.000000000
"2023-04-24 13:00:00",23.000000000
"2023-04-24 14:00:00",26.000000000
"2023-04-24 15:00:00",56.000000000
"2023-04-24 16:00:00",48.000000000
"2023-04-24 17:00:00",52.000000000
"2023-04-24 18:00:00",56.000000000
"2023-04-24 19:00:00",53.000000000
"2023-04-24 20:00:00",149.000000000
"2023-04-24 21:00:00",24.000000000
"2023-04-24 22:00:00",23.000000000
"2023-04-24 23:00:00",26.000000000
"2023-04-25 00:00:00",26.000000000
"2023-04-25 01:00:00",26.000000000
"2023-04-25 02:00:00",26.000000000
"2023-04-25 03:00:00",26.000000000
"2023-04-25 04:00:00",28.000000000
"2023-04-25 05:00:00",26.000000000
"2023-04-25 06:00:00",26.000000000
"2023-04-25 07:00:00",26.000000000
"2023-04-25 08:00:00",55.000000000
"2023-04-25 09:00:00",110.000000000
"2023-04-25 10:00:00",111.000000000
"2023-04-25 11:00:00",239.000000000
"2023-04-25 12:00:00",243.000000000
"2023-04-25 13:00:00",274.000000000
"2023-04-25 14:00:00",234.000000000
"2023-04-25 15:00:00",74.000000000
"2023-04-25 16:00:00",97.000000000
"2023-04-25 17:00:00",63.000000000
"2023-04-25 18:00:00",144.000000000
"2023-04-25 19:00:00",76.000000000
"2023-04-25 20:00:00",54.000000000
"2023-04-25 21:00:00",39.000000000
"2023-04-25 22:00:00",28.000000000
"2023-04-25 23:00:00",47.000000000
"2023-04-26 00:00:00",28.000000000
"2023-04-26 01:00:00",32.000000000
"2023-04-26 02:00:00",13.000000000
"2023-04-26 03:00:00",26.000000000
"2023-04-26 04:00:00",29.000000000
"2023-04-26 05:00:00",28.000000000
"2023-04-26 06:00:00",29.000000000
"2023-04-26 07:00:00",27.000000000
"2023-04-26 08:00:00",27.000000000
"2023-04-26 09:00:00",27.000000000
"2023-04-26 10:00:00",30.000000000
"2023-04-26 11:00:00",42.000000000
"2023-04-26 12:00:00",63.000000000
"2023-04-26 13:00:00",63.000000000
"2023-04-26 14:00:00",123.000000000
"2023-04-26 15:00:00",211.000000000
"2023-04-26 16:00:00",161.000000000
"2023-04-26 17:00:00",86.000000000
"2023-04-26 18:00:00",189.000000000
"2023-04-26 19:00:00",240.000000000
"2023-04-26 20:00:00",61.000000000
"2023-04-26 21:00:00",51.000000000
"2023-04-26 22:00:00",337.000000000
"2023-04-26 23:00:00",922.000000000
"2023-04-27 00:00:00",864.000000000
"2023-04-27 01:00:00",811.000000000
"2023-04-27 02:00:00",490.000000000
"2023-04-27 03:00:00",407.000000000
"2023-04-27 04:00:00",519.000000000
"2023-04-27 05:00:00",770.000000000
"2023-04-27 06:00:00",373.000000000
"2023-04-27 07:00:00",151.000000000
"2023-04-27 08:00:00",160.000000000
"2023-04-27 09:00:00",139.000000000
"2023-04-27 10:00:00",107.000000000
"2023-04-27 11:00:00",67.000000000
"2023-04-27 12:00:00",34.000000000
"2023-04-27 13:00:00",40.000000000
"2023-04-27 14:00:00",176.000000000
"2023-04-27 15:00:00",29.000000000
"2023-04-27 16:00:00",29.000000000
"2023-04-27 17:00:00",93.000000000
"2023-04-27 18:00:00",52.000000000
"2023-04-27 19:00:00",42.000000000
"2023-04-27 20:00:00",129.000000000
"2023-04-27 21:00:00",324.000000000
"2023-04-27 22:00:00",768.000000000
"2023-04-27 23:00:00",155.000000000
"2023-04-28 00:00:00",136.000000000
"2023-04-28 01:00:00",452.000000000
"2023-04-28 02:00:00",219.000000000
"2023-04-28 03:00:00",82.000000000
"2023-04-28 04:00:00",30.000000000
"2023-04-28 05:00:00",30.000000000
"2023-04-28 06:00:00",32.000000000
"2023-04-28 07:00:00",31.000000000
"2023-04-28 08:00:00",42.000000000
"2023-04-28 09:00:00",85.000000000
"2023-04-28 10:00:00",66.000000000
"2023-04-28 11:00:00",146.000000000
"2023-04-28 12:00:00",108.000000000
"2023-04-28 13:00:00",117.000000000
"2023-04-28 14:00:00",118.000000000
"2023-04-28 15:00:00",245.000000000
"2023-04-28 16:00:00",298.000000000
"2023-04-28 17:00:00",371.000000000
"2023-04-28 18:00:00",331.000000000
"2023-04-28 19:00:00",240.000000000
"2023-04-28 20:00:00",135.000000000
"2023-04-28 21:00:00",53.000000000
"2023-04-28 22:00:00",30.000000000
"2023-04-28 23:00:00",30.000000000
"2023-04-29 00:00:00",29.000000000
"2023-04-29 01:00:00",28.000000000
"2023-04-29 02:00:00",28.000000000
"2023-04-29 03:00:00",30.000000000
"2023-04-29 04:00:00",29.000000000
"2023-04-29 05:00:00",29.000000000
"2023-04-29 06:00:00",36.000000000
"2023-04-29 07:00:00",29.000000000
"2023-04-29 08:00:00",33.000000000
"2023-04-29 09:00:00",74.000000000
"2023-04-29 10:00:00",155.000000000
"2023-04-29 11:00:00",223.000000000
"2023-04-29 12:00:00",432.000000000
"2023-04-29 13:00:00",390.000000000
"2023-04-29 14:00:00",347.000000000
"2023-04-29 15:00:00",414.000000000
"2023-04-29 16:00:00",725.000000000
"2023-04-29 17:00:00",1164.000000000
"2023-04-29 18:00:00",568.000000000
"2023-04-29 19:00:00",695.000000000
"2023-04-29 20:00:00",773.000000000
"2023-04-29 21:00:00",631.000000000
"2023-04-29 22:00:00",289.000000000
"2023-04-29 23:00:00",348.000000000
"2023-04-30 00:00:00",294.000000000
"2023-04-30 01:00:00",971.000000000
"2023-04-30 02:00:00",1161.000000000
"2023-04-30 03:00:00",1501.000000000
"2023-04-30 04:00:00",2123.000000000
"2023-04-30 05:00:00",1745.000000000
"2023-04-30 06:00:00",2084.000000000
"2023-04-30 07:00:00",2487.000000000
"2023-04-30 08:00:00",1526.000000000
"2023-04-30 09:00:00",2141.000000000
"2023-04-30 10:00:00",2147.000000000
"2023-04-30 11:00:00",2491.000000000
"2023-04-30 12:00:00",2471.000000000
"2023-04-30 13:00:00",3196.000000000
"2023-04-30 14:00:00",3325.000000000
"2023-04-30 15:00:00",2121.000000000
"2023-04-30 16:00:00",2469.000000000
"2023-04-30 17:00:00",3051.000000000
"2023-04-30 18:00:00",2141.000000000
"2023-04-30 19:00:00",1794.000000000
"2023-04-30 20:00:00",1309.000000000
"2023-04-30 21:00:00",206.000000000
"2023-04-30 22:00:00",1655.000000000
"2023-04-30 23:00:00",934.000000000
"2023-05-01 00:00:00",778.000000000
"2023-05-01 01:00:00",670.000000000
"2023-05-01 02:00:00",247.000000000
"2023-05-01 03:00:00",269.000000000
"2023-05-01 04:00:00",434.000000000
"2023-05-01 05:00:00",660.000000000
"2023-05-01 06:00:00",1060.000000000
"2023-05-01 07:00:00",1116.000000000
"2023-05-01 08:00:00",1613.000000000
"2023-05-01 09:00:00",2780.000000000
"2023-05-01 10:00:00",2877.000000000
"2023-05-01 11:00:00",2812.000000000
"2023-05-01 12:00:00",3138.000000000
"2023-05-01 13:00:00",3221.000000000
"2023-05-01 14:00:00",2639.000000000
"2023-05-01 15:00:00",2392.000000000
"2023-05-01 16:00:00",2138.000000000
"2023-05-01 17:00:00",2164.000000000
"2023-05-01 18:00:00",2018.000000000
"2023-05-01 19:00:00",1908.000000000
"2023-05-01 20:00:00",1665.000000000
"2023-05-01 21:00:00",1663.000000000
"2023-05-01 22:00:00",1772.000000000
"2023-05-01 23:00:00",759.000000000
"2023-05-02 00:00:00",383.000000000
"2023-05-02 01:00:00",467.000000000
"2023-05-02 02:00:00",203.000000000
"2023-05-02 03:00:00",294.000000000
"2023-05-02 04:00:00",304.000000000
"2023-05-02 05:00:00",667.000000000
"2023-05-02 06:00:00",581.000000000
"2023-05-02 07:00:00",486.000000000
"2023-05-02 08:00:00",1301.000000000
"2023-05-02 09:00:00",1584.000000000
"2023-05-02 10:00:00",1508.000000000
"2023-05-02 11:00:00",2007.000000000
"2023-05-02 12:00:00",2670.000000000
"2023-05-02 13:00:00",2257.000000000
"2023-05-02 14:00:00",2021.000000000
"2023-05-02 15:00:00",2276.000000000
"2023-05-02 16:00:00",1949.000000000
"2023-05-02 17:00:00",1608.000000000
"2023-05-02 18:00:00",1387.000000000
"2023-05-02 19:00:00",903.000000000
"2023-05-02 20:00:00",327.000000000
"2023-05-02 21:00:00",97.000000000
"2023-05-02 22:00:00",30.000000000
"2023-05-02 23:00:00",32.000000000
"2023-05-03 00:00:00",31.000000000
"2023-05-03 01:00:00",31.000000000
"2023-05-03 02:00:00",32.000000000
"2023-05-03 03:00:00",32.000000000
"2023-05-03 04:00:00",31.000000000
"2023-05-03 05:00:00",32.000000000
"2023-05-03 06:00:00",31.000000000
"2023-05-03 07:00:00",31.000000000
"2023-05-03 08:00:00",31.000000000
"2023-05-03 09:00:00",31.000000000
"2023-05-03 10:00:00",32.000000000
"2023-05-03 11:00:00",31.000000000
"2023-05-03 12:00:00",33.000000000
"2023-05-03 13:00:00",31.000000000
"2023-05-03 14:00:00",31.000000000
"2023-05-03 15:00:00",52.000000000
"2023-05-03 16:00:00",31.000000000
"2023-05-03 17:00:00",49.000000000
"2023-05-03 18:00:00",35.000000000
"2023-05-03 19:00:00",32.000000000
"2023-05-03 20:00:00",32.000000000
"2023-05-03 21:00:00",33.000000000
"2023-05-03 22:00:00",34.000000000
"2023-05-03 23:00:00",71.000000000
"2023-05-04 00:00:00",115.000000000
"2023-05-04 01:00:00",86.000000000
"2023-05-04 02:00:00",40.000000000
"2023-05-04 03:00:00",93.000000000
"2023-05-04 04:00:00",57.000000000
"2023-05-04 05:00:00",12.000000000
"2023-05-04 06:00:00",36.000000000
"2023-05-04 07:00:00",24.000000000
"2023-05-04 08:00:00",33.000000000
"2023-05-04 09:00:00",77.000000000
"2023-05-04 10:00:00",34.000000000
"2023-05-04 11:00:00",51.000000000
"2023-05-04 12:00:00",83.000000000
"2023-05-04 13:00:00",95.000000000
"2023-05-04 14:00:00",84.000000000
"2023-05-04 15:00:00",104.000000000
"2023-05-04 16:00:00",105.000000000
"2023-05-04 17:00:00",85.000000000
"2023-05-04 18:00:00",72.000000000
"2023-05-04 19:00:00",100.000000000
"2023-05-04 20:00:00",48.000000000
"2023-05-04 21:00:00",42.000000000
"2023-05-04 22:00:00",364.000000000
"2023-05-04 23:00:00",333.000000000
"2023-05-05 00:00:00",145.000000000
"2023-05-05 01:00:00",46.000000000
"2023-05-05 02:00:00",33.000000000
"2023-05-05 03:00:00",40.000000000
"2023-05-05 04:00:00",46.000000000
"2023-05-05 05:00:00",42.000000000
"2023-05-05 06:00:00",48.000000000
"2023-05-05 07:00:00",135.000000000
"2023-05-05 08:00:00",123.000000000
"2023-05-05 09:00:00",218.000000000
"2023-05-05 10:00:00",328.000000000
"2023-05-05 11:00:00",174.000000000
"2023-05-05 12:00:00",52.000000000
"2023-05-05 13:00:00",136.000000000
"2023-05-05 14:00:00",271.000000000
"2023-05-05 15:00:00",256.000000000
"2023-05-05 16:00:00",303.000000000
"2023-05-05 17:00:00",298.000000000
"2023-05-05 18:00:00",362.000000000
"2023-05-05 19:00:00",338.000000000
"2023-05-05 20:00:00",97.000000000
"2023-05-05 21:00:00",195.000000000
"2023-05-05 22:00:00",279.000000000
"2023-05-05 23:00:00",73.000000000
"2023-05-06 00:00:00",47.000000000
"2023-05-06 01:00:00",75.000000000
"2023-05-06 02:00:00",75.000000000
"2023-05-06 03:00:00",36.000000000
"2023-05-06 04:00:00",33.000000000
"2023-05-06 05:00:00",35.000000000
"2023-05-06 06:00:00",42.000000000
"2023-05-06 07:00:00",36.000000000
"2023-05-06 08:00:00",31.000000000
"2023-05-06 09:00:00",56.000000000
"2023-05-06 10:00:00",137.000000000
"2023-05-06 11:00:00",97.000000000
"2023-05-06 12:00:00",327.000000000
"2023-05-06 13:00:00",352.000000000
"2023-05-06 14:00:00",327.000000000
"2023-05-06 15:00:00",124.000000000
"2023-05-06 16:00:00",107.000000000
"2023-05-06 17:00:00",271.000000000
"2023-05-06 18:00:00",129.000000000
"2023-05-06 19:00:00",213.000000000
"2023-05-06 20:00:00",203.000000000
"2023-05-06 21:00:00",340.000000000
"2023-05-06 22:00:00",310.000000000
"2023-05-06 23:00:00",104.000000000
"2023-05-07 00:00:00",189.000000000
"2023-05-07 01:00:00",91.000000000
"2023-05-07 02:00:00",35.000000000
"2023-05-07 03:00:00",34.000000000
"2023-05-07 04:00:00",33.000000000
"2023-05-07 05:00:00",34.000000000
"2023-05-07 06:00:00",34.000000000
"2023-05-07 07:00:00",33.000000000
"2023-05-07 08:00:00",32.000000000
"2023-05-07 09:00:00",33.000000000
"2023-05-07 10:00:00",33.000000000
"2023-05-07 11:00:00",34.000000000
"2023-05-07 12:00:00",33.000000000
"2023-05-07 13:00:00",37.000000000
"2023-05-07 14:00:00",157.000000000
"2023-05-07 15:00:00",116.000000000
"2023-05-07 16:00:00",50.000000000
"2023-05-07 17:00:00",52.000000000
"2023-05-07 18:00:00",31.000000000
"2023-05-07 19:00:00",34.000000000
"2023-05-07 20:00:00",34.000000000
"2023-05-07 21:00:00",33.000000000
"2023-05-07 22:00:00",34.000000000
"2023-05-07 23:00:00",34.000000000
"2023-05-08 00:00:00",34.000000000
"2023-05-08 01:00:00",35.000000000
"2023-05-08 02:00:00",33.000000000
"2023-05-08 03:00:00",34.000000000
"2023-05-08 04:00:00",34.000000000
"2023-05-08 05:00:00",41.000000000
"2023-05-08 06:00:00",34.000000000
"2023-05-08 07:00:00",33.000000000
"2023-05-08 08:00:00",33.000000000
"2023-05-08 09:00:00",33.000000000
"2023-05-08 10:00:00",33.000000000
"2023-05-08 11:00:00",33.000000000
"2023-05-08 12:00:00",33.000000000
"2023-05-08 13:00:00",38.000000000
"2023-05-08 14:00:00",43.000000000
"2023-05-08 15:00:00",43.000000000
"2023-05-08 16:00:00",37.000000000
"2023-05-08 17:00:00",34.000000000
"2023-05-08 18:00:00",33.000000000
"2023-05-08 19:00:00",33.000000000
"2023-05-08 20:00:00",60.000000000
"2023-05-08 21:00:00",489.000000000
"2023-05-08 22:00:00",347.000000000
"2023-05-08 23:00:00",176.000000000
"2023-05-09 00:00:00",105.000000000
"2023-05-09 01:00:00",131.000000000
"2023-05-09 02:00:00",79.000000000
"2023-05-09 03:00:00",34.000000000
"2023-05-09 04:00:00",35.000000000
"2023-05-09 05:00:00",34.000000000
"2023-05-09 06:00:00",34.000000000
"2023-05-09 07:00:00",61.000000000
"2023-05-09 08:00:00",58.000000000
"2023-05-09 09:00:00",102.000000000
"2023-05-09 10:00:00",65.000000000
"2023-05-09 11:00:00",65.000000000
"2023-05-09 12:00:00",53.000000000
"2023-05-09 13:00:00",114.000000000
"2023-05-09 14:00:00",74.000000000
"2023-05-09 15:00:00",101.000000000
"2023-05-09 16:00:00",90.000000000
"2023-05-09 17:00:00",50.000000000
"2023-05-09 18:00:00",36.000000000
"2023-05-09 19:00:00",34.000000000
"2023-05-09 20:00:00",42.000000000
"2023-05-09 21:00:00",38.000000000
"2023-05-09 22:00:00",25.000000000
"2023-05-09 23:00:00",34.000000000
"2023-05-10 00:00:00",34.000000000
"2023-05-10 01:00:00",34.000000000
"2023-05-10 02:00:00",34.000000000
"2023-05-10 03:00:00",34.000000000
"2023-05-10 04:00:00",39.000000000
"2023-05-10 05:00:00",57.000000000
"2023-05-10 06:00:00",53.000000000
"2023-05-10 07:00:00",34.000000000
"2023-05-10 08:00:00",33.000000000
"2023-05-10 09:00:00",32.000000000
"2023-05-10 10:00:00",36.000000000
"2023-05-10 11:00:00",65.000000000
"2023-05-10 12:00:00",101.000000000
"2023-05-10 13:00:00",147.000000000
"2023-05-10 14:00:00",111.000000000
"2023-05-10 15:00:00",63.000000000
"2023-05-10 16:00:00",155.000000000
"2023-05-10 17:00:00",276.000000000
"2023-05-10 18:00:00",101.000000000
"2023-05-10 19:00:00",95.000000000
"2023-05-10 20:00:00",37.000000000
"2023-05-10 21:00:00",34.000000000
"2023-05-10 22:00:00",33.000000000
"2023-05-10 23:00:00",43.000000000
"2023-05-11 00:00:00",62.000000000
"2023-05-11 01:00:00",101.000000000
"2023-05-11 02:00:00",73.000000000
"2023-05-11 03:00:00",54.000000000
"2023-05-11 04:00:00",108.000000000
"2023-05-11 05:00:00",47.000000000
"2023-05-11 06:00:00",99.000000000
"2023-05-11 07:00:00",57.000000000
"2023-05-11 08:00:00",34.000000000
"2023-05-11 09:00:00",34.000000000
"2023-05-11 10:00:00",66.000000000
"2023-05-11 11:00:00",189.000000000
"2023-05-11 12:00:00",126.000000000
"2023-05-11 13:00:00",81.000000000
"2023-05-11 14:00:00",79.000000000
"2023-05-11 15:00:00",68.000000000
"2023-05-11 16:00:00",49.000000000
"2023-05-11 17:00:00",37.000000000
"2023-05-11 18:00:00",38.000000000
"2023-05-11 19:00:00",64.000000000
"2023-05-11 20:00:00",36.000000000
"2023-05-11 21:00:00",34.000000000
"2023-05-11 22:00:00",34.000000000
"2023-05-11 23:00:00",33.000000000
"2023-05-12 00:00:00",34.000000000
"2023-05-12 01:00:00",72.000000000
"2023-05-12 02:00:00",47.000000000
"2023-05-12 03:00:00",26.000000000
"2023-05-12 04:00:00",34.000000000
"2023-05-12 05:00:00",34.000000000
"2023-05-12 06:00:00",34.000000000
"2023-05-12 07:00:00",34.000000000
"2023-05-12 08:00:00",33.000000000
"2023-05-12 09:00:00",34.000000000
"2023-05-12 10:00:00",33.000000000
"2023-05-12 11:00:00",34.000000000
"2023-05-12 12:00:00",57.000000000
"2023-05-12 13:00:00",88.000000000
"2023-05-12 14:00:00",157.000000000
"2023-05-12 15:00:00",128.000000000
"2023-05-12 16:00:00",401.000000000
"2023-05-12 17:00:00",434.000000000
"2023-05-12 18:00:00",508.000000000
"2023-05-12 19:00:00",392.000000000
"2023-05-12 20:00:00",473.000000000
"2023-05-12 21:00:00",528.000000000
"2023-05-12 22:00:00",52.000000000
"2023-05-12 23:00:00",113.000000000
"2023-05-13 00:00:00",133.000000000
"2023-05-13 01:00:00",115.000000000
"2023-05-13 02:00:00",114.000000000
"2023-05-13 03:00:00",163.000000000
"2023-05-13 04:00:00",160.000000000
"2023-05-13 05:00:00",363.000000000
"2023-05-13 06:00:00",551.000000000
"2023-05-13 07:00:00",375.000000000
"2023-05-13 08:00:00",204.000000000
"2023-05-13 09:00:00",175.000000000
"2023-05-13 10:00:00",155.000000000
"2023-05-13 11:00:00",118.000000000
"2023-05-13 12:00:00",228.000000000
"2023-05-13 13:00:00",154.000000000
"2023-05-13 14:00:00",241.000000000
"2023-05-13 15:00:00",797.000000000
"2023-05-13 16:00:00",1053.000000000
"2023-05-13 17:00:00",657.000000000
"2023-05-13 18:00:00",283.000000000
"2023-05-13 19:00:00",47.000000000
"2023-05-13 20:00:00",54.000000000
"2023-05-13 21:00:00",118.000000000
"2023-05-13 22:00:00",259.000000000
"2023-05-13 23:00:00",134.000000000
"2023-05-14 00:00:00",116.000000000
"2023-05-14 01:00:00",229.000000000
"2023-05-14 02:00:00",332.000000000
"2023-05-14 03:00:00",196.000000000
"2023-05-14 04:00:00",39.000000000
"2023-05-14 05:00:00",36.000000000
"2023-05-14 06:00:00",91.000000000
"2023-05-14 07:00:00",138.000000000
"2023-05-14 08:00:00",102.000000000
"2023-05-14 09:00:00",69.000000000
"2023-05-14 10:00:00",34.000000000
"2023-05-14 11:00:00",166.000000000
"2023-05-14 12:00:00",124.000000000
"2023-05-14 13:00:00",169.000000000
"2023-05-14 14:00:00",162.000000000
"2023-05-14 15:00:00",115.000000000
"2023-05-14 16:00:00",180.000000000
"2023-05-14 17:00:00",133.000000000
"2023-05-14 18:00:00",158.000000000
"2023-05-14 19:00:00",121.000000000
"2023-05-14 20:00:00",44.000000000
"2023-05-14 21:00:00",29.000000000
"2023-05-14 22:00:00",24.000000000
"2023-05-14 23:00:00",35.000000000
"2023-05-15 00:00:00",35.000000000
"2023-05-15 01:00:00",35.000000000
"2023-05-15 02:00:00",35.000000000
"2023-05-15 03:00:00",34.000000000
"2023-05-15 04:00:00",35.000000000
"2023-05-15 05:00:00",34.000000000
"2023-05-15 06:00:00",33.000000000
"2023-05-15 07:00:00",33.000000000
"2023-05-15 08:00:00",32.000000000
"2023-05-15 09:00:00",33.000000000
"2023-05-15 10:00:00",32.000000000
"2023-05-15 11:00:00",46.000000000
"2023-05-15 12:00:00",35.000000000
"2023-05-15 13:00:00",34.000000000
"2023-05-15 14:00:00",34.000000000
"2023-05-15 15:00:00",35.000000000
"2023-05-15 16:00:00",43.000000000
"2023-05-15 17:00:00",75.000000000
"2023-05-15 18:00:00",38.000000000
"2023-05-15 19:00:00",79.000000000
"2023-05-15 20:00:00",35.000000000
"2023-05-15 21:00:00",36.000000000
"2023-05-15 22:00:00",35.000000000
"2023-05-15 23:00:00",36.000000000
"2023-05-16 00:00:00",31.000000000
"2023-05-16 01:00:00",28.000000000
"2023-05-16 02:00:00",21.000000000
"2023-05-16 03:00:00",38.000000000
"2023-05-16 04:00:00",38.000000000
"2023-05-16 05:00:00",23.000000000
"2023-05-16 06:00:00",22.000000000
"2023-05-16 07:00:00",30.000000000
"2023-05-16 08:00:00",34.000000000
"2023-05-16 09:00:00",34.000000000
"2023-05-16 10:00:00",35.000000000
"2023-05-16 11:00:00",39.000000000
"2023-05-16 12:00:00",78.000000000
"2023-05-16 13:00:00",66.000000000
"2023-05-16 14:00:00",161.000000000
"2023-05-16 15:00:00",143.000000000
"2023-05-16 16:00:00",120.000000000
"2023-05-16 17:00:00",95.000000000
"2023-05-16 18:00:00",128.000000000
"2023-05-16 19:00:00",101.000000000
"2023-05-16 20:00:00",86.000000000
"2023-05-16 21:00:00",69.000000000
"2023-05-16 22:00:00",101.000000000
"2023-05-16 23:00:00",126.000000000
"2023-05-17 00:00:00",175.000000000
"2023-05-17 01:00:00",202.000000000
"2023-05-17 02:00:00",34.000000000
"2023-05-17 03:00:00",112.000000000
"2023-05-17 04:00:00",85.000000000
"2023-05-17 05:00:00",54.000000000
"2023-05-17 06:00:00",57.000000000
"2023-05-17 07:00:00",97.000000000
"2023-05-17 08:00:00",152.000000000
"2023-05-17 09:00:00",137.000000000
"2023-05-17 10:00:00",140.000000000
"2023-05-17 11:00:00",170.000000000
"2023-05-17 12:00:00",257.000000000
"2023-05-17 13:00:00",138.000000000
"2023-05-17 14:00:00",132.000000000
"2023-05-17 15:00:00",176.000000000
"2023-05-17 16:00:00",352.000000000
"2023-05-17 17:00:00",264.000000000
"2023-05-17 18:00:00",197.000000000
"2023-05-17 19:00:00",200.000000000
"2023-05-17 20:00:00",70.000000000
"2023-05-17 21:00:00",194.000000000
"2023-05-17 22:00:00",274.000000000
"2023-05-17 23:00:00",308.000000000
"2023-05-18 00:00:00",226.000000000
"2023-05-18 01:00:00",250.000000000
"2023-05-18 02:00:00",236.000000000
"2023-05-18 03:00:00",281.000000000
"2023-05-18 04:00:00",379.000000000
"2023-05-18 05:00:00",333.000000000
"2023-05-18 06:00:00",312.000000000
"2023-05-18 07:00:00",109.000000000
"2023-05-18 08:00:00",162.000000000
"2023-05-18 09:00:00",212.000000000
"2023-05-18 10:00:00",158.000000000
"2023-05-18 11:00:00",130.000000000
"2023-05-18 12:00:00",88.000000000
"2023-05-18 13:00:00",69.000000000
"2023-05-18 14:00:00",34.000000000
"2023-05-18 15:00:00",35.000000000
"2023-05-18 16:00:00",35.000000000
"2023-05-18 17:00:00",35.000000000
"2023-05-18 18:00:00",34.000000000
"2023-05-18 19:00:00",36.000000000
"2023-05-18 20:00:00",29.000000000
"2023-05-18 21:00:00",19.000000000
"2023-05-18 22:00:00",397.000000000
"2023-05-18 23:00:00",509.000000000
"2023-05-19 00:00:00",282.000000000
"2023-05-19 01:00:00",631.000000000
"2023-05-19 02:00:00",716.000000000
"2023-05-19 03:00:00",441.000000000
"2023-05-19 04:00:00",524.000000000
"2023-05-19 05:00:00",285.000000000
"2023-05-19 06:00:00",525.000000000
"2023-05-19 07:00:00",413.000000000
"2023-05-19 08:00:00",644.000000000
"2023-05-19 09:00:00",334.000000000
"2023-05-19 10:00:00",501.000000000
"2023-05-19 11:00:00",550.000000000
"2023-05-19 12:00:00",339.000000000
"2023-05-19 13:00:00",374.000000000
"2023-05-19 14:00:00",150.000000000
"2023-05-19 15:00:00",98.000000000
"2023-05-19 16:00:00",252.000000000
"2023-05-19 17:00:00",189.000000000
"2023-05-19 18:00:00",135.000000000
"2023-05-19 19:00:00",92.000000000
"2023-05-19 20:00:00",122.000000000
"2023-05-19 21:00:00",52.000000000
"2023-05-19 22:00:00",34.000000000
"2023-05-19 23:00:00",34.000000000
"2023-05-20 00:00:00",33.000000000
"2023-05-20 01:00:00",34.000000000
"2023-05-20 02:00:00",34.000000000
"2023-05-20 03:00:00",34.000000000
"2023-05-20 04:00:00",34.000000000
"2023-05-20 05:00:00",34.000000000
"2023-05-20 06:00:00",34.000000000
"2023-05-20 07:00:00",33.000000000
"2023-05-20 08:00:00",34.000000000
"2023-05-20 09:00:00",33.000000000
"2023-05-20 10:00:00",33.000000000
"2023-05-20 11:00:00",34.000000000
"2023-05-20 12:00:00",33.000000000
"2023-05-20 13:00:00",44.000000000
"2023-05-20 14:00:00",80.000000000
"2023-05-20 15:00:00",74.000000000
"2023-05-20 16:00:00",61.000000000
"2023-05-20 17:00:00",118.000000000
"2023-05-20 18:00:00",105.000000000
"2023-05-20 19:00:00",147.000000000
"2023-05-20 20:00:00",79.000000000
"2023-05-20 21:00:00",33.000000000
"2023-05-20 22:00:00",33.000000000
"2023-05-20 23:00:00",33.000000000
"2023-05-21 00:00:00",33.000000000
"2023-05-21 01:00:00",34.000000000
"2023-05-21 02:00:00",33.000000000
"2023-05-21 03:00:00",34.000000000
"2023-05-21 04:00:00",34.000000000
"2023-05-21 05:00:00",33.000000000
"2023-05-21 06:00:00",34.000000000
"2023-05-21 07:00:00",33.000000000
"2023-05-21 08:00:00",34.000000000
"2023-05-21 09:00:00",32.000000000
"2023-05-21 10:00:00",33.000000000
"2023-05-21 11:00:00",35.000000000
"2023-05-21 12:00:00",67.000000000
"2023-05-21 13:00:00",71.000000000
"2023-05-21 14:00:00",65.000000000
"2023-05-21 15:00:00",62.000000000
"2023-05-21 16:00:00",35.000000000
"2023-05-21 17:00:00",37.000000000
"2023-05-21 18:00:00",32.000000000
"2023-05-21 19:00:00",33.000000000
"2023-05-21 20:00:00",33.000000000
"2023-05-21 21:00:00",33.000000000
"2023-05-21 22:00:00",33.000000000
"2023-05-21 23:00:00",33.000000000
"2023-05-22 00:00:00",33.000000000
"2023-05-22 01:00:00",33.000000000
"2023-05-22 02:00:00",33.000000000
"2023-05-22 03:00:00",33.000000000
"2023-05-22 04:00:00",22.000000000
"2023-05-22 05:00:00",23.000000000
"2023-05-22 06:00:00",35.000000000
"2023-05-22 07:00:00",22.000000000
"2023-05-22 08:00:00",27.000000000
"2023-05-22 09:00:00",32.000000000
"2023-05-22 10:00:00",30.000000000
"2023-05-22 11:00:00",31.000000000
"2023-05-22 12:00:00",118.000000000
"2023-05-22 13:00:00",256.000000000
"2023-05-22 14:00:00",195.000000000
"2023-05-22 15:00:00",166.000000000
"2023-05-22 16:00:00",152.000000000
"2023-05-22 17:00:00",187.000000000
"2023-05-22 18:00:00",97.000000000
"2023-05-22 19:00:00",128.000000000
"2023-05-22 20:00:00",39.000000000
"2023-05-22 21:00:00",32.000000000
"2023-05-22 22:00:00",32.000000000
"2023-05-22 23:00:00",32.000000000
"2023-05-23 00:00:00",34.000000000
"2023-05-23 01:00:00",46.000000000
"2023-05-23 02:00:00",29.000000000
"2023-05-23 03:00:00",31.000000000
"2023-05-23 04:00:00",22.000000000
"2023-05-23 05:00:00",31.000000000
"2023-05-23 06:00:00",31.000000000
"2023-05-23 07:00:00",32.000000000
"2023-05-23 08:00:00",31.000000000
"2023-05-23 09:00:00",31.000000000
"2023-05-23 10:00:00",33.000000000
"2023-05-23 11:00:00",87.000000000
"2023-05-23 12:00:00",99.000000000
"2023-05-23 13:00:00",225.000000000
"2023-05-23 14:00:00",164.000000000
"2023-05-23 15:00:00",86.000000000
"2023-05-23 16:00:00",112.000000000
"2023-05-23 17:00:00",111.000000000
"2023-05-23 18:00:00",52.000000000
"2023-05-23 19:00:00",49.000000000
"2023-05-23 20:00:00",31.000000000
"2023-05-23 21:00:00",32.000000000
"2023-05-23 22:00:00",32.000000000
"2023-05-23 23:00:00",33.000000000
"2023-05-24 00:00:00",33.000000000
"2023-05-24 01:00:00",32.000000000
"2023-05-24 02:00:00",55.000000000
"2023-05-24 03:00:00",90.000000000
"2023-05-24 04:00:00",51.000000000
"2023-05-24 05:00:00",67.000000000
"2023-05-24 06:00:00",212.000000000
"2023-05-24 07:00:00",115.000000000
"2023-05-24 08:00:00",288.000000000
"2023-05-24 09:00:00",341.000000000
"2023-05-24 10:00:00",316.000000000
"2023-05-24 11:00:00",228.000000000
"2023-05-24 12:00:00",293.000000000
"2023-05-24 13:00:00",185.000000000
"2023-05-24 14:00:00",250.000000000
"2023-05-24 15:00:00",346.000000000
"2023-05-24 16:00:00",434.000000000
"2023-05-24 17:00:00",376.000000000
"2023-05-24 18:00:00",666.000000000
"2023-05-24 19:00:00",621.000000000
"2023-05-24 20:00:00",597.000000000
"2023-05-24 21:00:00",484.000000000
"2023-05-24 22:00:00",208.000000000
"2023-05-24 23:00:00",92.000000000
"2023-05-25 00:00:00",158.000000000
"2023-05-25 01:00:00",160.000000000
"2023-05-25 02:00:00",221.000000000
"2023-05-25 03:00:00",386.000000000
"2023-05-25 04:00:00",286.000000000
"2023-05-25 05:00:00",231.000000000
"2023-05-25 06:00:00",77.000000000
"2023-05-25 07:00:00",29.000000000
"2023-05-25 08:00:00",47.000000000
"2023-05-25 09:00:00",46.000000000
"2023-05-25 10:00:00",164.000000000
"2023-05-25 11:00:00",229.000000000
"2023-05-25 12:00:00",193.000000000
"2023-05-25 13:00:00",221.000000000
"2023-05-25 14:00:00",206.000000000
"2023-05-25 15:00:00",211.000000000
"2023-05-25 16:00:00",324.000000000
"2023-05-25 17:00:00",351.000000000
"2023-05-25 18:00:00",250.000000000
"2023-05-25 19:00:00",173.000000000
"2023-05-25 20:00:00",97.000000000
"2023-05-25 21:00:00",87.000000000
"2023-05-25 22:00:00",42.000000000
"2023-05-25 23:00:00",40.000000000
"2023-05-26 00:00:00",58.000000000
"2023-05-26 01:00:00",40.000000000
"2023-05-26 02:00:00",42.000000000
"2023-05-26 03:00:00",26.000000000
"2023-05-26 04:00:00",36.000000000
"2023-05-26 05:00:00",36.000000000
"2023-05-26 06:00:00",35.000000000
"2023-05-26 07:00:00",38.000000000
"2023-05-26 08:00:00",105.000000000
"2023-05-26 09:00:00",113.000000000
"2023-05-26 10:00:00",79.000000000
"2023-05-26 11:00:00",76.000000000
"2023-05-26 12:00:00",106.000000000
"2023-05-26 13:00:00",84.000000000
"2023-05-26 14:00:00",88.000000000
"2023-05-26 15:00:00",140.000000000
"2023-05-26 16:00:00",145.000000000
"2023-05-26 17:00:00",104.000000000
"2023-05-26 18:00:00",103.000000000
"2023-05-26 19:00:00",72.000000000
"2023-05-26 20:00:00",43.000000000
"2023-05-26 21:00:00",34.000000000
"2023-05-26 22:00:00",41.000000000
"2023-05-26 23:00:00",62.000000000
"2023-05-27 00:00:00",50.000000000
"2023-05-27 01:00:00",52.000000000
"2023-05-27 02:00:00",126.000000000
"2023-05-27 03:00:00",39.000000000
"2023-05-27 04:00:00",18.000000000
"2023-05-27 05:00:00",17.000000000
"2023-05-27 06:00:00",39.000000000
"2023-05-27 07:00:00",30.000000000
"2023-05-27 08:00:00",33.000000000
"2023-05-27 09:00:00",49.000000000
"2023-05-27 10:00:00",101.000000000
"2023-05-27 11:00:00",181.000000000
"2023-05-27 12:00:00",243.000000000
"2023-05-27 13:00:00",225.000000000
"2023-05-27 14:00:00",221.000000000
"2023-05-27 15:00:00",164.000000000
"2023-05-27 16:00:00",262.000000000
"2023-05-27 17:00:00",215.000000000
"2023-05-27 18:00:00",251.000000000
"2023-05-27 19:00:00",183.000000000
"2023-05-27 20:00:00",91.000000000
"2023-05-27 21:00:00",62.000000000
"2023-05-27 22:00:00",29.000000000
"2023-05-27 23:00:00",33.000000000
"2023-05-28 00:00:00",32.000000000
"2023-05-28 01:00:00",38.000000000
"2023-05-28 02:00:00",62.000000000
"2023-05-28 03:00:00",63.000000000
"2023-05-28 04:00:00",22.000000000
"2023-05-28 05:00:00",29.000000000
"2023-05-28 06:00:00",29.000000000
"2023-05-28 07:00:00",29.000000000
"2023-05-28 08:00:00",29.000000000
"2023-05-28 09:00:00",29.000000000
"2023-05-28 10:00:00",30.000000000
"2023-05-28 11:00:00",30.000000000
"2023-05-28 12:00:00",29.000000000
"2023-05-28 13:00:00",253.000000000
"2023-05-28 14:00:00",236.000000000
"2023-05-28 15:00:00",222.000000000
"2023-05-28 16:00:00",230.000000000
"2023-05-28 17:00:00",137.000000000
"2023-05-28 18:00:00",164.000000000
"2023-05-28 19:00:00",123.000000000
"2023-05-28 20:00:00",85.000000000
"2023-05-28 21:00:00",43.000000000
"2023-05-28 22:00:00",110.000000000
"2023-05-28 23:00:00",51.000000000
"2023-05-29 00:00:00",54.000000000
"2023-05-29 01:00:00",35.000000000
"2023-05-29 02:00:00",53.000000000
"2023-05-29 03:00:00",32.000000000
"2023-05-29 04:00:00",44.000000000
"2023-05-29 05:00:00",88.000000000
"2023-05-29 06:00:00",31.000000000
"2023-05-29 07:00:00",38.000000000
"2023-05-29 08:00:00",52.000000000
"2023-05-29 09:00:00",57.000000000
"2023-05-29 10:00:00",51.000000000
"2023-05-29 11:00:00",74.000000000
"2023-05-29 12:00:00",306.000000000
"2023-05-29 13:00:00",486.000000000
"2023-05-29 14:00:00",726.000000000
"2023-05-29 15:00:00",544.000000000
"2023-05-29 16:00:00",428.000000000
"2023-05-29 17:00:00",359.000000000
"2023-05-29 18:00:00",416.000000000
"2023-05-29 19:00:00",173.000000000
"2023-05-29 20:00:00",33.000000000
"2023-05-29 21:00:00",36.000000000
"2023-05-29 22:00:00",40.000000000
"2023-05-29 23:00:00",78.000000000
"2023-05-30 00:00:00",127.000000000
"2023-05-30 01:00:00",142.000000000
"2023-05-30 02:00:00",108.000000000
"2023-05-30 03:00:00",60.000000000
"2023-05-30 04:00:00",31.000000000
"2023-05-30 05:00:00",46.000000000
"2023-05-30 06:00:00",35.000000000
"2023-05-30 07:00:00",114.000000000
"2023-05-30 08:00:00",345.000000000
"2023-05-30 09:00:00",247.000000000
"2023-05-30 10:00:00",374.000000000
"2023-05-30 11:00:00",575.000000000
"2023-05-30 12:00:00",724.000000000
"2023-05-30 13:00:00",961.000000000
"2023-05-30 14:00:00",706.000000000
"2023-05-30 15:00:00",508.000000000
"2023-05-30 16:00:00",400.000000000
"2023-05-30 17:00:00",313.000000000
"2023-05-30 18:00:00",464.000000000
"2023-05-30 19:00:00",429.000000000
"2023-05-30 20:00:00",86.000000000
"2023-05-30 21:00:00",40.000000000
"2023-05-30 22:00:00",31.000000000
"2023-05-30 23:00:00",36.000000000
"2023-05-31 00:00:00",36.000000000
