"2023-08-30 01:00:00",8.000000000
"2023-08-30 02:00:00",9.000000000
"2023-08-30 03:00:00",8.000000000
"2023-08-30 04:00:00",9.000000000
"2023-08-30 05:00:00",9.000000000
"2023-08-30 06:00:00",14.000000000
"2023-08-30 07:00:00",56.000000000
"2023-08-30 08:00:00",723.000000000
"2023-08-30 09:00:00",1987.000000000
"2023-08-30 10:00:00",3552.000000000
"2023-08-30 11:00:00",4663.000000000
"2023-08-30 12:00:00",8721.000000000
"2023-08-30 13:00:00",8957.000000000
"2023-08-30 14:00:00",8878.000000000
"2023-08-30 15:00:00",8593.000000000
"2023-08-30 16:00:00",7742.000000000
"2023-08-30 17:00:00",6129.000000000
"2023-08-30 18:00:00",3881.000000000
"2023-08-30 19:00:00",1498.000000000
"2023-08-30 20:00:00",176.000000000
"2023-08-30 21:00:00",9.000000000
"2023-08-30 22:00:00",13.000000000
"2023-08-30 23:00:00",12.000000000
"2023-08-31 00:00:00",11.000000000
"2023-08-31 01:00:00",8.000000000
"2023-08-31 02:00:00",8.000000000
"2023-08-31 03:00:00",8.000000000
"2023-08-31 04:00:00",9.000000000
"2023-08-31 05:00:00",8.000000000
"2023-08-31 06:00:00",8.000000000
"2023-08-31 07:00:00",39.000000000
"2023-08-31 08:00:00",677.000000000
"2023-08-31 09:00:00",2721.000000000
"2023-08-31 10:00:00",5658.000000000
"2023-08-31 11:00:00",7681.000000000
"2023-08-31 12:00:00",8719.000000000
"2023-08-31 13:00:00",9014.000000000
"2023-08-31 14:00:00",9088.000000000
"2023-08-31 15:00:00",8554.000000000
"2023-08-31 16:00:00",7476.000000000
"2023-08-31 17:00:00",6363.000000000
"2023-08-31 18:00:00",2148.000000000
"2023-08-31 19:00:00",1120.000000000
"2023-08-31 20:00:00",339.000000000
"2023-08-31 21:00:00",9.000000000
"2023-08-31 22:00:00",9.000000000
"2023-08-31 23:00:00",10.000000000
"2023-09-01 00:00:00",12.000000000
"2023-09-01 01:00:00",9.000000000
"2023-09-01 02:00:00",8.000000000
"2023-09-01 03:00:00",9.000000000
"2023-09-01 04:00:00",8.000000000
"2023-09-01 05:00:00",9.000000000
"2023-09-01 06:00:00",8.000000000
"2023-09-01 07:00:00",25.000000000
"2023-09-01 08:00:00",650.000000000
"2023-09-01 09:00:00",2193.000000000
"2023-09-01 10:00:00",4908.000000000
"2023-09-01 11:00:00",7058.000000000
"2023-09-01 12:00:00",8157.000000000
"2023-09-01 13:00:00",8538.000000000
"2023-09-01 14:00:00",8587.000000000
"2023-09-01 15:00:00",8215.000000000
"2023-09-01 16:00:00",7336.000000000
"2023-09-01 17:00:00",5730.000000000
"2023-09-01 18:00:00",3340.000000000
"2023-09-01 19:00:00",1162.000000000
"2023-09-01 20:00:00",258.000000000
"2023-09-01 21:00:00",9.000000000
"2023-09-01 22:00:00",9.000000000
"2023-09-01 23:00:00",9.000000000
"2023-09-02 00:00:00",9.000000000
"2023-09-02 01:00:00",9.000000000
"2023-09-02 02:00:00",8.000000000
"2023-09-02 03:00:00",9.000000000
"2023-09-02 04:00:00",8.000000000
"2023-09-02 05:00:00",9.000000000
"2023-09-02 06:00:00",8.000000000
"2023-09-02 07:00:00",10.000000000
"2023-09-02 08:00:00",554.000000000
"2023-09-02 09:00:00",2379.000000000
"2023-09-02 10:00:00",5074.000000000
"2023-09-02 11:00:00",6414.000000000
"2023-09-02 12:00:00",7284.000000000
"2023-09-02 13:00:00",8455.000000000
"2023-09-02 14:00:00",8041.000000000
"2023-09-02 15:00:00",3436.000000000
"2023-09-02 16:00:00",1802.000000000
"2023-09-02 17:00:00",4624.000000000
"2023-09-02 18:00:00",1525.000000000
"2023-09-02 19:00:00",644.000000000
"2023-09-02 20:00:00",86.000000000
"2023-09-02 21:00:00",9.000000000
"2023-09-02 22:00:00",8.000000000
"2023-09-02 23:00:00",9.000000000
"2023-09-03 00:00:00",9.000000000
"2023-09-03 01:00:00",9.000000000
"2023-09-03 02:00:00",10.000000000
"2023-09-03 03:00:00",9.000000000
"2023-09-03 04:00:00",10.000000000
"2023-09-03 05:00:00",8.000000000
"2023-09-03 06:00:00",9.000000000
"2023-09-03 07:00:00",21.000000000
"2023-09-03 08:00:00",534.000000000
"2023-09-03 09:00:00",1290.000000000
"2023-09-03 10:00:00",3673.000000000
"2023-09-03 11:00:00",5841.000000000
"2023-09-03 12:00:00",5543.000000000
"2023-09-03 13:00:00",8311.000000000
"2023-09-03 14:00:00",8251.000000000
"2023-09-03 15:00:00",7916.000000000
"2023-09-03 16:00:00",7177.000000000
"2023-09-03 17:00:00",5649.000000000
"2023-09-03 18:00:00",3524.000000000
"2023-09-03 19:00:00",1250.000000000
"2023-09-03 20:00:00",116.000000000
"2023-09-03 21:00:00",8.000000000
"2023-09-03 22:00:00",9.000000000
"2023-09-03 23:00:00",8.000000000
"2023-09-04 00:00:00",9.000000000
"2023-09-04 01:00:00",8.000000000
"2023-09-04 02:00:00",9.000000000
"2023-09-04 03:00:00",8.000000000
"2023-09-04 04:00:00",9.000000000
"2023-09-04 05:00:00",8.000000000
"2023-09-04 06:00:00",8.000000000
"2023-09-04 07:00:00",41.000000000
"2023-09-04 08:00:00",725.000000000
"2023-09-04 09:00:00",2343.000000000
"2023-09-04 10:00:00",5172.000000000
"2023-09-04 11:00:00",7079.000000000
"2023-09-04 12:00:00",8084.000000000
"2023-09-04 13:00:00",8537.000000000
"2023-09-04 14:00:00",8609.000000000
"2023-09-04 15:00:00",8166.000000000
"2023-09-04 16:00:00",7349.000000000
"2023-09-04 17:00:00",5788.000000000
"2023-09-04 18:00:00",3594.000000000
"2023-09-04 19:00:00",1249.000000000
"2023-09-04 20:00:00",106.000000000
"2023-09-04 21:00:00",8.000000000
"2023-09-04 22:00:00",8.000000000
"2023-09-04 23:00:00",9.000000000
"2023-09-05 00:00:00",8.000000000
"2023-09-05 01:00:00",9.000000000
"2023-09-05 02:00:00",8.000000000
"2023-09-05 03:00:00",9.000000000
"2023-09-05 04:00:00",8.000000000
"2023-09-05 05:00:00",9.000000000
"2023-09-05 06:00:00",8.000000000
"2023-09-05 07:00:00",23.000000000
"2023-09-05 08:00:00",179.000000000
"2023-09-05 09:00:00",913.000000000
"2023-09-05 10:00:00",3830.000000000
"2023-09-05 11:00:00",5296.000000000
"2023-09-05 12:00:00",7881.000000000
"2023-09-05 13:00:00",7877.000000000
"2023-09-05 14:00:00",7145.000000000
"2023-09-05 15:00:00",5745.000000000
"2023-09-05 16:00:00",4555.000000000
"2023-09-05 17:00:00",2276.000000000
"2023-09-05 18:00:00",1499.000000000
"2023-09-05 19:00:00",1180.000000000
"2023-09-05 20:00:00",120.000000000
"2023-09-05 21:00:00",8.000000000
"2023-09-05 22:00:00",8.000000000
"2023-09-05 23:00:00",9.000000000
"2023-09-06 00:00:00",8.000000000
"2023-09-06 01:00:00",9.000000000
"2023-09-06 02:00:00",8.000000000
"2023-09-06 03:00:00",9.000000000
"2023-09-06 04:00:00",8.000000000
"2023-09-06 05:00:00",9.000000000
"2023-09-06 06:00:00",8.000000000
"2023-09-06 07:00:00",8.000000000
"2023-09-06 08:00:00",111.000000000
"2023-09-06 09:00:00",396.000000000
"2023-09-06 10:00:00",738.000000000
"2023-09-06 11:00:00",1441.000000000
"2023-09-06 12:00:00",1014.000000000
"2023-09-06 13:00:00",1604.000000000
"2023-09-06 14:00:00",2598.000000000
"2023-09-06 15:00:00",1844.000000000
"2023-09-06 16:00:00",1049.000000000
"2023-09-06 17:00:00",945.000000000
"2023-09-06 18:00:00",718.000000000
"2023-09-06 19:00:00",250.000000000
"2023-09-06 20:00:00",44.000000000
"2023-09-06 21:00:00",8.000000000
"2023-09-06 22:00:00",9.000000000
"2023-09-06 23:00:00",9.000000000
"2023-09-07 00:00:00",10.000000000
"2023-09-07 01:00:00",9.000000000
"2023-09-07 02:00:00",8.000000000
"2023-09-07 03:00:00",9.000000000
"2023-09-07 04:00:00",8.000000000
"2023-09-07 05:00:00",9.000000000
"2023-09-07 06:00:00",8.000000000
"2023-09-07 07:00:00",12.000000000
"2023-09-07 08:00:00",250.000000000
"2023-09-07 09:00:00",849.000000000
"2023-09-07 10:00:00",1266.000000000
"2023-09-07 11:00:00",1497.000000000
"2023-09-07 12:00:00",3901.000000000
"2023-09-07 13:00:00",1850.000000000
"2023-09-07 14:00:00",1787.000000000
"2023-09-07 15:00:00",1579.000000000
"2023-09-07 16:00:00",1631.000000000
"2023-09-07 17:00:00",1808.000000000
"2023-09-07 18:00:00",1313.000000000
"2023-09-07 19:00:00",648.000000000
"2023-09-07 20:00:00",55.000000000
"2023-09-07 21:00:00",9.000000000
"2023-09-07 22:00:00",8.000000000
"2023-09-07 23:00:00",9.000000000
"2023-09-08 00:00:00",10.000000000
"2023-09-08 01:00:00",8.000000000
"2023-09-08 02:00:00",9.000000000
"2023-09-08 03:00:00",8.000000000
"2023-09-08 04:00:00",9.000000000
"2023-09-08 05:00:00",9.000000000
"2023-09-08 06:00:00",8.000000000
"2023-09-08 07:00:00",21.000000000
"2023-09-08 08:00:00",527.000000000
"2023-09-08 09:00:00",2388.000000000
"2023-09-08 10:00:00",5475.000000000
"2023-09-08 11:00:00",7401.000000000
"2023-09-08 12:00:00",8325.000000000
"2023-09-08 13:00:00",8585.000000000
"2023-09-08 14:00:00",8493.000000000
"2023-09-08 15:00:00",8115.000000000
"2023-09-08 16:00:00",7259.000000000
"2023-09-08 17:00:00",5584.000000000
"2023-09-08 18:00:00",3247.000000000
"2023-09-08 19:00:00",1062.000000000
"2023-09-08 20:00:00",85.000000000
"2023-09-08 21:00:00",8.000000000
"2023-09-08 22:00:00",10.000000000
"2023-09-08 23:00:00",9.000000000
"2023-09-09 00:00:00",10.000000000
"2023-09-09 01:00:00",9.000000000
"2023-09-09 02:00:00",8.000000000
"2023-09-09 03:00:00",9.000000000
"2023-09-09 04:00:00",8.000000000
"2023-09-09 05:00:00",12.000000000
"2023-09-09 06:00:00",9.000000000
"2023-09-09 07:00:00",17.000000000
"2023-09-09 08:00:00",599.000000000
"2023-09-09 09:00:00",2551.000000000
"2023-09-09 10:00:00",4251.000000000
"2023-09-09 11:00:00",4902.000000000
"2023-09-09 12:00:00",3790.000000000
"2023-09-09 13:00:00",5493.000000000
"2023-09-09 14:00:00",5231.000000000
"2023-09-09 15:00:00",3760.000000000
"2023-09-09 16:00:00",914.000000000
"2023-09-09 17:00:00",1485.000000000
"2023-09-09 18:00:00",666.000000000
"2023-09-09 19:00:00",445.000000000
"2023-09-09 20:00:00",10.000000000
"2023-09-09 21:00:00",8.000000000
"2023-09-09 22:00:00",10.000000000
"2023-09-09 23:00:00",11.000000000
"2023-09-10 00:00:00",9.000000000
"2023-09-10 01:00:00",9.000000000
"2023-09-10 02:00:00",8.000000000
"2023-09-10 03:00:00",9.000000000
"2023-09-10 04:00:00",8.000000000
"2023-09-10 05:00:00",9.000000000
"2023-09-10 06:00:00",8.000000000
"2023-09-10 07:00:00",16.000000000
"2023-09-10 08:00:00",473.000000000
"2023-09-10 09:00:00",2142.000000000
"2023-09-10 10:00:00",4794.000000000
"2023-09-10 11:00:00",5031.000000000
"2023-09-10 12:00:00",4071.000000000
"2023-09-10 13:00:00",6531.000000000
"2023-09-10 14:00:00",6028.000000000
"2023-09-10 15:00:00",6522.000000000
"2023-09-10 16:00:00",4056.000000000
"2023-09-10 17:00:00",3409.000000000
"2023-09-10 18:00:00",1751.000000000
"2023-09-10 19:00:00",613.000000000
"2023-09-10 20:00:00",56.000000000
"2023-09-10 21:00:00",9.000000000
"2023-09-10 22:00:00",8.000000000
"2023-09-10 23:00:00",9.000000000
"2023-09-11 00:00:00",8.000000000
"2023-09-11 01:00:00",9.000000000
"2023-09-11 02:00:00",9.000000000
"2023-09-11 03:00:00",8.000000000
"2023-09-11 04:00:00",10.000000000
"2023-09-11 05:00:00",9.000000000
"2023-09-11 06:00:00",8.000000000
"2023-09-11 07:00:00",25.000000000
"2023-09-11 08:00:00",425.000000000
"2023-09-11 09:00:00",1986.000000000
"2023-09-11 10:00:00",4989.000000000
"2023-09-11 11:00:00",6342.000000000
"2023-09-11 12:00:00",8008.000000000
"2023-09-11 13:00:00",8740.000000000
"2023-09-11 14:00:00",7437.000000000
"2023-09-11 15:00:00",5758.000000000
"2023-09-11 16:00:00",6441.000000000
"2023-09-11 17:00:00",3391.000000000
"2023-09-11 18:00:00",2312.000000000
"2023-09-11 19:00:00",923.000000000
"2023-09-11 20:00:00",31.000000000
"2023-09-11 21:00:00",15.000000000
"2023-09-11 22:00:00",15.000000000
"2023-09-11 23:00:00",16.000000000
"2023-09-12 00:00:00",14.000000000
"2023-09-12 01:00:00",8.000000000
"2023-09-12 02:00:00",9.000000000
"2023-09-12 03:00:00",9.000000000
"2023-09-12 04:00:00",8.000000000
"2023-09-12 05:00:00",9.000000000
"2023-09-12 06:00:00",8.000000000
"2023-09-12 07:00:00",9.000000000
"2023-09-12 08:00:00",297.000000000
"2023-09-12 09:00:00",1029.000000000
"2023-09-12 10:00:00",2567.000000000
"2023-09-12 11:00:00",3404.000000000
"2023-09-12 12:00:00",3889.000000000
"2023-09-12 13:00:00",4563.000000000
"2023-09-12 14:00:00",6373.000000000
"2023-09-12 15:00:00",5844.000000000
"2023-09-12 16:00:00",6984.000000000
"2023-09-12 17:00:00",4611.000000000
"2023-09-12 18:00:00",2879.000000000
"2023-09-12 19:00:00",1352.000000000
"2023-09-12 20:00:00",61.000000000
"2023-09-12 21:00:00",10.000000000
"2023-09-12 22:00:00",11.000000000
"2023-09-12 23:00:00",12.000000000
"2023-09-13 00:00:00",11.000000000
"2023-09-13 01:00:00",9.000000000
"2023-09-13 02:00:00",8.000000000
"2023-09-13 03:00:00",9.000000000
"2023-09-13 04:00:00",8.000000000
"2023-09-13 05:00:00",9.000000000
"2023-09-13 06:00:00",9.000000000
"2023-09-13 07:00:00",13.000000000
"2023-09-13 08:00:00",418.000000000
"2023-09-13 09:00:00",2273.000000000
"2023-09-13 10:00:00",5951.000000000
"2023-09-13 11:00:00",7967.000000000
"2023-09-13 12:00:00",8892.000000000
"2023-09-13 13:00:00",9282.000000000
"2023-09-13 14:00:00",9281.000000000
"2023-09-13 15:00:00",8792.000000000
"2023-09-13 16:00:00",7581.000000000
"2023-09-13 17:00:00",5858.000000000
"2023-09-13 18:00:00",3701.000000000
"2023-09-13 19:00:00",1152.000000000
"2023-09-13 20:00:00",44.000000000
"2023-09-13 21:00:00",10.000000000
"2023-09-13 22:00:00",10.000000000
"2023-09-13 23:00:00",11.000000000
"2023-09-14 00:00:00",9.000000000
"2023-09-14 01:00:00",9.000000000
"2023-09-14 02:00:00",9.000000000
"2023-09-14 03:00:00",8.000000000
"2023-09-14 04:00:00",9.000000000
"2023-09-14 05:00:00",9.000000000
"2023-09-14 06:00:00",8.000000000
"2023-09-14 07:00:00",15.000000000
"2023-09-14 08:00:00",416.000000000
"2023-09-14 09:00:00",2104.000000000
"2023-09-14 10:00:00",5403.000000000
"2023-09-14 11:00:00",7284.000000000
"2023-09-14 12:00:00",7977.000000000
"2023-09-14 13:00:00",8676.000000000
"2023-09-14 14:00:00",7838.000000000
"2023-09-14 15:00:00",6864.000000000
"2023-09-14 16:00:00",5741.000000000
"2023-09-14 17:00:00",4063.000000000
"2023-09-14 18:00:00",2806.000000000
"2023-09-14 19:00:00",701.000000000
"2023-09-14 20:00:00",26.000000000
"2023-09-14 21:00:00",12.000000000
"2023-09-14 22:00:00",10.000000000
"2023-09-14 23:00:00",10.000000000
"2023-09-15 00:00:00",9.000000000
"2023-09-15 01:00:00",8.000000000
"2023-09-15 02:00:00",9.000000000
"2023-09-15 03:00:00",9.000000000
"2023-09-15 04:00:00",8.000000000
"2023-09-15 05:00:00",9.000000000
"2023-09-15 06:00:00",8.000000000
"2023-09-15 07:00:00",9.000000000
"2023-09-15 08:00:00",135.000000000
"2023-09-15 09:00:00",325.000000000
"2023-09-15 10:00:00",230.000000000
"2023-09-15 11:00:00",593.000000000
"2023-09-15 12:00:00",1815.000000000
"2023-09-15 13:00:00",2076.000000000
"2023-09-15 14:00:00",935.000000000
"2023-09-15 15:00:00",1205.000000000
"2023-09-15 16:00:00",2047.000000000
"2023-09-15 17:00:00",3868.000000000
"2023-09-15 18:00:00",3416.000000000
"2023-09-15 19:00:00",1044.000000000
"2023-09-15 20:00:00",33.000000000
"2023-09-15 21:00:00",9.000000000
"2023-09-15 22:00:00",9.000000000
"2023-09-15 23:00:00",10.000000000
"2023-09-16 00:00:00",9.000000000
"2023-09-16 01:00:00",8.000000000
"2023-09-16 02:00:00",9.000000000
"2023-09-16 03:00:00",9.000000000
"2023-09-16 04:00:00",8.000000000
"2023-09-16 05:00:00",9.000000000
"2023-09-16 06:00:00",8.000000000
"2023-09-16 07:00:00",11.000000000
"2023-09-16 08:00:00",397.000000000
"2023-09-16 09:00:00",2006.000000000
"2023-09-16 10:00:00",4327.000000000
"2023-09-16 11:00:00",6854.000000000
"2023-09-16 12:00:00",7809.000000000
"2023-09-16 13:00:00",8222.000000000
"2023-09-16 14:00:00",5327.000000000
"2023-09-16 15:00:00",5090.000000000
"2023-09-16 16:00:00",1692.000000000
"2023-09-16 17:00:00",1143.000000000
"2023-09-16 18:00:00",1961.000000000
"2023-09-16 19:00:00",725.000000000
"2023-09-16 20:00:00",27.000000000
"2023-09-16 21:00:00",8.000000000
"2023-09-16 22:00:00",9.000000000
"2023-09-16 23:00:00",8.000000000
"2023-09-17 00:00:00",9.000000000
"2023-09-17 01:00:00",8.000000000
"2023-09-17 02:00:00",9.000000000
"2023-09-17 03:00:00",9.000000000
"2023-09-17 04:00:00",8.000000000
"2023-09-17 05:00:00",9.000000000
"2023-09-17 06:00:00",8.000000000
"2023-09-17 07:00:00",10.000000000
"2023-09-17 08:00:00",325.000000000
"2023-09-17 09:00:00",1321.000000000
"2023-09-17 10:00:00",3616.000000000
"2023-09-17 11:00:00",7392.000000000
"2023-09-17 12:00:00",8307.000000000
"2023-09-17 13:00:00",7167.000000000
"2023-09-17 14:00:00",5429.000000000
"2023-09-17 15:00:00",7989.000000000
"2023-09-17 16:00:00",5972.000000000
"2023-09-17 17:00:00",4336.000000000
"2023-09-17 18:00:00",2537.000000000
"2023-09-17 19:00:00",852.000000000
"2023-09-17 20:00:00",21.000000000
"2023-09-17 21:00:00",8.000000000
"2023-09-17 22:00:00",8.000000000
"2023-09-17 23:00:00",9.000000000
"2023-09-18 00:00:00",9.000000000
"2023-09-18 01:00:00",11.000000000
"2023-09-18 02:00:00",10.000000000
"2023-09-18 03:00:00",10.000000000
"2023-09-18 04:00:00",9.000000000
"2023-09-18 05:00:00",9.000000000
"2023-09-18 06:00:00",12.000000000
"2023-09-18 07:00:00",12.000000000
"2023-09-18 08:00:00",314.000000000
"2023-09-18 09:00:00",1944.000000000
"2023-09-18 10:00:00",5462.000000000
"2023-09-18 11:00:00",7453.000000000
"2023-09-18 12:00:00",8392.000000000
"2023-09-18 13:00:00",8681.000000000
"2023-09-18 14:00:00",8404.000000000
"2023-09-18 15:00:00",6865.000000000
"2023-09-18 16:00:00",4390.000000000
"2023-09-18 17:00:00",2588.000000000
"2023-09-18 18:00:00",1267.000000000
"2023-09-18 19:00:00",203.000000000
"2023-09-18 20:00:00",13.000000000
"2023-09-18 21:00:00",9.000000000
"2023-09-18 22:00:00",9.000000000
"2023-09-18 23:00:00",13.000000000
"2023-09-19 00:00:00",10.000000000
"2023-09-19 01:00:00",8.000000000
"2023-09-19 02:00:00",9.000000000
"2023-09-19 03:00:00",8.000000000
"2023-09-19 04:00:00",9.000000000
"2023-09-19 05:00:00",8.000000000
"2023-09-19 06:00:00",9.000000000
"2023-09-19 07:00:00",10.000000000
"2023-09-19 08:00:00",238.000000000
"2023-09-19 09:00:00",1553.000000000
"2023-09-19 10:00:00",2714.000000000
"2023-09-19 11:00:00",4367.000000000
"2023-09-19 12:00:00",7534.000000000
"2023-09-19 13:00:00",6478.000000000
"2023-09-19 14:00:00",8621.000000000
"2023-09-19 15:00:00",8060.000000000
"2023-09-19 16:00:00",7168.000000000
"2023-09-19 17:00:00",5386.000000000
"2023-09-19 18:00:00",2910.000000000
"2023-09-19 19:00:00",719.000000000
"2023-09-19 20:00:00",24.000000000
"2023-09-19 21:00:00",13.000000000
"2023-09-19 22:00:00",14.000000000
"2023-09-19 23:00:00",15.000000000
"2023-09-20 00:00:00",14.000000000
"2023-09-20 01:00:00",8.000000000
"2023-09-20 02:00:00",9.000000000
"2023-09-20 03:00:00",8.000000000
"2023-09-20 04:00:00",9.000000000
"2023-09-20 05:00:00",8.000000000
"2023-09-20 06:00:00",8.000000000
"2023-09-20 07:00:00",9.000000000
"2023-09-20 08:00:00",285.000000000
"2023-09-20 09:00:00",1775.000000000
"2023-09-20 10:00:00",4894.000000000
"2023-09-20 11:00:00",6912.000000000
"2023-09-20 12:00:00",7617.000000000
"2023-09-20 13:00:00",8183.000000000
"2023-09-20 14:00:00",8355.000000000
"2023-09-20 15:00:00",7930.000000000
"2023-09-20 16:00:00",6919.000000000
"2023-09-20 17:00:00",5149.000000000
"2023-09-20 18:00:00",2813.000000000
"2023-09-20 19:00:00",658.000000000
"2023-09-20 20:00:00",22.000000000
"2023-09-20 21:00:00",16.000000000
"2023-09-20 22:00:00",16.000000000
"2023-09-20 23:00:00",14.000000000
"2023-09-21 00:00:00",14.000000000
"2023-09-21 01:00:00",8.000000000
"2023-09-21 02:00:00",9.000000000
"2023-09-21 03:00:00",8.000000000
"2023-09-21 04:00:00",9.000000000
"2023-09-21 05:00:00",8.000000000
"2023-09-21 06:00:00",8.000000000
"2023-09-21 07:00:00",13.000000000
"2023-09-21 08:00:00",377.000000000
"2023-09-21 09:00:00",1804.000000000
"2023-09-21 10:00:00",4855.000000000
"2023-09-21 11:00:00",6892.000000000
"2023-09-21 12:00:00",7903.000000000
"2023-09-21 13:00:00",7566.000000000
"2023-09-21 14:00:00",5866.000000000
"2023-09-21 15:00:00",7265.000000000
"2023-09-21 16:00:00",5083.000000000
"2023-09-21 17:00:00",2489.000000000
"2023-09-21 18:00:00",1889.000000000
"2023-09-21 19:00:00",412.000000000
"2023-09-21 20:00:00",13.000000000
"2023-09-21 21:00:00",9.000000000
"2023-09-21 22:00:00",10.000000000
"2023-09-21 23:00:00",9.000000000
"2023-09-22 00:00:00",10.000000000
"2023-09-22 01:00:00",8.000000000
"2023-09-22 02:00:00",9.000000000
"2023-09-22 03:00:00",8.000000000
"2023-09-22 04:00:00",9.000000000
"2023-09-22 05:00:00",8.000000000
"2023-09-22 06:00:00",12.000000000
"2023-09-22 07:00:00",9.000000000
"2023-09-22 08:00:00",230.000000000
"2023-09-22 09:00:00",720.000000000
"2023-09-22 10:00:00",650.000000000
"2023-09-22 11:00:00",1924.000000000
"2023-09-22 12:00:00",3465.000000000
"2023-09-22 13:00:00",1860.000000000
"2023-09-22 14:00:00",2678.000000000
"2023-09-22 15:00:00",3554.000000000
"2023-09-22 16:00:00",2442.000000000
"2023-09-22 17:00:00",1124.000000000
"2023-09-22 18:00:00",822.000000000
"2023-09-22 19:00:00",261.000000000
"2023-09-22 20:00:00",11.000000000
"2023-09-22 21:00:00",8.000000000
"2023-09-22 22:00:00",9.000000000
"2023-09-22 23:00:00",9.000000000
"2023-09-23 00:00:00",9.000000000
"2023-09-23 01:00:00",8.000000000
"2023-09-23 02:00:00",8.000000000
"2023-09-23 03:00:00",9.000000000
"2023-09-23 04:00:00",8.000000000
"2023-09-23 05:00:00",9.000000000
"2023-09-23 06:00:00",8.000000000
"2023-09-23 07:00:00",9.000000000
"2023-09-23 08:00:00",147.000000000
"2023-09-23 09:00:00",400.000000000
"2023-09-23 10:00:00",1249.000000000
"2023-09-23 11:00:00",2094.000000000
"2023-09-23 12:00:00",4376.000000000
"2023-09-23 13:00:00",3145.000000000
"2023-09-23 14:00:00",3473.000000000
"2023-09-23 15:00:00",3372.000000000
"2023-09-23 16:00:00",2080.000000000
"2023-09-23 17:00:00",407.000000000
"2023-09-23 18:00:00",37.000000000
"2023-09-23 19:00:00",8.000000000
"2023-09-23 20:00:00",9.000000000
"2023-09-23 21:00:00",8.000000000
"2023-09-23 22:00:00",9.000000000
"2023-09-23 23:00:00",8.000000000
"2023-09-24 00:00:00",9.000000000
"2023-09-24 01:00:00",8.000000000
"2023-09-24 02:00:00",8.000000000
"2023-09-24 03:00:00",9.000000000
"2023-09-24 04:00:00",8.000000000
"2023-09-24 05:00:00",9.000000000
"2023-09-24 06:00:00",8.000000000
"2023-09-24 07:00:00",8.000000000
"2023-09-24 08:00:00",26.000000000
"2023-09-24 09:00:00",723.000000000
"2023-09-24 10:00:00",1370.000000000
"2023-09-24 11:00:00",4757.000000000
"2023-09-24 12:00:00",2851.000000000
"2023-09-24 13:00:00",7834.000000000
"2023-09-24 14:00:00",7303.000000000
"2023-09-24 15:00:00",3422.000000000
"2023-09-24 16:00:00",5147.000000000
"2023-09-24 17:00:00",4518.000000000
"2023-09-24 18:00:00",818.000000000
"2023-09-24 19:00:00",94.000000000
"2023-09-24 20:00:00",9.000000000
"2023-09-24 21:00:00",8.000000000
"2023-09-24 22:00:00",8.000000000
"2023-09-24 23:00:00",9.000000000
"2023-09-25 00:00:00",8.000000000
"2023-09-25 01:00:00",9.000000000
"2023-09-25 02:00:00",8.000000000
"2023-09-25 03:00:00",9.000000000
"2023-09-25 04:00:00",8.000000000
"2023-09-25 05:00:00",9.000000000
"2023-09-25 06:00:00",8.000000000
"2023-09-25 07:00:00",8.000000000
"2023-09-25 08:00:00",122.000000000
"2023-09-25 09:00:00",807.000000000
"2023-09-25 10:00:00",1404.000000000
"2023-09-25 11:00:00",1288.000000000
"2023-09-25 12:00:00",1236.000000000
"2023-09-25 13:00:00",461.000000000
"2023-09-25 14:00:00",681.000000000
"2023-09-25 15:00:00",566.000000000
"2023-09-25 16:00:00",369.000000000
"2023-09-25 17:00:00",184.000000000
"2023-09-25 18:00:00",378.000000000
"2023-09-25 19:00:00",329.000000000
"2023-09-25 20:00:00",24.000000000
"2023-09-25 21:00:00",8.000000000
"2023-09-25 22:00:00",9.000000000
"2023-09-25 23:00:00",9.000000000
"2023-09-26 00:00:00",8.000000000
"2023-09-26 01:00:00",9.000000000
"2023-09-26 02:00:00",8.000000000
"2023-09-26 03:00:00",9.000000000
"2023-09-26 04:00:00",8.000000000
"2023-09-26 05:00:00",8.000000000
"2023-09-26 06:00:00",9.000000000
"2023-09-26 07:00:00",11.000000000
"2023-09-26 08:00:00",46.000000000
"2023-09-26 09:00:00",394.000000000
"2023-09-26 10:00:00",657.000000000
"2023-09-26 11:00:00",1206.000000000
"2023-09-26 12:00:00",981.000000000
"2023-09-26 13:00:00",1354.000000000
"2023-09-26 14:00:00",1164.000000000
"2023-09-26 15:00:00",2471.000000000
"2023-09-26 16:00:00",1564.000000000
"2023-09-26 17:00:00",1217.000000000
"2023-09-26 18:00:00",348.000000000
"2023-09-26 19:00:00",133.000000000
"2023-09-26 20:00:00",8.000000000
"2023-09-26 21:00:00",9.000000000
"2023-09-26 22:00:00",8.000000000
"2023-09-26 23:00:00",8.000000000
"2023-09-27 00:00:00",11.000000000
"2023-09-27 01:00:00",8.000000000
"2023-09-27 02:00:00",9.000000000
"2023-09-27 03:00:00",8.000000000
"2023-09-27 04:00:00",8.000000000
"2023-09-27 05:00:00",9.000000000
"2023-09-27 06:00:00",8.000000000
"2023-09-27 07:00:00",13.000000000
"2023-09-27 08:00:00",91.000000000
"2023-09-27 09:00:00",1102.000000000
"2023-09-27 10:00:00",757.000000000
"2023-09-27 11:00:00",1535.000000000
"2023-09-27 12:00:00",6603.000000000
"2023-09-27 13:00:00",3452.000000000
"2023-09-27 14:00:00",3640.000000000
"2023-09-27 15:00:00",4443.000000000
"2023-09-27 16:00:00",4237.000000000
"2023-09-27 17:00:00",1920.000000000
"2023-09-27 18:00:00",1283.000000000
"2023-09-27 19:00:00",219.000000000
"2023-09-27 20:00:00",13.000000000
"2023-09-27 21:00:00",14.000000000
"2023-09-27 22:00:00",14.000000000
"2023-09-27 23:00:00",13.000000000
"2023-09-28 00:00:00",13.000000000
"2023-09-28 01:00:00",9.000000000
"2023-09-28 02:00:00",9.000000000
"2023-09-28 03:00:00",8.000000000
"2023-09-28 04:00:00",9.000000000
"2023-09-28 05:00:00",8.000000000
"2023-09-28 06:00:00",8.000000000
"2023-09-28 07:00:00",11.000000000
"2023-09-28 08:00:00",44.000000000
"2023-09-28 09:00:00",425.000000000
"2023-09-28 10:00:00",1287.000000000
"2023-09-28 11:00:00",2575.000000000
"2023-09-28 12:00:00",3427.000000000
"2023-09-28 13:00:00",2476.000000000
"2023-09-28 14:00:00",4222.000000000
"2023-09-28 15:00:00",3719.000000000
"2023-09-28 16:00:00",4178.000000000
"2023-09-28 17:00:00",2435.000000000
"2023-09-28 18:00:00",2108.000000000
"2023-09-28 19:00:00",417.000000000
"2023-09-28 20:00:00",11.000000000
"2023-09-28 21:00:00",9.000000000
"2023-09-28 22:00:00",12.000000000
"2023-09-28 23:00:00",13.000000000
"2023-09-29 00:00:00",12.000000000
"2023-09-29 01:00:00",8.000000000
"2023-09-29 02:00:00",9.000000000
"2023-09-29 03:00:00",8.000000000
"2023-09-29 04:00:00",9.000000000
"2023-09-29 05:00:00",8.000000000
"2023-09-29 06:00:00",9.000000000
"2023-09-29 07:00:00",12.000000000
"2023-09-29 08:00:00",11.000000000
"2023-09-29 09:00:00",68.000000000
"2023-09-29 10:00:00",120.000000000
"2023-09-29 11:00:00",462.000000000
"2023-09-29 12:00:00",4173.000000000
"2023-09-29 13:00:00",3690.000000000
"2023-09-29 14:00:00",5244.000000000
"2023-09-29 15:00:00",6410.000000000
"2023-09-29 16:00:00",3847.000000000
"2023-09-29 17:00:00",1588.000000000
"2023-09-29 18:00:00",1369.000000000
"2023-09-29 19:00:00",224.000000000
"2023-09-29 20:00:00",9.000000000
"2023-09-29 21:00:00",8.000000000
"2023-09-29 22:00:00",9.000000000
"2023-09-29 23:00:00",9.000000000
"2023-09-30 00:00:00",8.000000000
"2023-09-30 01:00:00",9.000000000
"2023-09-30 02:00:00",8.000000000
"2023-09-30 03:00:00",9.000000000
"2023-09-30 04:00:00",8.000000000
"2023-09-30 05:00:00",9.000000000
"2023-09-30 06:00:00",8.000000000
"2023-09-30 07:00:00",9.000000000
"2023-09-30 08:00:00",141.000000000
"2023-09-30 09:00:00",1446.000000000
"2023-09-30 10:00:00",3924.000000000
"2023-09-30 11:00:00",5807.000000000
"2023-09-30 12:00:00",7249.000000000
"2023-09-30 13:00:00",7624.000000000
"2023-09-30 14:00:00",7406.000000000
"2023-09-30 15:00:00",7213.000000000
"2023-09-30 16:00:00",5868.000000000
"2023-09-30 17:00:00",3461.000000000
"2023-09-30 18:00:00",1183.000000000
"2023-09-30 19:00:00",151.000000000
"2023-09-30 20:00:00",8.000000000
"2023-09-30 21:00:00",8.000000000
"2023-09-30 22:00:00",8.000000000
"2023-09-30 23:00:00",8.000000000
"2023-10-01 00:00:00",8.000000000
"2023-10-01 01:00:00",8.000000000
"2023-10-01 02:00:00",9.000000000
"2023-10-01 03:00:00",8.000000000
"2023-10-01 04:00:00",9.000000000
"2023-10-01 05:00:00",8.000000000
"2023-10-01 06:00:00",8.000000000
"2023-10-01 07:00:00",9.000000000
"2023-10-01 08:00:00",155.000000000
"2023-10-01 09:00:00",1497.000000000
"2023-10-01 10:00:00",4293.000000000
"2023-10-01 11:00:00",6129.000000000
"2023-10-01 12:00:00",7425.000000000
"2023-10-01 13:00:00",7899.000000000
"2023-10-01 14:00:00",7853.000000000
"2023-10-01 15:00:00",7386.000000000
"2023-10-01 16:00:00",6293.000000000
"2023-10-01 17:00:00",4126.000000000
"2023-10-01 18:00:00",1936.000000000
"2023-10-01 19:00:00",163.000000000
"2023-10-01 20:00:00",8.000000000
"2023-10-01 21:00:00",9.000000000
"2023-10-01 22:00:00",9.000000000
"2023-10-01 23:00:00",8.000000000
"2023-10-02 00:00:00",8.000000000
"2023-10-02 01:00:00",9.000000000
"2023-10-02 02:00:00",8.000000000
"2023-10-02 03:00:00",8.000000000
"2023-10-02 04:00:00",9.000000000
"2023-10-02 05:00:00",8.000000000
"2023-10-02 06:00:00",9.000000000
"2023-10-02 07:00:00",11.000000000
"2023-10-02 08:00:00",173.000000000
"2023-10-02 09:00:00",1238.000000000
"2023-10-02 10:00:00",4477.000000000
"2023-10-02 11:00:00",6448.000000000
"2023-10-02 12:00:00",7513.000000000
"2023-10-02 13:00:00",7897.000000000
"2023-10-02 14:00:00",7834.000000000
"2023-10-02 15:00:00",7399.000000000
"2023-10-02 16:00:00",6285.000000000
"2023-10-02 17:00:00",4326.000000000
"2023-10-02 18:00:00",1949.000000000
"2023-10-02 19:00:00",251.000000000
"2023-10-02 20:00:00",9.000000000
"2023-10-02 21:00:00",8.000000000
"2023-10-02 22:00:00",9.000000000
"2023-10-02 23:00:00",9.000000000
"2023-10-03 00:00:00",9.000000000
"2023-10-03 01:00:00",8.000000000
"2023-10-03 02:00:00",8.000000000
"2023-10-03 03:00:00",11.000000000
"2023-10-03 04:00:00",8.000000000
"2023-10-03 05:00:00",8.000000000
"2023-10-03 06:00:00",8.000000000
"2023-10-03 07:00:00",9.000000000
"2023-10-03 08:00:00",139.000000000
"2023-10-03 09:00:00",1345.000000000
"2023-10-03 10:00:00",3175.000000000
"2023-10-03 11:00:00",5294.000000000
"2023-10-03 12:00:00",7365.000000000
"2023-10-03 13:00:00",6897.000000000
"2023-10-03 14:00:00",7780.000000000
"2023-10-03 15:00:00",5323.000000000
"2023-10-03 16:00:00",2812.000000000
"2023-10-03 17:00:00",1497.000000000
"2023-10-03 18:00:00",190.000000000
"2023-10-03 19:00:00",29.000000000
"2023-10-03 20:00:00",14.000000000
"2023-10-03 21:00:00",14.000000000
"2023-10-03 22:00:00",13.000000000
"2023-10-03 23:00:00",13.000000000
"2023-10-04 00:00:00",14.000000000
"2023-10-04 01:00:00",8.000000000
"2023-10-04 02:00:00",9.000000000
"2023-10-04 03:00:00",8.000000000
"2023-10-04 04:00:00",9.000000000
"2023-10-04 05:00:00",8.000000000
"2023-10-04 06:00:00",9.000000000
"2023-10-04 07:00:00",8.000000000
"2023-10-04 08:00:00",58.000000000
"2023-10-04 09:00:00",261.000000000
"2023-10-04 10:00:00",855.000000000
"2023-10-04 11:00:00",1334.000000000
"2023-10-04 12:00:00",2594.000000000
"2023-10-04 13:00:00",2721.000000000
"2023-10-04 14:00:00",2027.000000000
"2023-10-04 15:00:00",1930.000000000
"2023-10-04 16:00:00",1440.000000000
"2023-10-04 17:00:00",1542.000000000
"2023-10-04 18:00:00",508.000000000
"2023-10-04 19:00:00",88.000000000
"2023-10-04 20:00:00",11.000000000
"2023-10-04 21:00:00",12.000000000
"2023-10-04 22:00:00",11.000000000
"2023-10-04 23:00:00",12.000000000
"2023-10-05 00:00:00",13.000000000
"2023-10-05 01:00:00",8.000000000
"2023-10-05 02:00:00",8.000000000
"2023-10-05 03:00:00",8.000000000
"2023-10-05 04:00:00",9.000000000
"2023-10-05 05:00:00",8.000000000
"2023-10-05 06:00:00",8.000000000
"2023-10-05 07:00:00",8.000000000
"2023-10-05 08:00:00",145.000000000
"2023-10-05 09:00:00",1591.000000000
"2023-10-05 10:00:00",4732.000000000
"2023-10-05 11:00:00",7038.000000000
"2023-10-05 12:00:00",8220.000000000
"2023-10-05 13:00:00",4057.000000000
"2023-10-05 14:00:00",7951.000000000
"2023-10-05 15:00:00",3857.000000000
"2023-10-05 16:00:00",2782.000000000
"2023-10-05 17:00:00",3044.000000000
"2023-10-05 18:00:00",1199.000000000
"2023-10-05 19:00:00",40.000000000
"2023-10-05 20:00:00",9.000000000
"2023-10-05 21:00:00",9.000000000
"2023-10-05 22:00:00",8.000000000
"2023-10-05 23:00:00",9.000000000
"2023-10-06 00:00:00",9.000000000
"2023-10-06 01:00:00",8.000000000
"2023-10-06 02:00:00",9.000000000
"2023-10-06 03:00:00",8.000000000
"2023-10-06 04:00:00",9.000000000
"2023-10-06 05:00:00",8.000000000
"2023-10-06 06:00:00",8.000000000
"2023-10-06 07:00:00",10.000000000
"2023-10-06 08:00:00",99.000000000
"2023-10-06 09:00:00",167.000000000
"2023-10-06 10:00:00",445.000000000
"2023-10-06 11:00:00",1179.000000000
"2023-10-06 12:00:00",2841.000000000
"2023-10-06 13:00:00",3843.000000000
"2023-10-06 14:00:00",5534.000000000
"2023-10-06 15:00:00",5813.000000000
"2023-10-06 16:00:00",4846.000000000
"2023-10-06 17:00:00",2225.000000000
"2023-10-06 18:00:00",1820.000000000
"2023-10-06 19:00:00",107.000000000
"2023-10-06 20:00:00",8.000000000
"2023-10-06 21:00:00",8.000000000
"2023-10-06 22:00:00",8.000000000
"2023-10-06 23:00:00",9.000000000
"2023-10-07 00:00:00",8.000000000
"2023-10-07 01:00:00",9.000000000
"2023-10-07 02:00:00",8.000000000
"2023-10-07 03:00:00",9.000000000
"2023-10-07 04:00:00",8.000000000
"2023-10-07 05:00:00",9.000000000
"2023-10-07 06:00:00",8.000000000
"2023-10-07 07:00:00",8.000000000
"2023-10-07 08:00:00",122.000000000
"2023-10-07 09:00:00",670.000000000
"2023-10-07 10:00:00",3984.000000000
"2023-10-07 11:00:00",4581.000000000
"2023-10-07 12:00:00",4939.000000000
"2023-10-07 13:00:00",6057.000000000
"2023-10-07 14:00:00",4971.000000000
"2023-10-07 15:00:00",4506.000000000
"2023-10-07 16:00:00",2692.000000000
"2023-10-07 17:00:00",2504.000000000
"2023-10-07 18:00:00",726.000000000
"2023-10-07 19:00:00",174.000000000
"2023-10-07 20:00:00",8.000000000
"2023-10-07 21:00:00",9.000000000
"2023-10-07 22:00:00",8.000000000
"2023-10-07 23:00:00",8.000000000
"2023-10-08 00:00:00",8.000000000
"2023-10-08 01:00:00",9.000000000
"2023-10-08 02:00:00",8.000000000
"2023-10-08 03:00:00",8.000000000
"2023-10-08 04:00:00",9.000000000
"2023-10-08 05:00:00",8.000000000
"2023-10-08 06:00:00",8.000000000
"2023-10-08 07:00:00",9.000000000
"2023-10-08 08:00:00",74.000000000
"2023-10-08 09:00:00",1248.000000000
"2023-10-08 10:00:00",3672.000000000
"2023-10-08 11:00:00",6999.000000000
"2023-10-08 12:00:00",8003.000000000
"2023-10-08 13:00:00",8527.000000000
"2023-10-08 14:00:00",8544.000000000
"2023-10-08 15:00:00",7905.000000000
"2023-10-08 16:00:00",6409.000000000
"2023-10-08 17:00:00",2223.000000000
"2023-10-08 18:00:00",1134.000000000
"2023-10-08 19:00:00",92.000000000
"2023-10-08 20:00:00",8.000000000
"2023-10-08 21:00:00",8.000000000
"2023-10-08 22:00:00",9.000000000
"2023-10-08 23:00:00",8.000000000
"2023-10-09 00:00:00",9.000000000
"2023-10-09 01:00:00",8.000000000
"2023-10-09 02:00:00",8.000000000
"2023-10-09 03:00:00",9.000000000
"2023-10-09 04:00:00",8.000000000
"2023-10-09 05:00:00",8.000000000
"2023-10-09 06:00:00",12.000000000
"2023-10-09 07:00:00",14.000000000
"2023-10-09 08:00:00",118.000000000
"2023-10-09 09:00:00",1720.000000000
"2023-10-09 10:00:00",4883.000000000
"2023-10-09 11:00:00",7194.000000000
"2023-10-09 12:00:00",8236.000000000
"2023-10-09 13:00:00",8792.000000000
"2023-10-09 14:00:00",8734.000000000
"2023-10-09 15:00:00",8171.000000000
"2023-10-09 16:00:00",6965.000000000
"2023-10-09 17:00:00",4846.000000000
"2023-10-09 18:00:00",2142.000000000
"2023-10-09 19:00:00",189.000000000
"2023-10-09 20:00:00",9.000000000
"2023-10-09 21:00:00",9.000000000
"2023-10-09 22:00:00",10.000000000
"2023-10-09 23:00:00",9.000000000
"2023-10-10 00:00:00",9.000000000
"2023-10-10 01:00:00",8.000000000
"2023-10-10 02:00:00",9.000000000
"2023-10-10 03:00:00",8.000000000
"2023-10-10 04:00:00",9.000000000
"2023-10-10 05:00:00",8.000000000
"2023-10-10 06:00:00",12.000000000
"2023-10-10 07:00:00",8.000000000
"2023-10-10 08:00:00",87.000000000
"2023-10-10 09:00:00",1688.000000000
"2023-10-10 10:00:00",4740.000000000
"2023-10-10 11:00:00",7006.000000000
"2023-10-10 12:00:00",8132.000000000
"2023-10-10 13:00:00",8549.000000000
"2023-10-10 14:00:00",8467.000000000
"2023-10-10 15:00:00",7872.000000000
"2023-10-10 16:00:00",6691.000000000
"2023-10-10 17:00:00",4631.000000000
"2023-10-10 18:00:00",2024.000000000
"2023-10-10 19:00:00",162.000000000
"2023-10-10 20:00:00",8.000000000
"2023-10-10 21:00:00",8.000000000
"2023-10-10 22:00:00",8.000000000
"2023-10-10 23:00:00",8.000000000
"2023-10-11 00:00:00",9.000000000
"2023-10-11 01:00:00",8.000000000
"2023-10-11 02:00:00",8.000000000
"2023-10-11 03:00:00",9.000000000
"2023-10-11 04:00:00",8.000000000
"2023-10-11 05:00:00",8.000000000
"2023-10-11 06:00:00",11.000000000
"2023-10-11 07:00:00",9.000000000
"2023-10-11 08:00:00",79.000000000
"2023-10-11 09:00:00",1628.000000000
"2023-10-11 10:00:00",4661.000000000
"2023-10-11 11:00:00",6827.000000000
"2023-10-11 12:00:00",7849.000000000
"2023-10-11 13:00:00",8280.000000000
"2023-10-11 14:00:00",8202.000000000
"2023-10-11 15:00:00",7678.000000000
"2023-10-11 16:00:00",6491.000000000
"2023-10-11 17:00:00",4412.000000000
"2023-10-11 18:00:00",1866.000000000
"2023-10-11 19:00:00",141.000000000
"2023-10-11 20:00:00",9.000000000
"2023-10-11 21:00:00",8.000000000
"2023-10-11 22:00:00",8.000000000
"2023-10-11 23:00:00",8.000000000
"2023-10-12 00:00:00",8.000000000
"2023-10-12 01:00:00",8.000000000
"2023-10-12 02:00:00",9.000000000
"2023-10-12 03:00:00",8.000000000
"2023-10-12 04:00:00",8.000000000
"2023-10-12 05:00:00",9.000000000
"2023-10-12 06:00:00",8.000000000
"2023-10-12 07:00:00",11.000000000
"2023-10-12 08:00:00",72.000000000
"2023-10-12 09:00:00",810.000000000
"2023-10-12 10:00:00",1997.000000000
"2023-10-12 11:00:00",2810.000000000
"2023-10-12 12:00:00",2785.000000000
"2023-10-12 13:00:00",3248.000000000
"2023-10-12 14:00:00",2835.000000000
"2023-10-12 15:00:00",1234.000000000
"2023-10-12 16:00:00",539.000000000
"2023-10-12 17:00:00",312.000000000
"2023-10-12 18:00:00",95.000000000
"2023-10-12 19:00:00",17.000000000
"2023-10-12 20:00:00",13.000000000
"2023-10-12 21:00:00",13.000000000
"2023-10-12 22:00:00",12.000000000
"2023-10-12 23:00:00",12.000000000
"2023-10-13 00:00:00",11.000000000
"2023-10-13 01:00:00",9.000000000
"2023-10-13 02:00:00",8.000000000
"2023-10-13 03:00:00",9.000000000
"2023-10-13 04:00:00",8.000000000
"2023-10-13 05:00:00",8.000000000
"2023-10-13 06:00:00",9.000000000
"2023-10-13 07:00:00",8.000000000
"2023-10-13 08:00:00",8.000000000
"2023-10-13 09:00:00",17.000000000
"2023-10-13 10:00:00",125.000000000
"2023-10-13 11:00:00",352.000000000
"2023-10-13 12:00:00",316.000000000
"2023-10-13 13:00:00",248.000000000
"2023-10-13 14:00:00",384.000000000
"2023-10-13 15:00:00",474.000000000
"2023-10-13 16:00:00",404.000000000
"2023-10-13 17:00:00",217.000000000
"2023-10-13 18:00:00",59.000000000
"2023-10-13 19:00:00",13.000000000
"2023-10-13 20:00:00",8.000000000
"2023-10-13 21:00:00",8.000000000
"2023-10-13 22:00:00",9.000000000
"2023-10-13 23:00:00",9.000000000
"2023-10-14 00:00:00",9.000000000
"2023-10-14 01:00:00",8.000000000
"2023-10-14 02:00:00",9.000000000
"2023-10-14 03:00:00",8.000000000
"2023-10-14 04:00:00",8.000000000
"2023-10-14 05:00:00",9.000000000
"2023-10-14 06:00:00",8.000000000
"2023-10-14 07:00:00",8.000000000
"2023-10-14 08:00:00",70.000000000
"2023-10-14 09:00:00",1572.000000000
"2023-10-14 10:00:00",4648.000000000
"2023-10-14 11:00:00",3726.000000000
"2023-10-14 12:00:00",1170.000000000
"2023-10-14 13:00:00",2497.000000000
"2023-10-14 14:00:00",3530.000000000
"2023-10-14 15:00:00",2098.000000000
"2023-10-14 16:00:00",3663.000000000
"2023-10-14 17:00:00",1434.000000000
"2023-10-14 18:00:00",477.000000000
"2023-10-14 19:00:00",52.000000000
"2023-10-14 20:00:00",8.000000000
"2023-10-14 21:00:00",9.000000000
"2023-10-14 22:00:00",8.000000000
"2023-10-14 23:00:00",8.000000000
"2023-10-15 00:00:00",9.000000000
"2023-10-15 01:00:00",8.000000000
"2023-10-15 02:00:00",8.000000000
"2023-10-15 03:00:00",9.000000000
"2023-10-15 04:00:00",8.000000000
"2023-10-15 05:00:00",9.000000000
"2023-10-15 06:00:00",8.000000000
"2023-10-15 07:00:00",9.000000000
"2023-10-15 08:00:00",22.000000000
"2023-10-15 09:00:00",283.000000000
"2023-10-15 10:00:00",984.000000000
"2023-10-15 11:00:00",2860.000000000
"2023-10-15 12:00:00",3514.000000000
"2023-10-15 13:00:00",6818.000000000
"2023-10-15 14:00:00",8332.000000000
"2023-10-15 15:00:00",7710.000000000
"2023-10-15 16:00:00",5989.000000000
"2023-10-15 17:00:00",4271.000000000
"2023-10-15 18:00:00",1627.000000000
"2023-10-15 19:00:00",81.000000000
"2023-10-15 20:00:00",8.000000000
"2023-10-15 21:00:00",9.000000000
"2023-10-15 22:00:00",8.000000000
"2023-10-15 23:00:00",8.000000000
"2023-10-16 00:00:00",9.000000000
"2023-10-16 01:00:00",8.000000000
"2023-10-16 02:00:00",9.000000000
"2023-10-16 03:00:00",8.000000000
"2023-10-16 04:00:00",8.000000000
"2023-10-16 05:00:00",9.000000000
"2023-10-16 06:00:00",8.000000000
"2023-10-16 07:00:00",8.000000000
"2023-10-16 08:00:00",72.000000000
"2023-10-16 09:00:00",1803.000000000
"2023-10-16 10:00:00",4443.000000000
"2023-10-16 11:00:00",4872.000000000
"2023-10-16 12:00:00",7693.000000000
"2023-10-16 13:00:00",8178.000000000
"2023-10-16 14:00:00",8087.000000000
"2023-10-16 15:00:00",7499.000000000
"2023-10-16 16:00:00",6217.000000000
"2023-10-16 17:00:00",4134.000000000
"2023-10-16 18:00:00",1389.000000000
"2023-10-16 19:00:00",33.000000000
"2023-10-16 20:00:00",14.000000000
"2023-10-16 21:00:00",14.000000000
"2023-10-16 22:00:00",10.000000000
"2023-10-16 23:00:00",9.000000000
"2023-10-17 00:00:00",9.000000000
"2023-10-17 01:00:00",9.000000000
"2023-10-17 02:00:00",8.000000000
"2023-10-17 03:00:00",9.000000000
"2023-10-17 04:00:00",8.000000000
"2023-10-17 05:00:00",8.000000000
"2023-10-17 06:00:00",9.000000000
"2023-10-17 07:00:00",8.000000000
"2023-10-17 08:00:00",44.000000000
"2023-10-17 09:00:00",1480.000000000
"2023-10-17 10:00:00",4299.000000000
"2023-10-17 11:00:00",6267.000000000
"2023-10-17 12:00:00",7355.000000000
"2023-10-17 13:00:00",7920.000000000
"2023-10-17 14:00:00",7373.000000000
"2023-10-17 15:00:00",6943.000000000
"2023-10-17 16:00:00",5179.000000000
"2023-10-17 17:00:00",3451.000000000
"2023-10-17 18:00:00",1523.000000000
"2023-10-17 19:00:00",37.000000000
"2023-10-17 20:00:00",12.000000000
"2023-10-17 21:00:00",8.000000000
"2023-10-17 22:00:00",12.000000000
"2023-10-17 23:00:00",9.000000000
"2023-10-18 00:00:00",10.000000000
"2023-10-18 01:00:00",9.000000000
"2023-10-18 02:00:00",9.000000000
"2023-10-18 03:00:00",9.000000000
"2023-10-18 04:00:00",9.000000000
"2023-10-18 05:00:00",9.000000000
"2023-10-18 06:00:00",9.000000000
"2023-10-18 07:00:00",9.000000000
"2023-10-18 08:00:00",66.000000000
"2023-10-18 09:00:00",628.000000000
"2023-10-18 10:00:00",1495.000000000
"2023-10-18 11:00:00",2240.000000000
"2023-10-18 12:00:00",1577.000000000
"2023-10-18 13:00:00",6976.000000000
"2023-10-18 14:00:00",6426.000000000
"2023-10-18 15:00:00",900.000000000
"2023-10-18 16:00:00",970.000000000
"2023-10-18 17:00:00",1143.000000000
"2023-10-18 18:00:00",879.000000000
"2023-10-18 19:00:00",41.000000000
"2023-10-18 20:00:00",9.000000000
"2023-10-18 21:00:00",10.000000000
"2023-10-18 22:00:00",9.000000000
"2023-10-18 23:00:00",10.000000000
"2023-10-19 00:00:00",9.000000000
"2023-10-19 01:00:00",9.000000000
"2023-10-19 02:00:00",8.000000000
"2023-10-19 03:00:00",8.000000000
"2023-10-19 04:00:00",9.000000000
"2023-10-19 05:00:00",8.000000000
"2023-10-19 06:00:00",9.000000000
"2023-10-19 07:00:00",12.000000000
"2023-10-19 08:00:00",35.000000000
"2023-10-19 09:00:00",529.000000000
"2023-10-19 10:00:00",470.000000000
"2023-10-19 11:00:00",341.000000000
"2023-10-19 12:00:00",1561.000000000
"2023-10-19 13:00:00",2671.000000000
"2023-10-19 14:00:00",1259.000000000
"2023-10-19 15:00:00",2278.000000000
"2023-10-19 16:00:00",4124.000000000
"2023-10-19 17:00:00",3192.000000000
"2023-10-19 18:00:00",425.000000000
"2023-10-19 19:00:00",14.000000000
"2023-10-19 20:00:00",12.000000000
"2023-10-19 21:00:00",11.000000000
"2023-10-19 22:00:00",10.000000000
"2023-10-19 23:00:00",10.000000000
"2023-10-20 00:00:00",8.000000000
"2023-10-20 01:00:00",9.000000000
"2023-10-20 02:00:00",8.000000000
"2023-10-20 03:00:00",9.000000000
"2023-10-20 04:00:00",8.000000000
"2023-10-20 05:00:00",9.000000000
"2023-10-20 06:00:00",8.000000000
"2023-10-20 07:00:00",9.000000000
"2023-10-20 08:00:00",47.000000000
"2023-10-20 09:00:00",1224.000000000
"2023-10-20 10:00:00",3940.000000000
"2023-10-20 11:00:00",5997.000000000
"2023-10-20 12:00:00",7195.000000000
"2023-10-20 13:00:00",7697.000000000
"2023-10-20 14:00:00",7699.000000000
"2023-10-20 15:00:00",7134.000000000
"2023-10-20 16:00:00",5808.000000000
"2023-10-20 17:00:00",3615.000000000
"2023-10-20 18:00:00",653.000000000
"2023-10-20 19:00:00",28.000000000
"2023-10-20 20:00:00",9.000000000
"2023-10-20 21:00:00",10.000000000
"2023-10-20 22:00:00",10.000000000
"2023-10-20 23:00:00",11.000000000
"2023-10-21 00:00:00",10.000000000
"2023-10-21 01:00:00",8.000000000
"2023-10-21 02:00:00",9.000000000
"2023-10-21 03:00:00",8.000000000
"2023-10-21 04:00:00",9.000000000
"2023-10-21 05:00:00",8.000000000
"2023-10-21 06:00:00",8.000000000
"2023-10-21 07:00:00",9.000000000
"2023-10-21 08:00:00",33.000000000
"2023-10-21 09:00:00",1278.000000000
"2023-10-21 10:00:00",4122.000000000
"2023-10-21 11:00:00",6348.000000000
"2023-10-21 12:00:00",7119.000000000
"2023-10-21 13:00:00",4583.000000000
"2023-10-21 14:00:00",3471.000000000
"2023-10-21 15:00:00",1359.000000000
"2023-10-21 16:00:00",1342.000000000
"2023-10-21 17:00:00",734.000000000
"2023-10-21 18:00:00",400.000000000
"2023-10-21 19:00:00",21.000000000
"2023-10-21 20:00:00",9.000000000
"2023-10-21 21:00:00",8.000000000
"2023-10-21 22:00:00",8.000000000
"2023-10-21 23:00:00",8.000000000
"2023-10-22 00:00:00",9.000000000
"2023-10-22 01:00:00",8.000000000
"2023-10-22 02:00:00",8.000000000
"2023-10-22 03:00:00",9.000000000
"2023-10-22 04:00:00",8.000000000
"2023-10-22 05:00:00",8.000000000
"2023-10-22 06:00:00",9.000000000
"2023-10-22 07:00:00",8.000000000
"2023-10-22 08:00:00",34.000000000
"2023-10-22 09:00:00",1146.000000000
"2023-10-22 10:00:00",3999.000000000
"2023-10-22 11:00:00",6246.000000000
"2023-10-22 12:00:00",7411.000000000
"2023-10-22 13:00:00",7819.000000000
"2023-10-22 14:00:00",5508.000000000
"2023-10-22 15:00:00",5477.000000000
"2023-10-22 16:00:00",3369.000000000
"2023-10-22 17:00:00",2488.000000000
"2023-10-22 18:00:00",1017.000000000
"2023-10-22 19:00:00",13.000000000
"2023-10-22 20:00:00",8.000000000
"2023-10-22 21:00:00",8.000000000
"2023-10-22 22:00:00",9.000000000
"2023-10-22 23:00:00",8.000000000
"2023-10-23 00:00:00",9.000000000
"2023-10-23 01:00:00",8.000000000
"2023-10-23 02:00:00",8.000000000
"2023-10-23 03:00:00",9.000000000
"2023-10-23 04:00:00",8.000000000
"2023-10-23 05:00:00",11.000000000
"2023-10-23 06:00:00",9.000000000
"2023-10-23 07:00:00",8.000000000
"2023-10-23 08:00:00",8.000000000
"2023-10-23 09:00:00",88.000000000
"2023-10-23 10:00:00",501.000000000
"2023-10-23 11:00:00",3759.000000000
"2023-10-23 12:00:00",5907.000000000
"2023-10-23 13:00:00",4929.000000000
"2023-10-23 14:00:00",5167.000000000
"2023-10-23 15:00:00",4585.000000000
"2023-10-23 16:00:00",5197.000000000
"2023-10-23 17:00:00",3172.000000000
"2023-10-23 18:00:00",878.000000000
"2023-10-23 19:00:00",16.000000000
"2023-10-23 20:00:00",9.000000000
"2023-10-23 21:00:00",12.000000000
"2023-10-23 22:00:00",12.000000000
"2023-10-23 23:00:00",12.000000000
"2023-10-24 00:00:00",13.000000000
"2023-10-24 01:00:00",8.000000000
"2023-10-24 02:00:00",9.000000000
"2023-10-24 03:00:00",8.000000000
"2023-10-24 04:00:00",8.000000000
"2023-10-24 05:00:00",9.000000000
"2023-10-24 06:00:00",8.000000000
"2023-10-24 07:00:00",12.000000000
"2023-10-24 08:00:00",13.000000000
"2023-10-24 09:00:00",247.000000000
"2023-10-24 10:00:00",701.000000000
"2023-10-24 11:00:00",1211.000000000
"2023-10-24 12:00:00",95.000000000
"2023-10-24 13:00:00",676.000000000
"2023-10-24 14:00:00",202.000000000
"2023-10-24 15:00:00",49.000000000
"2023-10-24 16:00:00",157.000000000
"2023-10-24 17:00:00",98.000000000
"2023-10-24 18:00:00",22.000000000
"2023-10-24 19:00:00",14.000000000
"2023-10-24 20:00:00",13.000000000
"2023-10-24 21:00:00",14.000000000
"2023-10-24 22:00:00",15.000000000
"2023-10-24 23:00:00",14.000000000
"2023-10-25 00:00:00",14.000000000
"2023-10-25 01:00:00",8.000000000
"2023-10-25 02:00:00",8.000000000
"2023-10-25 03:00:00",8.000000000
"2023-10-25 04:00:00",9.000000000
"2023-10-25 05:00:00",8.000000000
"2023-10-25 06:00:00",8.000000000
"2023-10-25 07:00:00",12.000000000
"2023-10-25 08:00:00",9.000000000
"2023-10-25 09:00:00",107.000000000
"2023-10-25 10:00:00",303.000000000
"2023-10-25 11:00:00",707.000000000
"2023-10-25 12:00:00",1300.000000000
"2023-10-25 13:00:00",1131.000000000
"2023-10-25 14:00:00",1313.000000000
"2023-10-25 15:00:00",1699.000000000
"2023-10-25 16:00:00",893.000000000
"2023-10-25 17:00:00",390.000000000
"2023-10-25 18:00:00",142.000000000
"2023-10-25 19:00:00",14.000000000
"2023-10-25 20:00:00",12.000000000
"2023-10-25 21:00:00",13.000000000
"2023-10-25 22:00:00",14.000000000
"2023-10-25 23:00:00",14.000000000
"2023-10-26 00:00:00",13.000000000
"2023-10-26 01:00:00",9.000000000
"2023-10-26 02:00:00",8.000000000
"2023-10-26 03:00:00",8.000000000
"2023-10-26 04:00:00",9.000000000
"2023-10-26 05:00:00",8.000000000
"2023-10-26 06:00:00",9.000000000
"2023-10-26 07:00:00",10.000000000
"2023-10-26 08:00:00",12.000000000
"2023-10-26 09:00:00",78.000000000
"2023-10-26 10:00:00",286.000000000
"2023-10-26 11:00:00",1126.000000000
"2023-10-26 12:00:00",1458.000000000
"2023-10-26 13:00:00",1144.000000000
"2023-10-26 14:00:00",1224.000000000
"2023-10-26 15:00:00",946.000000000
"2023-10-26 16:00:00",936.000000000
"2023-10-26 17:00:00",239.000000000
"2023-10-26 18:00:00",30.000000000
"2023-10-26 19:00:00",8.000000000
"2023-10-26 20:00:00",9.000000000
"2023-10-26 21:00:00",9.000000000
"2023-10-26 22:00:00",8.000000000
"2023-10-26 23:00:00",9.000000000
"2023-10-27 00:00:00",9.000000000
"2023-10-27 01:00:00",8.000000000
"2023-10-27 02:00:00",8.000000000
"2023-10-27 03:00:00",9.000000000
"2023-10-27 04:00:00",8.000000000
"2023-10-27 05:00:00",8.000000000
"2023-10-27 06:00:00",9.000000000
"2023-10-27 07:00:00",9.000000000
"2023-10-27 08:00:00",15.000000000
"2023-10-27 09:00:00",236.000000000
"2023-10-27 10:00:00",840.000000000
"2023-10-27 11:00:00",810.000000000
"2023-10-27 12:00:00",908.000000000
"2023-10-27 13:00:00",1307.000000000
"2023-10-27 14:00:00",1607.000000000
"2023-10-27 15:00:00",1268.000000000
"2023-10-27 16:00:00",703.000000000
"2023-10-27 17:00:00",369.000000000
"2023-10-27 18:00:00",98.000000000
"2023-10-27 19:00:00",10.000000000
"2023-10-27 20:00:00",10.000000000
"2023-10-27 21:00:00",10.000000000
"2023-10-27 22:00:00",10.000000000
"2023-10-27 23:00:00",11.000000000
"2023-10-28 00:00:00",10.000000000
"2023-10-28 01:00:00",8.000000000
"2023-10-28 02:00:00",9.000000000
"2023-10-28 03:00:00",8.000000000
"2023-10-28 04:00:00",9.000000000
"2023-10-28 05:00:00",8.000000000
"2023-10-28 06:00:00",9.000000000
"2023-10-28 07:00:00",8.000000000
"2023-10-28 08:00:00",11.000000000
"2023-10-28 09:00:00",264.000000000
"2023-10-28 10:00:00",1164.000000000
"2023-10-28 11:00:00",2586.000000000
"2023-10-28 12:00:00",3376.000000000
"2023-10-28 13:00:00",3127.000000000
"2023-10-28 14:00:00",1588.000000000
"2023-10-28 15:00:00",1570.000000000
"2023-10-28 16:00:00",1145.000000000
"2023-10-28 17:00:00",572.000000000
"2023-10-28 18:00:00",187.000000000
"2023-10-28 19:00:00",9.000000000
"2023-10-28 20:00:00",8.000000000
"2023-10-28 21:00:00",8.000000000
"2023-10-28 22:00:00",9.000000000
"2023-10-28 23:00:00",11.000000000
"2023-10-29 00:00:00",8.000000000
"2023-10-29 01:00:00",9.000000000
"2023-10-29 02:00:00",8.000000000
"2023-10-29 03:00:00",8.000000000
"2023-10-29 04:00:00",9.000000000
"2023-10-29 05:00:00",8.000000000
"2023-10-29 06:00:00",8.000000000
"2023-10-29 07:00:00",9.000000000
"2023-10-29 08:00:00",9.000000000
"2023-10-29 09:00:00",608.000000000
"2023-10-29 10:00:00",1729.000000000
"2023-10-29 11:00:00",4868.000000000
"2023-10-29 12:00:00",5541.000000000
"2023-10-29 13:00:00",5632.000000000
"2023-10-29 14:00:00",5896.000000000
"2023-10-29 15:00:00",6116.000000000
"2023-10-29 16:00:00",4986.000000000
"2023-10-29 17:00:00",3072.000000000
"2023-10-29 18:00:00",480.000000000
"2023-10-29 19:00:00",8.000000000
"2023-10-29 20:00:00",8.000000000
"2023-10-29 21:00:00",9.000000000
"2023-10-29 22:00:00",8.000000000
"2023-10-29 23:00:00",8.000000000
"2023-10-30 00:00:00",9.000000000
"2023-10-30 01:00:00",8.000000000
"2023-10-30 02:00:00",8.000000000
"2023-10-30 03:00:00",9.000000000
"2023-10-30 04:00:00",8.000000000
"2023-10-30 05:00:00",9.000000000
"2023-10-30 06:00:00",8.000000000
"2023-10-30 07:00:00",12.000000000
"2023-10-30 08:00:00",16.000000000
"2023-10-30 09:00:00",953.000000000
"2023-10-30 10:00:00",3652.000000000
"2023-10-30 11:00:00",5568.000000000
"2023-10-30 12:00:00",6317.000000000
"2023-10-30 13:00:00",4614.000000000
"2023-10-30 14:00:00",4822.000000000
"2023-10-30 15:00:00",4268.000000000
"2023-10-30 16:00:00",1656.000000000
"2023-10-30 17:00:00",945.000000000
"2023-10-30 18:00:00",192.000000000
"2023-10-30 19:00:00",12.000000000
"2023-10-30 20:00:00",11.000000000
"2023-10-30 21:00:00",12.000000000
"2023-10-30 22:00:00",11.000000000
"2023-10-30 23:00:00",12.000000000
"2023-10-31 00:00:00",11.000000000
"2023-10-31 01:00:00",8.000000000
"2023-10-31 02:00:00",8.000000000
"2023-10-31 03:00:00",8.000000000
"2023-10-31 04:00:00",8.000000000
"2023-10-31 05:00:00",9.000000000
"2023-10-31 06:00:00",8.000000000
"2023-10-31 07:00:00",13.000000000
"2023-10-31 08:00:00",13.000000000
"2023-10-31 09:00:00",16.000000000
"2023-10-31 10:00:00",33.000000000
"2023-10-31 11:00:00",200.000000000
"2023-10-31 12:00:00",384.000000000
"2023-10-31 13:00:00",844.000000000
"2023-10-31 14:00:00",2325.000000000
"2023-10-31 15:00:00",4541.000000000
"2023-10-31 16:00:00",4460.000000000
"2023-10-31 17:00:00",2434.000000000
"2023-10-31 18:00:00",734.000000000
"2023-10-31 19:00:00",14.000000000
"2023-10-31 20:00:00",14.000000000
"2023-10-31 21:00:00",15.000000000
"2023-10-31 22:00:00",15.000000000
"2023-10-31 23:00:00",15.000000000
"2023-11-01 00:00:00",13.000000000
"2023-11-01 01:00:00",8.000000000
"2023-11-01 02:00:00",8.000000000
"2023-11-01 03:00:00",9.000000000
"2023-11-01 04:00:00",8.000000000
"2023-11-01 05:00:00",8.000000000
"2023-11-01 06:00:00",8.000000000
"2023-11-01 07:00:00",9.000000000
"2023-11-01 08:00:00",13.000000000
"2023-11-01 09:00:00",269.000000000
"2023-11-01 10:00:00",1090.000000000
"2023-11-01 11:00:00",1423.000000000
"2023-11-01 12:00:00",1591.000000000
"2023-11-01 13:00:00",1578.000000000
"2023-11-01 14:00:00",1848.000000000
"2023-11-01 15:00:00",2287.000000000
"2023-11-01 16:00:00",2000.000000000
"2023-11-01 17:00:00",1111.000000000
"2023-11-01 18:00:00",307.000000000
"2023-11-01 19:00:00",10.000000000
"2023-11-01 20:00:00",12.000000000
"2023-11-01 21:00:00",8.000000000
"2023-11-01 22:00:00",9.000000000
"2023-11-01 23:00:00",10.000000000
"2023-11-02 00:00:00",10.000000000
"2023-11-02 01:00:00",8.000000000
"2023-11-02 02:00:00",8.000000000
"2023-11-02 03:00:00",9.000000000
"2023-11-02 04:00:00",8.000000000
"2023-11-02 05:00:00",9.000000000
"2023-11-02 06:00:00",8.000000000
"2023-11-02 07:00:00",9.000000000
"2023-11-02 08:00:00",13.000000000
"2023-11-02 09:00:00",701.000000000
"2023-11-02 10:00:00",3288.000000000
"2023-11-02 11:00:00",5340.000000000
"2023-11-02 12:00:00",3067.000000000
"2023-11-02 13:00:00",3064.000000000
"2023-11-02 14:00:00",3767.000000000
"2023-11-02 15:00:00",6612.000000000
"2023-11-02 16:00:00",4367.000000000
"2023-11-02 17:00:00",2733.000000000
"2023-11-02 18:00:00",225.000000000
"2023-11-02 19:00:00",11.000000000
"2023-11-02 20:00:00",9.000000000
"2023-11-02 21:00:00",9.000000000
"2023-11-02 22:00:00",9.000000000
"2023-11-02 23:00:00",10.000000000
"2023-11-03 00:00:00",10.000000000
"2023-11-03 01:00:00",8.000000000
"2023-11-03 02:00:00",11.000000000
"2023-11-03 03:00:00",9.000000000
"2023-11-03 04:00:00",9.000000000
"2023-11-03 05:00:00",9.000000000
"2023-11-03 06:00:00",8.000000000
"2023-11-03 07:00:00",12.000000000
"2023-11-03 08:00:00",11.000000000
"2023-11-03 09:00:00",106.000000000
"2023-11-03 10:00:00",1064.000000000
"2023-11-03 11:00:00",1544.000000000
"2023-11-03 12:00:00",2417.000000000
"2023-11-03 13:00:00",3344.000000000
"2023-11-03 14:00:00",5557.000000000
"2023-11-03 15:00:00",6663.000000000
"2023-11-03 16:00:00",4983.000000000
"2023-11-03 17:00:00",2458.000000000
"2023-11-03 18:00:00",368.000000000
"2023-11-03 19:00:00",11.000000000
"2023-11-03 20:00:00",9.000000000
"2023-11-03 21:00:00",9.000000000
"2023-11-03 22:00:00",11.000000000
"2023-11-03 23:00:00",10.000000000
"2023-11-04 00:00:00",10.000000000
"2023-11-04 01:00:00",8.000000000
"2023-11-04 02:00:00",9.000000000
"2023-11-04 03:00:00",8.000000000
"2023-11-04 04:00:00",8.000000000
"2023-11-04 05:00:00",9.000000000
"2023-11-04 06:00:00",8.000000000
"2023-11-04 07:00:00",8.000000000
"2023-11-04 08:00:00",9.000000000
"2023-11-04 09:00:00",829.000000000
"2023-11-04 10:00:00",1302.000000000
"2023-11-04 11:00:00",2785.000000000
"2023-11-04 12:00:00",6078.000000000
"2023-11-04 13:00:00",6723.000000000
"2023-11-04 14:00:00",7226.000000000
"2023-11-04 15:00:00",6460.000000000
"2023-11-04 16:00:00",4399.000000000
"2023-11-04 17:00:00",2600.000000000
"2023-11-04 18:00:00",462.000000000
"2023-11-04 19:00:00",8.000000000
"2023-11-04 20:00:00",8.000000000
"2023-11-04 21:00:00",8.000000000
"2023-11-04 22:00:00",8.000000000
"2023-11-04 23:00:00",8.000000000
"2023-11-05 00:00:00",8.000000000
"2023-11-05 01:00:00",8.000000000
"2023-11-05 02:00:00",9.000000000
"2023-11-05 03:00:00",9.000000000
"2023-11-05 04:00:00",8.000000000
"2023-11-05 05:00:00",8.000000000
"2023-11-05 06:00:00",9.000000000
"2023-11-05 07:00:00",8.000000000
"2023-11-05 08:00:00",330.000000000
"2023-11-05 09:00:00",628.000000000
"2023-11-05 10:00:00",1372.000000000
"2023-11-05 11:00:00",3170.000000000
"2023-11-05 12:00:00",2098.000000000
"2023-11-05 13:00:00",1327.000000000
"2023-11-05 14:00:00",1173.000000000
"2023-11-05 15:00:00",1211.000000000
"2023-11-05 16:00:00",1243.000000000
"2023-11-05 17:00:00",145.000000000
"2023-11-05 18:00:00",8.000000000
"2023-11-05 19:00:00",8.000000000
"2023-11-05 20:00:00",11.000000000
"2023-11-05 21:00:00",9.000000000
"2023-11-05 22:00:00",9.000000000
"2023-11-05 23:00:00",10.000000000
"2023-11-06 00:00:00",9.000000000
"2023-11-06 01:00:00",8.000000000
"2023-11-06 02:00:00",8.000000000
"2023-11-06 03:00:00",9.000000000
"2023-11-06 04:00:00",8.000000000
"2023-11-06 05:00:00",8.000000000
"2023-11-06 06:00:00",9.000000000
"2023-11-06 07:00:00",9.000000000
"2023-11-06 08:00:00",589.000000000
"2023-11-06 09:00:00",2975.000000000
"2023-11-06 10:00:00",2013.000000000
"2023-11-06 11:00:00",1489.000000000
"2023-11-06 12:00:00",1282.000000000
"2023-11-06 13:00:00",1185.000000000
"2023-11-06 14:00:00",792.000000000
"2023-11-06 15:00:00",777.000000000
"2023-11-06 16:00:00",654.000000000
"2023-11-06 17:00:00",147.000000000
"2023-11-06 18:00:00",15.000000000
"2023-11-06 19:00:00",9.000000000
"2023-11-06 20:00:00",9.000000000
"2023-11-06 21:00:00",8.000000000
"2023-11-06 22:00:00",9.000000000
"2023-11-06 23:00:00",10.000000000
"2023-11-07 00:00:00",10.000000000
"2023-11-07 01:00:00",9.000000000
"2023-11-07 02:00:00",8.000000000
"2023-11-07 03:00:00",8.000000000
"2023-11-07 04:00:00",9.000000000
"2023-11-07 05:00:00",8.000000000
"2023-11-07 06:00:00",8.000000000
"2023-11-07 07:00:00",8.000000000
"2023-11-07 08:00:00",121.000000000
"2023-11-07 09:00:00",580.000000000
"2023-11-07 10:00:00",1271.000000000
"2023-11-07 11:00:00",2166.000000000
"2023-11-07 12:00:00",1485.000000000
"2023-11-07 13:00:00",2469.000000000
"2023-11-07 14:00:00",1814.000000000
"2023-11-07 15:00:00",1148.000000000
"2023-11-07 16:00:00",519.000000000
"2023-11-07 17:00:00",87.000000000
"2023-11-07 18:00:00",17.000000000
"2023-11-07 19:00:00",11.000000000
"2023-11-07 20:00:00",10.000000000
"2023-11-07 21:00:00",9.000000000
"2023-11-07 22:00:00",9.000000000
"2023-11-07 23:00:00",10.000000000
"2023-11-08 00:00:00",9.000000000
"2023-11-08 01:00:00",9.000000000
"2023-11-08 02:00:00",8.000000000
"2023-11-08 03:00:00",8.000000000
"2023-11-08 04:00:00",8.000000000
"2023-11-08 05:00:00",9.000000000
"2023-11-08 06:00:00",8.000000000
"2023-11-08 07:00:00",8.000000000
"2023-11-08 08:00:00",69.000000000
"2023-11-08 09:00:00",812.000000000
"2023-11-08 10:00:00",1068.000000000
"2023-11-08 11:00:00",1555.000000000
"2023-11-08 12:00:00",2572.000000000
"2023-11-08 13:00:00",2485.000000000
"2023-11-08 14:00:00",2279.000000000
"2023-11-08 15:00:00",1883.000000000
"2023-11-08 16:00:00",978.000000000
"2023-11-08 17:00:00",160.000000000
"2023-11-08 18:00:00",18.000000000
"2023-11-08 19:00:00",19.000000000
"2023-11-08 20:00:00",9.000000000
"2023-11-08 21:00:00",9.000000000
"2023-11-08 22:00:00",10.000000000
"2023-11-08 23:00:00",10.000000000
"2023-11-09 00:00:00",9.000000000
"2023-11-09 01:00:00",9.000000000
"2023-11-09 02:00:00",8.000000000
"2023-11-09 03:00:00",9.000000000
"2023-11-09 04:00:00",8.000000000
"2023-11-09 05:00:00",8.000000000
"2023-11-09 06:00:00",9.000000000
"2023-11-09 07:00:00",12.000000000
"2023-11-09 08:00:00",553.000000000
"2023-11-09 09:00:00",3070.000000000
"2023-11-09 10:00:00",5443.000000000
"2023-11-09 11:00:00",6841.000000000
"2023-11-09 12:00:00",7442.000000000
"2023-11-09 13:00:00",7389.000000000
"2023-11-09 14:00:00",6616.000000000
"2023-11-09 15:00:00",4746.000000000
"2023-11-09 16:00:00",1755.000000000
"2023-11-09 17:00:00",93.000000000
"2023-11-09 18:00:00",16.000000000
"2023-11-09 19:00:00",15.000000000
"2023-11-09 20:00:00",13.000000000
"2023-11-09 21:00:00",14.000000000
"2023-11-09 22:00:00",12.000000000
"2023-11-09 23:00:00",8.000000000
"2023-11-10 00:00:00",9.000000000
"2023-11-10 01:00:00",9.000000000
"2023-11-10 02:00:00",8.000000000
"2023-11-10 03:00:00",8.000000000
"2023-11-10 04:00:00",9.000000000
"2023-11-10 05:00:00",8.000000000
"2023-11-10 06:00:00",8.000000000
"2023-11-10 07:00:00",13.000000000
"2023-11-10 08:00:00",104.000000000
"2023-11-10 09:00:00",385.000000000
"2023-11-10 10:00:00",840.000000000
"2023-11-10 11:00:00",1021.000000000
"2023-11-10 12:00:00",924.000000000
"2023-11-10 13:00:00",1144.000000000
"2023-11-10 14:00:00",1459.000000000
"2023-11-10 15:00:00",1100.000000000
"2023-11-10 16:00:00",669.000000000
"2023-11-10 17:00:00",54.000000000
"2023-11-10 18:00:00",8.000000000
"2023-11-10 19:00:00",8.000000000
"2023-11-10 20:00:00",9.000000000
"2023-11-10 21:00:00",10.000000000
"2023-11-10 22:00:00",8.000000000
"2023-11-10 23:00:00",11.000000000
"2023-11-11 00:00:00",9.000000000
"2023-11-11 01:00:00",9.000000000
"2023-11-11 02:00:00",10.000000000
"2023-11-11 03:00:00",8.000000000
"2023-11-11 04:00:00",8.000000000
"2023-11-11 05:00:00",8.000000000
"2023-11-11 06:00:00",8.000000000
"2023-11-11 07:00:00",9.000000000
"2023-11-11 08:00:00",248.000000000
"2023-11-11 09:00:00",604.000000000
"2023-11-11 10:00:00",821.000000000
"2023-11-11 11:00:00",1854.000000000
"2023-11-11 12:00:00",1661.000000000
"2023-11-11 13:00:00",2168.000000000
"2023-11-11 14:00:00",1687.000000000
"2023-11-11 15:00:00",997.000000000
"2023-11-11 16:00:00",302.000000000
"2023-11-11 17:00:00",53.000000000
"2023-11-11 18:00:00",9.000000000
"2023-11-11 19:00:00",9.000000000
"2023-11-11 20:00:00",8.000000000
"2023-11-11 21:00:00",8.000000000
"2023-11-11 22:00:00",8.000000000
"2023-11-11 23:00:00",8.000000000
"2023-11-12 00:00:00",10.000000000
"2023-11-12 01:00:00",10.000000000
"2023-11-12 02:00:00",8.000000000
"2023-11-12 03:00:00",8.000000000
"2023-11-12 04:00:00",12.000000000
"2023-11-12 05:00:00",8.000000000
"2023-11-12 06:00:00",8.000000000
"2023-11-12 07:00:00",8.000000000
"2023-11-12 08:00:00",149.000000000
"2023-11-12 09:00:00",1877.000000000
"2023-11-12 10:00:00",4990.000000000
"2023-11-12 11:00:00",6427.000000000
"2023-11-12 12:00:00",6990.000000000
"2023-11-12 13:00:00",5586.000000000
"2023-11-12 14:00:00",4760.000000000
"2023-11-12 15:00:00",4646.000000000
"2023-11-12 16:00:00",2420.000000000
"2023-11-12 17:00:00",344.000000000
"2023-11-12 18:00:00",8.000000000
"2023-11-12 19:00:00",8.000000000
"2023-11-12 20:00:00",9.000000000
"2023-11-12 21:00:00",8.000000000
"2023-11-12 22:00:00",8.000000000
"2023-11-12 23:00:00",8.000000000
"2023-11-13 00:00:00",12.000000000
"2023-11-13 01:00:00",8.000000000
"2023-11-13 02:00:00",8.000000000
"2023-11-13 03:00:00",9.000000000
"2023-11-13 04:00:00",8.000000000
"2023-11-13 05:00:00",8.000000000
"2023-11-13 06:00:00",8.000000000
"2023-11-13 07:00:00",9.000000000
"2023-11-13 08:00:00",406.000000000
"2023-11-13 09:00:00",2798.000000000
"2023-11-13 10:00:00",5161.000000000
"2023-11-13 11:00:00",6518.000000000
"2023-11-13 12:00:00",7068.000000000
"2023-11-13 13:00:00",6975.000000000
"2023-11-13 14:00:00",6216.000000000
"2023-11-13 15:00:00",5012.000000000
"2023-11-13 16:00:00",2410.000000000
"2023-11-13 17:00:00",292.000000000
"2023-11-13 18:00:00",16.000000000
"2023-11-13 19:00:00",11.000000000
"2023-11-13 20:00:00",8.000000000
"2023-11-13 21:00:00",9.000000000
"2023-11-13 22:00:00",8.000000000
"2023-11-13 23:00:00",10.000000000
"2023-11-14 00:00:00",10.000000000
"2023-11-14 01:00:00",8.000000000
"2023-11-14 02:00:00",8.000000000
"2023-11-14 03:00:00",8.000000000
"2023-11-14 04:00:00",9.000000000
"2023-11-14 05:00:00",8.000000000
"2023-11-14 06:00:00",8.000000000
"2023-11-14 07:00:00",9.000000000
"2023-11-14 08:00:00",309.000000000
"2023-11-14 09:00:00",1456.000000000
"2023-11-14 10:00:00",2209.000000000
"2023-11-14 11:00:00",4964.000000000
"2023-11-14 12:00:00",6951.000000000
"2023-11-14 13:00:00",3806.000000000
"2023-11-14 14:00:00",1817.000000000
"2023-11-14 15:00:00",1464.000000000
"2023-11-14 16:00:00",1638.000000000
"2023-11-14 17:00:00",101.000000000
"2023-11-14 18:00:00",16.000000000
"2023-11-14 19:00:00",13.000000000
"2023-11-14 20:00:00",14.000000000
"2023-11-14 21:00:00",13.000000000
"2023-11-14 22:00:00",13.000000000
"2023-11-14 23:00:00",14.000000000
"2023-11-15 00:00:00",13.000000000
"2023-11-15 01:00:00",8.000000000
"2023-11-15 02:00:00",8.000000000
"2023-11-15 03:00:00",8.000000000
"2023-11-15 04:00:00",9.000000000
"2023-11-15 05:00:00",9.000000000
"2023-11-15 06:00:00",8.000000000
"2023-11-15 07:00:00",10.000000000
"2023-11-15 08:00:00",334.000000000
"2023-11-15 09:00:00",2523.000000000
"2023-11-15 10:00:00",4759.000000000
"2023-11-15 11:00:00",6101.000000000
"2023-11-15 12:00:00",6696.000000000
"2023-11-15 13:00:00",6593.000000000
"2023-11-15 14:00:00",5905.000000000
"2023-11-15 15:00:00",4356.000000000
"2023-11-15 16:00:00",1479.000000000
"2023-11-15 17:00:00",175.000000000
"2023-11-15 18:00:00",13.000000000
"2023-11-15 19:00:00",12.000000000
"2023-11-15 20:00:00",9.000000000
"2023-11-15 21:00:00",7.000000000
"2023-11-15 22:00:00",9.000000000
"2023-11-15 23:00:00",8.000000000
"2023-11-16 00:00:00",9.000000000
"2023-11-16 01:00:00",8.000000000
"2023-11-16 02:00:00",8.000000000
"2023-11-16 03:00:00",9.000000000
"2023-11-16 04:00:00",8.000000000
"2023-11-16 05:00:00",9.000000000
"2023-11-16 06:00:00",8.000000000
"2023-11-16 07:00:00",11.000000000
"2023-11-16 08:00:00",146.000000000
"2023-11-16 09:00:00",2263.000000000
"2023-11-16 10:00:00",4656.000000000
"2023-11-16 11:00:00",4670.000000000
"2023-11-16 12:00:00",4047.000000000
"2023-11-16 13:00:00",3478.000000000
"2023-11-16 14:00:00",4030.000000000
"2023-11-16 15:00:00",1648.000000000
"2023-11-16 16:00:00",546.000000000
"2023-11-16 17:00:00",62.000000000
"2023-11-16 18:00:00",11.000000000
"2023-11-16 19:00:00",11.000000000
"2023-11-16 20:00:00",10.000000000
"2023-11-16 21:00:00",10.000000000
"2023-11-16 22:00:00",12.000000000
"2023-11-16 23:00:00",12.000000000
"2023-11-17 00:00:00",12.000000000
"2023-11-17 01:00:00",8.000000000
"2023-11-17 02:00:00",8.000000000
"2023-11-17 03:00:00",9.000000000
"2023-11-17 04:00:00",8.000000000
"2023-11-17 05:00:00",9.000000000
"2023-11-17 06:00:00",8.000000000
"2023-11-17 07:00:00",8.000000000
"2023-11-17 08:00:00",77.000000000
"2023-11-17 09:00:00",1168.000000000
"2023-11-17 10:00:00",2923.000000000
"2023-11-17 11:00:00",5653.000000000
"2023-11-17 12:00:00",7069.000000000
"2023-11-17 13:00:00",6986.000000000
"2023-11-17 14:00:00",6217.000000000
"2023-11-17 15:00:00",4180.000000000
"2023-11-17 16:00:00",2166.000000000
"2023-11-17 17:00:00",248.000000000
"2023-11-17 18:00:00",12.000000000
"2023-11-17 19:00:00",10.000000000
"2023-11-17 20:00:00",8.000000000
"2023-11-17 21:00:00",9.000000000
"2023-11-17 22:00:00",10.000000000
"2023-11-17 23:00:00",9.000000000
"2023-11-18 00:00:00",10.000000000
"2023-11-18 01:00:00",9.000000000
"2023-11-18 02:00:00",9.000000000
"2023-11-18 03:00:00",8.000000000
"2023-11-18 04:00:00",10.000000000
"2023-11-18 05:00:00",8.000000000
"2023-11-18 06:00:00",9.000000000
"2023-11-18 07:00:00",9.000000000
"2023-11-18 08:00:00",271.000000000
"2023-11-18 09:00:00",2377.000000000
"2023-11-18 10:00:00",4643.000000000
"2023-11-18 11:00:00",6028.000000000
"2023-11-18 12:00:00",6648.000000000
"2023-11-18 13:00:00",6640.000000000
"2023-11-18 14:00:00",5847.000000000
"2023-11-18 15:00:00",4276.000000000
"2023-11-18 16:00:00",2024.000000000
"2023-11-18 17:00:00",221.000000000
"2023-11-18 18:00:00",8.000000000
"2023-11-18 19:00:00",8.000000000
"2023-11-18 20:00:00",8.000000000
"2023-11-18 21:00:00",8.000000000
"2023-11-18 22:00:00",9.000000000
"2023-11-18 23:00:00",8.000000000
"2023-11-19 00:00:00",9.000000000
"2023-11-19 01:00:00",11.000000000
"2023-11-19 02:00:00",8.000000000
"2023-11-19 03:00:00",9.000000000
"2023-11-19 04:00:00",8.000000000
"2023-11-19 05:00:00",9.000000000
"2023-11-19 06:00:00",8.000000000
"2023-11-19 07:00:00",8.000000000
"2023-11-19 08:00:00",245.000000000
"2023-11-19 09:00:00",2299.000000000
"2023-11-19 10:00:00",4564.000000000
"2023-11-19 11:00:00",5994.000000000
"2023-11-19 12:00:00",6637.000000000
"2023-11-19 13:00:00",6231.000000000
"2023-11-19 14:00:00",4913.000000000
"2023-11-19 15:00:00",3880.000000000
"2023-11-19 16:00:00",1649.000000000
"2023-11-19 17:00:00",76.000000000
"2023-11-19 18:00:00",8.000000000
"2023-11-19 19:00:00",8.000000000
"2023-11-19 20:00:00",8.000000000
"2023-11-19 21:00:00",9.000000000
"2023-11-19 22:00:00",9.000000000
"2023-11-19 23:00:00",9.000000000
"2023-11-20 00:00:00",9.000000000
"2023-11-20 01:00:00",9.000000000
"2023-11-20 02:00:00",8.000000000
"2023-11-20 03:00:00",8.000000000
"2023-11-20 04:00:00",9.000000000
"2023-11-20 05:00:00",9.000000000
"2023-11-20 06:00:00",10.000000000
"2023-11-20 07:00:00",9.000000000
"2023-11-20 08:00:00",30.000000000
"2023-11-20 09:00:00",290.000000000
"2023-11-20 10:00:00",843.000000000
"2023-11-20 11:00:00",1218.000000000
"2023-11-20 12:00:00",2153.000000000
"2023-11-20 13:00:00",2793.000000000
"2023-11-20 14:00:00",1807.000000000
"2023-11-20 15:00:00",866.000000000
"2023-11-20 16:00:00",466.000000000
"2023-11-20 17:00:00",65.000000000
"2023-11-20 18:00:00",16.000000000
"2023-11-20 19:00:00",10.000000000
"2023-11-20 20:00:00",11.000000000
"2023-11-20 21:00:00",9.000000000
"2023-11-20 22:00:00",10.000000000
"2023-11-20 23:00:00",9.000000000
"2023-11-21 00:00:00",12.000000000
"2023-11-21 01:00:00",8.000000000
"2023-11-21 02:00:00",8.000000000
"2023-11-21 03:00:00",8.000000000
"2023-11-21 04:00:00",9.000000000
"2023-11-21 05:00:00",8.000000000
"2023-11-21 06:00:00",9.000000000
"2023-11-21 07:00:00",16.000000000
"2023-11-21 08:00:00",12.000000000
"2023-11-21 09:00:00",66.000000000
"2023-11-21 10:00:00",185.000000000
"2023-11-21 11:00:00",1426.000000000
"2023-11-21 12:00:00",1176.000000000
"2023-11-21 13:00:00",717.000000000
"2023-11-21 14:00:00",431.000000000
"2023-11-21 15:00:00",303.000000000
"2023-11-21 16:00:00",521.000000000
"2023-11-21 17:00:00",196.000000000
"2023-11-21 18:00:00",17.000000000
"2023-11-21 19:00:00",13.000000000
"2023-11-21 20:00:00",9.000000000
"2023-11-21 21:00:00",8.000000000
"2023-11-21 22:00:00",9.000000000
"2023-11-21 23:00:00",9.000000000
"2023-11-22 00:00:00",9.000000000
"2023-11-22 01:00:00",8.000000000
"2023-11-22 02:00:00",9.000000000
"2023-11-22 03:00:00",8.000000000
"2023-11-22 04:00:00",8.000000000
"2023-11-22 05:00:00",9.000000000
"2023-11-22 06:00:00",8.000000000
"2023-11-22 07:00:00",14.000000000
"2023-11-22 08:00:00",206.000000000
"2023-11-22 09:00:00",1484.000000000
"2023-11-22 10:00:00",4534.000000000
"2023-11-22 11:00:00",6021.000000000
"2023-11-22 12:00:00",4305.000000000
"2023-11-22 13:00:00",2532.000000000
"2023-11-22 14:00:00",2286.000000000
"2023-11-22 15:00:00",2531.000000000
"2023-11-22 16:00:00",988.000000000
"2023-11-22 17:00:00",61.000000000
"2023-11-22 18:00:00",8.000000000
"2023-11-22 19:00:00",8.000000000
"2023-11-22 20:00:00",9.000000000
"2023-11-22 21:00:00",8.000000000
"2023-11-22 22:00:00",9.000000000
"2023-11-22 23:00:00",8.000000000
"2023-11-23 00:00:00",9.000000000
"2023-11-23 01:00:00",8.000000000
"2023-11-23 02:00:00",8.000000000
"2023-11-23 03:00:00",8.000000000
"2023-11-23 04:00:00",9.000000000
"2023-11-23 05:00:00",8.000000000
"2023-11-23 06:00:00",8.000000000
"2023-11-23 07:00:00",9.000000000
"2023-11-23 08:00:00",103.000000000
"2023-11-23 09:00:00",1019.000000000
"2023-11-23 10:00:00",4390.000000000
"2023-11-23 11:00:00",5900.000000000
"2023-11-23 12:00:00",6994.000000000
"2023-11-23 13:00:00",6988.000000000
"2023-11-23 14:00:00",5889.000000000
"2023-11-23 15:00:00",4514.000000000
"2023-11-23 16:00:00",1868.000000000
"2023-11-23 17:00:00",116.000000000
"2023-11-23 18:00:00",9.000000000
"2023-11-23 19:00:00",8.000000000
"2023-11-23 20:00:00",8.000000000
"2023-11-23 21:00:00",8.000000000
"2023-11-23 22:00:00",9.000000000
"2023-11-23 23:00:00",8.000000000
"2023-11-24 00:00:00",8.000000000
"2023-11-24 01:00:00",8.000000000
"2023-11-24 02:00:00",12.000000000
"2023-11-24 03:00:00",9.000000000
"2023-11-24 04:00:00",10.000000000
"2023-11-24 05:00:00",9.000000000
"2023-11-24 06:00:00",9.000000000
"2023-11-24 07:00:00",10.000000000
"2023-11-24 08:00:00",190.000000000
"2023-11-24 09:00:00",2181.000000000
"2023-11-24 10:00:00",4528.000000000
"2023-11-24 11:00:00",5700.000000000
"2023-11-24 12:00:00",6431.000000000
"2023-11-24 13:00:00",6231.000000000
"2023-11-24 14:00:00",5216.000000000
"2023-11-24 15:00:00",3798.000000000
"2023-11-24 16:00:00",1473.000000000
"2023-11-24 17:00:00",91.000000000
"2023-11-24 18:00:00",9.000000000
"2023-11-24 19:00:00",9.000000000
"2023-11-24 20:00:00",9.000000000
"2023-11-24 21:00:00",8.000000000
"2023-11-24 22:00:00",9.000000000
"2023-11-24 23:00:00",9.000000000
"2023-11-25 00:00:00",10.000000000
"2023-11-25 01:00:00",12.000000000
"2023-11-25 02:00:00",9.000000000
"2023-11-25 03:00:00",9.000000000
"2023-11-25 04:00:00",9.000000000
"2023-11-25 05:00:00",10.000000000
"2023-11-25 06:00:00",9.000000000
"2023-11-25 07:00:00",8.000000000
"2023-11-25 08:00:00",32.000000000
"2023-11-25 09:00:00",338.000000000
"2023-11-25 10:00:00",685.000000000
"2023-11-25 11:00:00",1778.000000000
"2023-11-25 12:00:00",2563.000000000
"2023-11-25 13:00:00",4821.000000000
"2023-11-25 14:00:00",2973.000000000
"2023-11-25 15:00:00",981.000000000
"2023-11-25 16:00:00",418.000000000
"2023-11-25 17:00:00",32.000000000
"2023-11-25 18:00:00",9.000000000
"2023-11-25 19:00:00",8.000000000
"2023-11-25 20:00:00",8.000000000
"2023-11-25 21:00:00",9.000000000
"2023-11-25 22:00:00",11.000000000
"2023-11-25 23:00:00",9.000000000
"2023-11-26 00:00:00",9.000000000
"2023-11-26 01:00:00",9.000000000
"2023-11-26 02:00:00",8.000000000
"2023-11-26 03:00:00",8.000000000
"2023-11-26 04:00:00",9.000000000
"2023-11-26 05:00:00",8.000000000
"2023-11-26 06:00:00",8.000000000
"2023-11-26 07:00:00",8.000000000
"2023-11-26 08:00:00",9.000000000
"2023-11-26 09:00:00",74.000000000
"2023-11-26 10:00:00",331.000000000
"2023-11-26 11:00:00",331.000000000
"2023-11-26 12:00:00",293.000000000
"2023-11-26 13:00:00",1240.000000000
"2023-11-26 14:00:00",1181.000000000
"2023-11-26 15:00:00",1172.000000000
"2023-11-26 16:00:00",1292.000000000
"2023-11-26 17:00:00",47.000000000
"2023-11-26 18:00:00",8.000000000
"2023-11-26 19:00:00",8.000000000
"2023-11-26 20:00:00",8.000000000
"2023-11-26 21:00:00",9.000000000
"2023-11-26 22:00:00",8.000000000
"2023-11-26 23:00:00",8.000000000
"2023-11-27 00:00:00",8.000000000
"2023-11-27 01:00:00",8.000000000
"2023-11-27 02:00:00",9.000000000
"2023-11-27 03:00:00",8.000000000
"2023-11-27 04:00:00",8.000000000
"2023-11-27 05:00:00",9.000000000
"2023-11-27 06:00:00",8.000000000
"2023-11-27 07:00:00",8.000000000
"2023-11-27 08:00:00",137.000000000
"2023-11-27 09:00:00",1972.000000000
"2023-11-27 10:00:00",3691.000000000
"2023-11-27 11:00:00",6627.000000000
"2023-11-27 12:00:00",4678.000000000
"2023-11-27 13:00:00",3140.000000000
"2023-11-27 14:00:00",4502.000000000
"2023-11-27 15:00:00",4148.000000000
"2023-11-27 16:00:00",1447.000000000
"2023-11-27 17:00:00",134.000000000
"2023-11-27 18:00:00",17.000000000
"2023-11-27 19:00:00",12.000000000
"2023-11-27 20:00:00",11.000000000
"2023-11-27 21:00:00",9.000000000
"2023-11-27 22:00:00",9.000000000
"2023-11-27 23:00:00",10.000000000
"2023-11-28 00:00:00",10.000000000
