"2023-08-30 01:00:00",-0.006493333
"2023-08-30 02:00:00",-0.006516111
"2023-08-30 03:00:00",-0.006513889
"2023-08-30 04:00:00",-0.006505833
"2023-08-30 05:00:00",-0.006471389
"2023-08-30 06:00:00",0.011947778
"2023-08-30 07:00:00",0.548880279
"2023-08-30 08:00:00",1.978343368
"2023-08-30 09:00:00",3.234591722
"2023-08-30 10:00:00",4.194537640
"2023-08-30 11:00:00",8.702124596
"2023-08-30 12:00:00",8.927109718
"2023-08-30 13:00:00",8.878030777
"2023-08-30 14:00:00",8.635537148
"2023-08-30 15:00:00",7.851940155
"2023-08-30 16:00:00",6.318923950
"2023-08-30 17:00:00",4.119640350
"2023-08-30 18:00:00",1.709958911
"2023-08-30 19:00:00",0.217466950
"2023-08-30 20:00:00",-0.006811944
"2023-08-30 21:00:00",-0.006761944
"2023-08-30 22:00:00",-0.006667500
"2023-08-30 23:00:00",-0.006636667
"2023-08-31 00:00:00",-0.006571111
"2023-08-31 01:00:00",-0.006485556
"2023-08-31 02:00:00",-0.006477222
"2023-08-31 03:00:00",-0.006433611
"2023-08-31 04:00:00",-0.006447222
"2023-08-31 05:00:00",-0.006487778
"2023-08-31 06:00:00",0.006855556
"2023-08-31 07:00:00",0.530905545
"2023-08-31 08:00:00",2.421761274
"2023-08-31 09:00:00",5.362761021
"2023-08-31 10:00:00",7.505163193
"2023-08-31 11:00:00",8.629177094
"2023-08-31 12:00:00",8.960016251
"2023-08-31 13:00:00",9.118424416
"2023-08-31 14:00:00",8.823462486
"2023-08-31 15:00:00",7.323130608
"2023-08-31 16:00:00",6.559607983
"2023-08-31 17:00:00",2.595159531
"2023-08-31 18:00:00",1.112565041
"2023-08-31 19:00:00",0.441471100
"2023-08-31 20:00:00",-0.006780556
"2023-08-31 21:00:00",-0.006756667
"2023-08-31 22:00:00",-0.006768889
"2023-08-31 23:00:00",-0.006708611
"2023-09-01 00:00:00",-0.006645833
"2023-09-01 01:00:00",-0.006590278
"2023-09-01 02:00:00",-0.006563611
"2023-09-01 03:00:00",-0.006572778
"2023-09-01 04:00:00",-0.006533056
"2023-09-01 05:00:00",-0.006533611
"2023-09-01 06:00:00",-0.002760833
"2023-09-01 07:00:00",0.505746961
"2023-09-01 08:00:00",1.920758843
"2023-09-01 09:00:00",4.627724648
"2023-09-01 10:00:00",6.895818233
"2023-09-01 11:00:00",8.062453270
"2023-09-01 12:00:00",8.509076118
"2023-09-01 13:00:00",8.583929062
"2023-09-01 14:00:00",8.268857002
"2023-09-01 15:00:00",7.448042870
"2023-09-01 16:00:00",5.926318169
"2023-09-01 17:00:00",3.595766068
"2023-09-01 18:00:00",1.296057820
"2023-09-01 19:00:00",0.329255283
"2023-09-01 20:00:00",-0.006759722
"2023-09-01 21:00:00",-0.006653889
"2023-09-01 22:00:00",-0.006574167
"2023-09-01 23:00:00",-0.006585000
"2023-09-02 00:00:00",-0.006516389
"2023-09-02 01:00:00",-0.006489167
"2023-09-02 02:00:00",-0.006435556
"2023-09-02 03:00:00",-0.006426944
"2023-09-02 04:00:00",-0.006454167
"2023-09-02 05:00:00",-0.006431111
"2023-09-02 06:00:00",-0.006376389
"2023-09-02 07:00:00",0.424209446
"2023-09-02 08:00:00",2.096085787
"2023-09-02 09:00:00",4.792963982
"2023-09-02 10:00:00",6.375905514
"2023-09-02 11:00:00",7.079452991
"2023-09-02 12:00:00",8.427105904
"2023-09-02 13:00:00",8.213766098
"2023-09-02 14:00:00",3.897097826
"2023-09-02 15:00:00",1.703481913
"2023-09-02 16:00:00",4.394217014
"2023-09-02 17:00:00",1.959143043
"2023-09-02 18:00:00",0.702728033
"2023-09-02 19:00:00",0.103340834
"2023-09-02 20:00:00",-0.006611667
"2023-09-02 21:00:00",-0.006617778
"2023-09-02 22:00:00",-0.006585833
"2023-09-02 23:00:00",-0.006583056
"2023-09-03 00:00:00",-0.006530833
"2023-09-03 01:00:00",-0.006458889
"2023-09-03 02:00:00",-0.006451944
"2023-09-03 03:00:00",-0.006455556
"2023-09-03 04:00:00",-0.006473333
"2023-09-03 05:00:00",-0.006368889
"2023-09-03 06:00:00",-0.002542222
"2023-09-03 07:00:00",0.434819162
"2023-09-03 08:00:00",1.179118872
"2023-09-03 09:00:00",3.217175245
"2023-09-03 10:00:00",5.772389412
"2023-09-03 11:00:00",5.284963131
"2023-09-03 12:00:00",8.371050835
"2023-09-03 13:00:00",8.261436462
"2023-09-03 14:00:00",7.944785595
"2023-09-03 15:00:00",7.279972076
"2023-09-03 16:00:00",5.833209515
"2023-09-03 17:00:00",3.749278069
"2023-09-03 18:00:00",1.443874717
"2023-09-03 19:00:00",0.142108887
"2023-09-03 20:00:00",-0.006871111
"2023-09-03 21:00:00",-0.006756111
"2023-09-03 22:00:00",-0.006745278
"2023-09-03 23:00:00",-0.006628056
"2023-09-04 00:00:00",-0.006642500
"2023-09-04 01:00:00",-0.006678889
"2023-09-04 02:00:00",-0.006661111
"2023-09-04 03:00:00",-0.006641944
"2023-09-04 04:00:00",-0.006621667
"2023-09-04 05:00:00",-0.006605278
"2023-09-04 06:00:00",0.008562222
"2023-09-04 07:00:00",0.589809179
"2023-09-04 08:00:00",2.089866638
"2023-09-04 09:00:00",4.894659519
"2023-09-04 10:00:00",6.913571358
"2023-09-04 11:00:00",7.997537136
"2023-09-04 12:00:00",8.498659134
"2023-09-04 13:00:00",8.609230995
"2023-09-04 14:00:00",8.219724655
"2023-09-04 15:00:00",7.455967426
"2023-09-04 16:00:00",5.970017433
"2023-09-04 17:00:00",3.836317778
"2023-09-04 18:00:00",1.449078083
"2023-09-04 19:00:00",0.131674170
"2023-09-04 20:00:00",-0.006910000
"2023-09-04 21:00:00",-0.006813889
"2023-09-04 22:00:00",-0.006746944
"2023-09-04 23:00:00",-0.006743611
"2023-09-05 00:00:00",-0.006649722
"2023-09-05 01:00:00",-0.006653056
"2023-09-05 02:00:00",-0.006688056
"2023-09-05 03:00:00",-0.006629167
"2023-09-05 04:00:00",-0.006634167
"2023-09-05 05:00:00",-0.006582222
"2023-09-05 06:00:00",-0.002591111
"2023-09-05 07:00:00",0.119856387
"2023-09-05 08:00:00",0.693638325
"2023-09-05 09:00:00",3.839758873
"2023-09-05 10:00:00",4.742759228
"2023-09-05 11:00:00",7.785964012
"2023-09-05 12:00:00",8.278760910
"2023-09-05 13:00:00",6.938383102
"2023-09-05 14:00:00",6.030151844
"2023-09-05 15:00:00",4.440305233
"2023-09-05 16:00:00",2.509120226
"2023-09-05 17:00:00",1.466384172
"2023-09-05 18:00:00",1.280701399
"2023-09-05 19:00:00",0.168826386
"2023-09-05 20:00:00",-0.006849722
"2023-09-05 21:00:00",-0.006761667
"2023-09-05 22:00:00",-0.006661389
"2023-09-05 23:00:00",-0.006623889
"2023-09-06 00:00:00",-0.006617500
"2023-09-06 01:00:00",-0.006574167
"2023-09-06 02:00:00",-0.006503333
"2023-09-06 03:00:00",-0.006459167
"2023-09-06 04:00:00",-0.006485278
"2023-09-06 05:00:00",-0.006468056
"2023-09-06 06:00:00",-0.006472222
"2023-09-06 07:00:00",0.070643052
"2023-09-06 08:00:00",0.342300832
"2023-09-06 09:00:00",0.671815574
"2023-09-06 10:00:00",1.371290565
"2023-09-06 11:00:00",1.021841168
"2023-09-06 12:00:00",1.564184666
"2023-09-06 13:00:00",2.468223095
"2023-09-06 14:00:00",1.979276061
"2023-09-06 15:00:00",1.020941377
"2023-09-06 16:00:00",0.944726944
"2023-09-06 17:00:00",0.737590849
"2023-09-06 18:00:00",0.268124163
"2023-09-06 19:00:00",0.036805835
"2023-09-06 20:00:00",-0.006645833
"2023-09-06 21:00:00",-0.006627222
"2023-09-06 22:00:00",-0.006564444
"2023-09-06 23:00:00",-0.006557778
"2023-09-07 00:00:00",-0.006504167
"2023-09-07 01:00:00",-0.006426111
"2023-09-07 02:00:00",-0.006417778
"2023-09-07 03:00:00",-0.006444167
"2023-09-07 04:00:00",-0.006416944
"2023-09-07 05:00:00",-0.006400833
"2023-09-07 06:00:00",-0.006359167
"2023-09-07 07:00:00",0.180610001
"2023-09-07 08:00:00",0.786735535
"2023-09-07 09:00:00",1.189076066
"2023-09-07 10:00:00",1.444617510
"2023-09-07 11:00:00",3.885895729
"2023-09-07 12:00:00",1.773650050
"2023-09-07 13:00:00",1.820813894
"2023-09-07 14:00:00",1.594006896
"2023-09-07 15:00:00",1.605861425
"2023-09-07 16:00:00",1.642631054
"2023-09-07 17:00:00",1.481603384
"2023-09-07 18:00:00",0.736016691
"2023-09-07 19:00:00",0.057736389
"2023-09-07 20:00:00",-0.006655278
"2023-09-07 21:00:00",-0.006618056
"2023-09-07 22:00:00",-0.006617778
"2023-09-07 23:00:00",-0.006607222
"2023-09-08 00:00:00",-0.006478889
"2023-09-08 01:00:00",-0.006439722
"2023-09-08 02:00:00",-0.006442778
"2023-09-08 03:00:00",-0.006422778
"2023-09-08 04:00:00",-0.006413889
"2023-09-08 05:00:00",-0.006383333
"2023-09-08 06:00:00",-0.003172500
"2023-09-08 07:00:00",0.404392779
"2023-09-08 08:00:00",2.077316284
"2023-09-08 09:00:00",5.265016556
"2023-09-08 10:00:00",7.146162987
"2023-09-08 11:00:00",8.244789124
"2023-09-08 12:00:00",8.575634003
"2023-09-08 13:00:00",8.488747597
"2023-09-08 14:00:00",8.169498444
"2023-09-08 15:00:00",7.365798473
"2023-09-08 16:00:00",5.784240723
"2023-09-08 17:00:00",3.504803658
"2023-09-08 18:00:00",1.235104680
"2023-09-08 19:00:00",0.105538331
"2023-09-08 20:00:00",-0.006862500
"2023-09-08 21:00:00",-0.006759722
"2023-09-08 22:00:00",-0.006729444
"2023-09-08 23:00:00",-0.006665000
"2023-09-09 00:00:00",-0.006598333
"2023-09-09 01:00:00",-0.006575000
"2023-09-09 02:00:00",-0.006516944
"2023-09-09 03:00:00",-0.006473333
"2023-09-09 04:00:00",-0.006447500
"2023-09-09 05:00:00",-0.006450833
"2023-09-09 06:00:00",-0.004966667
"2023-09-09 07:00:00",0.438983619
"2023-09-09 08:00:00",2.360741854
"2023-09-09 09:00:00",4.082361221
"2023-09-09 10:00:00",5.042923450
"2023-09-09 11:00:00",3.699121475
"2023-09-09 12:00:00",5.519335747
"2023-09-09 13:00:00",4.868689060
"2023-09-09 14:00:00",4.357621193
"2023-09-09 15:00:00",0.955545008
"2023-09-09 16:00:00",1.403846383
"2023-09-09 17:00:00",0.712476969
"2023-09-09 18:00:00",0.498486936
"2023-09-09 19:00:00",-0.005365278
"2023-09-09 20:00:00",-0.006654722
"2023-09-09 21:00:00",-0.006600556
"2023-09-09 22:00:00",-0.006522222
"2023-09-09 23:00:00",-0.006501389
"2023-09-10 00:00:00",-0.006508611
"2023-09-10 01:00:00",-0.006491667
"2023-09-10 02:00:00",-0.006456111
"2023-09-10 03:00:00",-0.006452500
"2023-09-10 04:00:00",-0.006449167
"2023-09-10 05:00:00",-0.006441667
"2023-09-10 06:00:00",-0.005686667
"2023-09-10 07:00:00",0.318077505
"2023-09-10 08:00:00",1.885159731
"2023-09-10 09:00:00",4.736479282
"2023-09-10 10:00:00",4.946839809
"2023-09-10 11:00:00",4.007984638
"2023-09-10 12:00:00",6.511921406
"2023-09-10 13:00:00",5.714480400
"2023-09-10 14:00:00",6.854672909
"2023-09-10 15:00:00",4.265766144
"2023-09-10 16:00:00",3.415787220
"2023-09-10 17:00:00",2.024850607
"2023-09-10 18:00:00",0.607285857
"2023-09-10 19:00:00",0.057363890
"2023-09-10 20:00:00",-0.006727222
"2023-09-10 21:00:00",-0.006602778
"2023-09-10 22:00:00",-0.006607500
"2023-09-10 23:00:00",-0.006558333
"2023-09-11 00:00:00",-0.006544722
"2023-09-11 01:00:00",-0.006441389
"2023-09-11 02:00:00",-0.006420833
"2023-09-11 03:00:00",-0.006426944
"2023-09-11 04:00:00",-0.006449167
"2023-09-11 05:00:00",-0.006388889
"2023-09-11 06:00:00",0.001044167
"2023-09-11 07:00:00",0.327056110
"2023-09-11 08:00:00",1.604610801
"2023-09-11 09:00:00",4.776744843
"2023-09-11 10:00:00",6.343287945
"2023-09-11 11:00:00",7.732296467
"2023-09-11 12:00:00",8.800417900
"2023-09-11 13:00:00",7.487365723
"2023-09-11 14:00:00",6.098522663
"2023-09-11 15:00:00",6.417182446
"2023-09-11 16:00:00",3.462488174
"2023-09-11 17:00:00",2.544872761
"2023-09-11 18:00:00",0.974606931
"2023-09-11 19:00:00",0.023141667
"2023-09-11 20:00:00",-0.006808611
"2023-09-11 21:00:00",-0.006809444
"2023-09-11 22:00:00",-0.006763056
"2023-09-11 23:00:00",-0.006686667
"2023-09-12 00:00:00",-0.006666944
"2023-09-12 01:00:00",-0.006620556
"2023-09-12 02:00:00",-0.006599444
"2023-09-12 03:00:00",-0.006602500
"2023-09-12 04:00:00",-0.006600278
"2023-09-12 05:00:00",-0.006561389
"2023-09-12 06:00:00",-0.006517500
"2023-09-12 07:00:00",0.192873329
"2023-09-12 08:00:00",0.881072760
"2023-09-12 09:00:00",2.594094753
"2023-09-12 10:00:00",3.135785103
"2023-09-12 11:00:00",3.853365183
"2023-09-12 12:00:00",4.075118065
"2023-09-12 13:00:00",6.767776966
"2023-09-12 14:00:00",5.728940964
"2023-09-12 15:00:00",7.122597694
"2023-09-12 16:00:00",4.493931293
"2023-09-12 17:00:00",3.147821903
"2023-09-12 18:00:00",1.578758001
"2023-09-12 19:00:00",0.072982781
"2023-09-12 20:00:00",-0.006694444
"2023-09-12 21:00:00",-0.006707222
"2023-09-12 22:00:00",-0.006747222
"2023-09-12 23:00:00",-0.006632500
"2023-09-13 00:00:00",-0.006655833
"2023-09-13 01:00:00",-0.006503889
"2023-09-13 02:00:00",-0.006447222
"2023-09-13 03:00:00",-0.006479444
"2023-09-13 04:00:00",-0.006453611
"2023-09-13 05:00:00",-0.006385278
"2023-09-13 06:00:00",-0.006310556
"2023-09-13 07:00:00",0.315354735
"2023-09-13 08:00:00",1.930886626
"2023-09-13 09:00:00",5.610156536
"2023-09-13 10:00:00",7.808704376
"2023-09-13 11:00:00",8.812926292
"2023-09-13 12:00:00",9.238877296
"2023-09-13 13:00:00",9.290145874
"2023-09-13 14:00:00",8.846290588
"2023-09-13 15:00:00",7.804536819
"2023-09-13 16:00:00",5.959722042
"2023-09-13 17:00:00",3.960559607
"2023-09-13 18:00:00",1.377417803
"2023-09-13 19:00:00",0.050240278
"2023-09-13 20:00:00",-0.006804444
"2023-09-13 21:00:00",-0.006713333
"2023-09-13 22:00:00",-0.006803333
"2023-09-13 23:00:00",-0.006742500
"2023-09-14 00:00:00",-0.006674444
"2023-09-14 01:00:00",-0.006620000
"2023-09-14 02:00:00",-0.006593611
"2023-09-14 03:00:00",-0.006566667
"2023-09-14 04:00:00",-0.006556389
"2023-09-14 05:00:00",-0.006489722
"2023-09-14 06:00:00",-0.006238333
"2023-09-14 07:00:00",0.316488326
"2023-09-14 08:00:00",1.791531682
"2023-09-14 09:00:00",5.076894760
"2023-09-14 10:00:00",7.110733509
"2023-09-14 11:00:00",7.979443550
"2023-09-14 12:00:00",8.583093643
"2023-09-14 13:00:00",8.275379181
"2023-09-14 14:00:00",6.559509754
"2023-09-14 15:00:00",5.868086815
"2023-09-14 16:00:00",4.125345707
"2023-09-14 17:00:00",3.067576170
"2023-09-14 18:00:00",0.928941667
"2023-09-14 19:00:00",0.021974722
"2023-09-14 20:00:00",-0.006800278
"2023-09-14 21:00:00",-0.006767500
"2023-09-14 22:00:00",-0.006633333
"2023-09-14 23:00:00",-0.006688333
"2023-09-15 00:00:00",-0.006634722
"2023-09-15 01:00:00",-0.006627778
"2023-09-15 02:00:00",-0.006633611
"2023-09-15 03:00:00",-0.006612222
"2023-09-15 04:00:00",-0.006645278
"2023-09-15 05:00:00",-0.006579722
"2023-09-15 06:00:00",-0.006528333
"2023-09-15 07:00:00",0.079712503
"2023-09-15 08:00:00",0.284126669
"2023-09-15 09:00:00",0.236207783
"2023-09-15 10:00:00",0.492252499
"2023-09-15 11:00:00",1.511260867
"2023-09-15 12:00:00",2.315474510
"2023-09-15 13:00:00",0.954958320
"2023-09-15 14:00:00",1.144006610
"2023-09-15 15:00:00",1.843016148
"2023-09-15 16:00:00",3.986554146
"2023-09-15 17:00:00",3.310228109
"2023-09-15 18:00:00",1.290292740
"2023-09-15 19:00:00",0.032940835
"2023-09-15 20:00:00",-0.006630000
"2023-09-15 21:00:00",-0.006608333
"2023-09-15 22:00:00",-0.006603056
"2023-09-15 23:00:00",-0.006603333
"2023-09-16 00:00:00",-0.006586667
"2023-09-16 01:00:00",-0.006605000
"2023-09-16 02:00:00",-0.006620556
"2023-09-16 03:00:00",-0.006569444
"2023-09-16 04:00:00",-0.006563056
"2023-09-16 05:00:00",-0.006538611
"2023-09-16 06:00:00",-0.006495278
"2023-09-16 07:00:00",0.295450568
"2023-09-16 08:00:00",1.838247538
"2023-09-16 09:00:00",3.923408270
"2023-09-16 10:00:00",6.601040363
"2023-09-16 11:00:00",7.813472271
"2023-09-16 12:00:00",8.355532646
"2023-09-16 13:00:00",5.787127018
"2023-09-16 14:00:00",5.164752960
"2023-09-16 15:00:00",1.780835867
"2023-09-16 16:00:00",1.143811107
"2023-09-16 17:00:00",1.888881922
"2023-09-16 18:00:00",0.816157222
"2023-09-16 19:00:00",0.024140555
"2023-09-16 20:00:00",-0.006662222
"2023-09-16 21:00:00",-0.006621667
"2023-09-16 22:00:00",-0.006597222
"2023-09-16 23:00:00",-0.006557778
"2023-09-17 00:00:00",-0.006535278
"2023-09-17 01:00:00",-0.006562222
"2023-09-17 02:00:00",-0.006533611
"2023-09-17 03:00:00",-0.006515833
"2023-09-17 04:00:00",-0.006520833
"2023-09-17 05:00:00",-0.006448056
"2023-09-17 06:00:00",-0.006431667
"2023-09-17 07:00:00",0.234435558
"2023-09-17 08:00:00",1.208575010
"2023-09-17 09:00:00",3.098345280
"2023-09-17 10:00:00",7.249680996
"2023-09-17 11:00:00",8.231039047
"2023-09-17 12:00:00",7.528092384
"2023-09-17 13:00:00",5.591854095
"2023-09-17 14:00:00",7.447325706
"2023-09-17 15:00:00",6.571445942
"2023-09-17 16:00:00",3.995536089
"2023-09-17 17:00:00",2.990888119
"2023-09-17 18:00:00",0.963584423
"2023-09-17 19:00:00",0.017473333
"2023-09-17 20:00:00",-0.006814444
"2023-09-17 21:00:00",-0.006803333
"2023-09-17 22:00:00",-0.006805556
"2023-09-17 23:00:00",-0.006771111
"2023-09-18 00:00:00",-0.006708333
"2023-09-18 01:00:00",-0.006718056
"2023-09-18 02:00:00",-0.006607222
"2023-09-18 03:00:00",-0.006584167
"2023-09-18 04:00:00",-0.006665278
"2023-09-18 05:00:00",-0.006566111
"2023-09-18 06:00:00",-0.006521667
"2023-09-18 07:00:00",0.231411949
"2023-09-18 08:00:00",1.623736620
"2023-09-18 09:00:00",5.133444786
"2023-09-18 10:00:00",7.310970306
"2023-09-18 11:00:00",8.291836739
"2023-09-18 12:00:00",8.716496468
"2023-09-18 13:00:00",8.420429230
"2023-09-18 14:00:00",7.110837460
"2023-09-18 15:00:00",4.815652370
"2023-09-18 16:00:00",2.386696577
"2023-09-18 17:00:00",1.501398563
"2023-09-18 18:00:00",0.245796114
"2023-09-18 19:00:00",-0.000793333
"2023-09-18 20:00:00",-0.006709444
"2023-09-18 21:00:00",-0.006687500
"2023-09-18 22:00:00",-0.006700833
"2023-09-18 23:00:00",-0.006765833
"2023-09-19 00:00:00",-0.006706667
"2023-09-19 01:00:00",-0.006640833
"2023-09-19 02:00:00",-0.006621944
"2023-09-19 03:00:00",-0.006563056
"2023-09-19 04:00:00",-0.006559167
"2023-09-19 05:00:00",-0.006543889
"2023-09-19 06:00:00",-0.006561944
"2023-09-19 07:00:00",0.153406382
"2023-09-19 08:00:00",1.398540020
"2023-09-19 09:00:00",2.618562460
"2023-09-19 10:00:00",4.124345779
"2023-09-19 11:00:00",7.158072472
"2023-09-19 12:00:00",6.415873528
"2023-09-19 13:00:00",8.648430824
"2023-09-19 14:00:00",8.121679306
"2023-09-19 15:00:00",7.287760735
"2023-09-19 16:00:00",5.639387131
"2023-09-19 17:00:00",3.121582747
"2023-09-19 18:00:00",0.874190807
"2023-09-19 19:00:00",0.021953056
"2023-09-19 20:00:00",-0.006826111
"2023-09-19 21:00:00",-0.006667222
"2023-09-19 22:00:00",-0.006679444
"2023-09-19 23:00:00",-0.006668611
"2023-09-20 00:00:00",-0.006567222
"2023-09-20 01:00:00",-0.006670000
"2023-09-20 02:00:00",-0.006627500
"2023-09-20 03:00:00",-0.006531389
"2023-09-20 04:00:00",-0.006533333
"2023-09-20 05:00:00",-0.006533333
"2023-09-20 06:00:00",-0.006534722
"2023-09-20 07:00:00",0.204681382
"2023-09-20 08:00:00",1.490189433
"2023-09-20 09:00:00",4.584680080
"2023-09-20 10:00:00",6.746493816
"2023-09-20 11:00:00",7.544100285
"2023-09-20 12:00:00",8.149511337
"2023-09-20 13:00:00",8.339677811
"2023-09-20 14:00:00",7.981808662
"2023-09-20 15:00:00",7.053022861
"2023-09-20 16:00:00",5.349077702
"2023-09-20 17:00:00",3.059575796
"2023-09-20 18:00:00",0.804544151
"2023-09-20 19:00:00",0.007877222
"2023-09-20 20:00:00",-0.006649167
"2023-09-20 21:00:00",-0.006629722
"2023-09-20 22:00:00",-0.006533611
"2023-09-20 23:00:00",-0.006547778
"2023-09-21 00:00:00",-0.006540278
"2023-09-21 01:00:00",-0.006550000
"2023-09-21 02:00:00",-0.006537500
"2023-09-21 03:00:00",-0.006518889
"2023-09-21 04:00:00",-0.006508889
"2023-09-21 05:00:00",-0.006434444
"2023-09-21 06:00:00",-0.006463333
"2023-09-21 07:00:00",0.271079987
"2023-09-21 08:00:00",1.566926360
"2023-09-21 09:00:00",4.515635014
"2023-09-21 10:00:00",6.718886852
"2023-09-21 11:00:00",7.837518692
"2023-09-21 12:00:00",7.646822453
"2023-09-21 13:00:00",5.883355618
"2023-09-21 14:00:00",7.217140675
"2023-09-21 15:00:00",5.418553352
"2023-09-21 16:00:00",2.690276384
"2023-09-21 17:00:00",1.968664408
"2023-09-21 18:00:00",0.475877792
"2023-09-21 19:00:00",0.004233611
"2023-09-21 20:00:00",-0.006701667
"2023-09-21 21:00:00",-0.006729722
"2023-09-21 22:00:00",-0.006762222
"2023-09-21 23:00:00",-0.006690000
"2023-09-22 00:00:00",-0.006627222
"2023-09-22 01:00:00",-0.006646667
"2023-09-22 02:00:00",-0.006624167
"2023-09-22 03:00:00",-0.006591944
"2023-09-22 04:00:00",-0.006582222
"2023-09-22 05:00:00",-0.006521389
"2023-09-22 06:00:00",-0.006480278
"2023-09-22 07:00:00",0.156096667
"2023-09-22 08:00:00",0.712078333
"2023-09-22 09:00:00",0.458477765
"2023-09-22 10:00:00",1.807374716
"2023-09-22 11:00:00",3.439994097
"2023-09-22 12:00:00",2.024665833
"2023-09-22 13:00:00",2.540014744
"2023-09-22 14:00:00",3.224554777
"2023-09-22 15:00:00",2.847075224
"2023-09-22 16:00:00",1.154070854
"2023-09-22 17:00:00",0.843413591
"2023-09-22 18:00:00",0.310264736
"2023-09-22 19:00:00",-0.000413056
"2023-09-22 20:00:00",-0.006645556
"2023-09-22 21:00:00",-0.006612778
"2023-09-22 22:00:00",-0.006617222
"2023-09-22 23:00:00",-0.006615000
"2023-09-23 00:00:00",-0.006542500
"2023-09-23 01:00:00",-0.006569722
"2023-09-23 02:00:00",-0.006563889
"2023-09-23 03:00:00",-0.006512500
"2023-09-23 04:00:00",-0.006530833
"2023-09-23 05:00:00",-0.006522222
"2023-09-23 06:00:00",-0.006518611
"2023-09-23 07:00:00",0.101333886
"2023-09-23 08:00:00",0.340400279
"2023-09-23 09:00:00",1.045162797
"2023-09-23 10:00:00",2.174864054
"2023-09-23 11:00:00",4.104109764
"2023-09-23 12:00:00",3.263775110
"2023-09-23 13:00:00",3.308039665
"2023-09-23 14:00:00",3.402773142
"2023-09-23 15:00:00",2.403902054
"2023-09-23 16:00:00",0.463657230
"2023-09-23 17:00:00",0.026797500
"2023-09-23 18:00:00",-0.006585556
"2023-09-23 19:00:00",-0.006675833
"2023-09-23 20:00:00",-0.006630278
"2023-09-23 21:00:00",-0.006567222
"2023-09-23 22:00:00",-0.006566667
"2023-09-23 23:00:00",-0.006537222
"2023-09-24 00:00:00",-0.006506667
"2023-09-24 01:00:00",-0.006518333
"2023-09-24 02:00:00",-0.006563056
"2023-09-24 03:00:00",-0.006532222
"2023-09-24 04:00:00",-0.006482500
"2023-09-24 05:00:00",-0.006513333
"2023-09-24 06:00:00",-0.006477500
"2023-09-24 07:00:00",-0.001494444
"2023-09-24 08:00:00",0.549397528
"2023-09-24 09:00:00",1.227451444
"2023-09-24 10:00:00",4.718972683
"2023-09-24 11:00:00",2.694670439
"2023-09-24 12:00:00",7.509615421
"2023-09-24 13:00:00",7.209468842
"2023-09-24 14:00:00",3.991289377
"2023-09-24 15:00:00",4.878071785
"2023-09-24 16:00:00",4.938051224
"2023-09-24 17:00:00",0.902435839
"2023-09-24 18:00:00",0.105846666
"2023-09-24 19:00:00",-0.006743056
"2023-09-24 20:00:00",-0.006674444
"2023-09-24 21:00:00",-0.006672222
"2023-09-24 22:00:00",-0.006647778
"2023-09-24 23:00:00",-0.006643611
"2023-09-25 00:00:00",-0.006618056
"2023-09-25 01:00:00",-0.006550278
"2023-09-25 02:00:00",-0.006554722
"2023-09-25 03:00:00",-0.006522500
"2023-09-25 04:00:00",-0.006518333
"2023-09-25 05:00:00",-0.006489722
"2023-09-25 06:00:00",-0.006470556
"2023-09-25 07:00:00",0.068534166
"2023-09-25 08:00:00",0.573523879
"2023-09-25 09:00:00",1.476641893
"2023-09-25 10:00:00",1.318331957
"2023-09-25 11:00:00",1.244083643
"2023-09-25 12:00:00",0.474305004
"2023-09-25 13:00:00",0.654912472
"2023-09-25 14:00:00",0.560763896
"2023-09-25 15:00:00",0.359624445
"2023-09-25 16:00:00",0.153228059
"2023-09-25 17:00:00",0.341329455
"2023-09-25 18:00:00",0.346384436
"2023-09-25 19:00:00",0.011392222
"2023-09-25 20:00:00",-0.006626944
"2023-09-25 21:00:00",-0.006626111
"2023-09-25 22:00:00",-0.006630000
"2023-09-25 23:00:00",-0.006646111
"2023-09-26 00:00:00",-0.006614167
"2023-09-26 01:00:00",-0.006634167
"2023-09-26 02:00:00",-0.006584167
"2023-09-26 03:00:00",-0.006550556
"2023-09-26 04:00:00",-0.006523333
"2023-09-26 05:00:00",-0.006503056
"2023-09-26 06:00:00",-0.006398056
"2023-09-26 07:00:00",0.008989444
"2023-09-26 08:00:00",0.246464446
"2023-09-26 09:00:00",0.709014714
"2023-09-26 10:00:00",1.137625575
"2023-09-26 11:00:00",0.996124983
"2023-09-26 12:00:00",1.351930857
"2023-09-26 13:00:00",1.073465586
"2023-09-26 14:00:00",2.468622208
"2023-09-26 15:00:00",1.565952778
"2023-09-26 16:00:00",1.277652502
"2023-09-26 17:00:00",0.332866400
"2023-09-26 18:00:00",0.136402503
"2023-09-26 19:00:00",-0.006638889
"2023-09-26 20:00:00",-0.006652222
"2023-09-26 21:00:00",-0.006711667
"2023-09-26 22:00:00",-0.006758056
"2023-09-26 23:00:00",-0.006776389
"2023-09-27 00:00:00",-0.006704444
"2023-09-27 01:00:00",-0.006687222
"2023-09-27 02:00:00",-0.006639444
"2023-09-27 03:00:00",-0.006630000
"2023-09-27 04:00:00",-0.006626944
"2023-09-27 05:00:00",-0.006561111
"2023-09-27 06:00:00",-0.006521944
"2023-09-27 07:00:00",0.033326667
"2023-09-27 08:00:00",0.970917523
"2023-09-27 09:00:00",0.802737772
"2023-09-27 10:00:00",1.311445594
"2023-09-27 11:00:00",6.177038193
"2023-09-27 12:00:00",3.896815777
"2023-09-27 13:00:00",3.378156662
"2023-09-27 14:00:00",4.634509563
"2023-09-27 15:00:00",4.403534889
"2023-09-27 16:00:00",1.753734708
"2023-09-27 17:00:00",1.474418879
"2023-09-27 18:00:00",0.249963894
"2023-09-27 19:00:00",-0.006591389
"2023-09-27 20:00:00",-0.006551944
"2023-09-27 21:00:00",-0.006575278
"2023-09-27 22:00:00",-0.006631111
"2023-09-27 23:00:00",-0.006648889
"2023-09-28 00:00:00",-0.006566111
"2023-09-28 01:00:00",-0.006572500
"2023-09-28 02:00:00",-0.006578611
"2023-09-28 03:00:00",-0.006552222
"2023-09-28 04:00:00",-0.006488333
"2023-09-28 05:00:00",-0.006508889
"2023-09-28 06:00:00",-0.006432222
"2023-09-28 07:00:00",0.010003056
"2023-09-28 08:00:00",0.328564733
"2023-09-28 09:00:00",1.196043015
"2023-09-28 10:00:00",2.465707779
"2023-09-28 11:00:00",3.217757463
"2023-09-28 12:00:00",2.589955568
"2023-09-28 13:00:00",4.195518494
"2023-09-28 14:00:00",3.687910557
"2023-09-28 15:00:00",4.322313786
"2023-09-28 16:00:00",2.398353815
"2023-09-28 17:00:00",2.173323631
"2023-09-28 18:00:00",0.537223339
"2023-09-28 19:00:00",-0.006384167
"2023-09-28 20:00:00",-0.006679444
"2023-09-28 21:00:00",-0.006600833
"2023-09-28 22:00:00",-0.006641944
"2023-09-28 23:00:00",-0.006545000
"2023-09-29 00:00:00",-0.006520833
"2023-09-29 01:00:00",-0.006524722
"2023-09-29 02:00:00",-0.006545556
"2023-09-29 03:00:00",-0.006555278
"2023-09-29 04:00:00",-0.006524722
"2023-09-29 05:00:00",-0.006482500
"2023-09-29 06:00:00",-0.006476944
"2023-09-29 07:00:00",-0.006521389
"2023-09-29 08:00:00",0.024073889
"2023-09-29 09:00:00",0.097356111
"2023-09-29 10:00:00",0.150436118
"2023-09-29 11:00:00",4.068807602
"2023-09-29 12:00:00",3.744440794
"2023-09-29 13:00:00",5.157031059
"2023-09-29 14:00:00",6.346327782
"2023-09-29 15:00:00",3.891265631
"2023-09-29 16:00:00",1.880547523
"2023-09-29 17:00:00",1.353608608
"2023-09-29 18:00:00",0.296362787
"2023-09-29 19:00:00",-0.006678333
"2023-09-29 20:00:00",-0.006644444
"2023-09-29 21:00:00",-0.006573611
"2023-09-29 22:00:00",-0.006473056
"2023-09-29 23:00:00",-0.006456389
"2023-09-30 00:00:00",-0.006470833
"2023-09-30 01:00:00",-0.006480833
"2023-09-30 02:00:00",-0.006495556
"2023-09-30 03:00:00",-0.006491389
"2023-09-30 04:00:00",-0.006477778
"2023-09-30 05:00:00",-0.006488333
"2023-09-30 06:00:00",-0.006457500
"2023-09-30 07:00:00",0.083612777
"2023-09-30 08:00:00",1.163262248
"2023-09-30 09:00:00",3.920746088
"2023-09-30 10:00:00",5.400626183
"2023-09-30 11:00:00",7.156322956
"2023-09-30 12:00:00",7.587045670
"2023-09-30 13:00:00",7.437940598
"2023-09-30 14:00:00",7.263800621
"2023-09-30 15:00:00",6.103839397
"2023-09-30 16:00:00",3.622776747
"2023-09-30 17:00:00",1.418581367
"2023-09-30 18:00:00",0.199664995
"2023-09-30 19:00:00",-0.006747778
"2023-09-30 20:00:00",-0.006701389
"2023-09-30 21:00:00",-0.006643611
"2023-09-30 22:00:00",-0.006571944
"2023-09-30 23:00:00",-0.006551667
"2023-10-01 00:00:00",-0.006515556
"2023-10-01 01:00:00",-0.006517222
"2023-10-01 02:00:00",-0.006505833
"2023-10-01 03:00:00",-0.006501111
"2023-10-01 04:00:00",-0.006511667
"2023-10-01 05:00:00",-0.006506667
"2023-10-01 06:00:00",-0.006448056
"2023-10-01 07:00:00",0.096196666
"2023-10-01 08:00:00",1.242086053
"2023-10-01 09:00:00",4.019072533
"2023-10-01 10:00:00",5.958003044
"2023-10-01 11:00:00",7.341739655
"2023-10-01 12:00:00",7.871447086
"2023-10-01 13:00:00",7.873627186
"2023-10-01 14:00:00",7.452653408
"2023-10-01 15:00:00",6.446875095
"2023-10-01 16:00:00",4.437239647
"2023-10-01 17:00:00",2.103074789
"2023-10-01 18:00:00",0.209353328
"2023-10-01 19:00:00",-0.006840833
"2023-10-01 20:00:00",-0.006708333
"2023-10-01 21:00:00",-0.006694167
"2023-10-01 22:00:00",-0.006610556
"2023-10-01 23:00:00",-0.006554167
"2023-10-02 00:00:00",-0.006636944
"2023-10-02 01:00:00",-0.006663889
"2023-10-02 02:00:00",-0.006652778
"2023-10-02 03:00:00",-0.006531111
"2023-10-02 04:00:00",-0.006520556
"2023-10-02 05:00:00",-0.006484167
"2023-10-02 06:00:00",-0.006425556
"2023-10-02 07:00:00",0.102298059
"2023-10-02 08:00:00",0.966981411
"2023-10-02 09:00:00",4.199282646
"2023-10-02 10:00:00",6.289299011
"2023-10-02 11:00:00",7.427310467
"2023-10-02 12:00:00",7.871576786
"2023-10-02 13:00:00",7.867321014
"2023-10-02 14:00:00",7.433138847
"2023-10-02 15:00:00",6.438662529
"2023-10-02 16:00:00",4.547548294
"2023-10-02 17:00:00",2.178379536
"2023-10-02 18:00:00",0.324704438
"2023-10-02 19:00:00",-0.006846111
"2023-10-02 20:00:00",-0.006737500
"2023-10-02 21:00:00",-0.006715556
"2023-10-02 22:00:00",-0.006622778
"2023-10-02 23:00:00",-0.006586944
"2023-10-03 00:00:00",-0.006536111
"2023-10-03 01:00:00",-0.006544167
"2023-10-03 02:00:00",-0.006471667
"2023-10-03 03:00:00",-0.006426111
"2023-10-03 04:00:00",-0.006453056
"2023-10-03 05:00:00",-0.006392222
"2023-10-03 06:00:00",-0.006380833
"2023-10-03 07:00:00",0.079716109
"2023-10-03 08:00:00",1.131492257
"2023-10-03 09:00:00",3.203111410
"2023-10-03 10:00:00",4.813917160
"2023-10-03 11:00:00",7.249943256
"2023-10-03 12:00:00",6.789700985
"2023-10-03 13:00:00",7.838735580
"2023-10-03 14:00:00",5.570830345
"2023-10-03 15:00:00",2.819522858
"2023-10-03 16:00:00",1.943679452
"2023-10-03 17:00:00",0.220783606
"2023-10-03 18:00:00",0.010196944
"2023-10-03 19:00:00",-0.006606944
"2023-10-03 20:00:00",-0.006574444
"2023-10-03 21:00:00",-0.006548889
"2023-10-03 22:00:00",-0.006526667
"2023-10-03 23:00:00",-0.006579167
"2023-10-04 00:00:00",-0.006599722
"2023-10-04 01:00:00",-0.006636111
"2023-10-04 02:00:00",-0.006592500
"2023-10-04 03:00:00",-0.006516944
"2023-10-04 04:00:00",-0.006479167
"2023-10-04 05:00:00",-0.006459444
"2023-10-04 06:00:00",-0.006361944
"2023-10-04 07:00:00",0.033950277
"2023-10-04 08:00:00",0.199530557
"2023-10-04 09:00:00",0.706849992
"2023-10-04 10:00:00",1.377366066
"2023-10-04 11:00:00",2.342050552
"2023-10-04 12:00:00",2.850709677
"2023-10-04 13:00:00",1.941782832
"2023-10-04 14:00:00",2.065822601
"2023-10-04 15:00:00",1.382300615
"2023-10-04 16:00:00",1.602827549
"2023-10-04 17:00:00",0.546149194
"2023-10-04 18:00:00",0.098057501
"2023-10-04 19:00:00",-0.006583333
"2023-10-04 20:00:00",-0.006560000
"2023-10-04 21:00:00",-0.006555278
"2023-10-04 22:00:00",-0.006608611
"2023-10-04 23:00:00",-0.006607222
"2023-10-05 00:00:00",-0.006539722
"2023-10-05 01:00:00",-0.006540833
"2023-10-05 02:00:00",-0.006526389
"2023-10-05 03:00:00",-0.006495278
"2023-10-05 04:00:00",-0.006524167
"2023-10-05 05:00:00",-0.006480556
"2023-10-05 06:00:00",-0.006425833
"2023-10-05 07:00:00",0.082344443
"2023-10-05 08:00:00",1.301477551
"2023-10-05 09:00:00",4.406558990
"2023-10-05 10:00:00",6.850233555
"2023-10-05 11:00:00",8.093700409
"2023-10-05 12:00:00",4.598697662
"2023-10-05 13:00:00",7.319645882
"2023-10-05 14:00:00",4.677120686
"2023-10-05 15:00:00",2.760673523
"2023-10-05 16:00:00",2.769004107
"2023-10-05 17:00:00",1.590399981
"2023-10-05 18:00:00",0.040960833
"2023-10-05 19:00:00",-0.006685278
"2023-10-05 20:00:00",-0.006672222
"2023-10-05 21:00:00",-0.006660833
"2023-10-05 22:00:00",-0.006717222
"2023-10-05 23:00:00",-0.006701111
"2023-10-06 00:00:00",-0.006635000
"2023-10-06 01:00:00",-0.006730556
"2023-10-06 02:00:00",-0.006696667
"2023-10-06 03:00:00",-0.006660556
"2023-10-06 04:00:00",-0.006658056
"2023-10-06 05:00:00",-0.006556667
"2023-10-06 06:00:00",-0.006508889
"2023-10-06 07:00:00",0.060426943
"2023-10-06 08:00:00",0.148078606
"2023-10-06 09:00:00",0.342877775
"2023-10-06 10:00:00",1.109393597
"2023-10-06 11:00:00",2.415158272
"2023-10-06 12:00:00",4.271516800
"2023-10-06 13:00:00",5.011508942
"2023-10-06 14:00:00",6.014324665
"2023-10-06 15:00:00",4.710862637
"2023-10-06 16:00:00",2.664091110
"2023-10-06 17:00:00",1.808120847
"2023-10-06 18:00:00",0.154988334
"2023-10-06 19:00:00",-0.006610000
"2023-10-06 20:00:00",-0.006599167
"2023-10-06 21:00:00",-0.006570278
"2023-10-06 22:00:00",-0.006631667
"2023-10-06 23:00:00",-0.006658056
"2023-10-07 00:00:00",-0.006635556
"2023-10-07 01:00:00",-0.006619722
"2023-10-07 02:00:00",-0.006590000
"2023-10-07 03:00:00",-0.006560000
"2023-10-07 04:00:00",-0.006557500
"2023-10-07 05:00:00",-0.006535833
"2023-10-07 06:00:00",-0.006502500
"2023-10-07 07:00:00",0.058769166
"2023-10-07 08:00:00",0.605821669
"2023-10-07 09:00:00",3.593842745
"2023-10-07 10:00:00",4.375590324
"2023-10-07 11:00:00",5.233057499
"2023-10-07 12:00:00",5.536735058
"2023-10-07 13:00:00",5.246270180
"2023-10-07 14:00:00",4.788733482
"2023-10-07 15:00:00",2.699708939
"2023-10-07 16:00:00",2.630419731
"2023-10-07 17:00:00",0.799680293
"2023-10-07 18:00:00",0.216386661
"2023-10-07 19:00:00",-0.006690000
"2023-10-07 20:00:00",-0.006663333
"2023-10-07 21:00:00",-0.006625000
"2023-10-07 22:00:00",-0.006627778
"2023-10-07 23:00:00",-0.006528889
"2023-10-08 00:00:00",-0.006507222
"2023-10-08 01:00:00",-0.006534444
"2023-10-08 02:00:00",-0.006523611
"2023-10-08 03:00:00",-0.006453889
"2023-10-08 04:00:00",-0.006470278
"2023-10-08 05:00:00",-0.006447222
"2023-10-08 06:00:00",-0.006411111
"2023-10-08 07:00:00",0.031434443
"2023-10-08 08:00:00",1.031627178
"2023-10-08 09:00:00",3.374718904
"2023-10-08 10:00:00",6.731695652
"2023-10-08 11:00:00",7.916153431
"2023-10-08 12:00:00",8.492552757
"2023-10-08 13:00:00",8.495591164
"2023-10-08 14:00:00",8.165864944
"2023-10-08 15:00:00",6.780865669
"2023-10-08 16:00:00",2.277485371
"2023-10-08 17:00:00",1.288549781
"2023-10-08 18:00:00",0.112556390
"2023-10-08 19:00:00",-0.006657222
"2023-10-08 20:00:00",-0.006653611
"2023-10-08 21:00:00",-0.006645278
"2023-10-08 22:00:00",-0.006664444
"2023-10-08 23:00:00",-0.006624167
"2023-10-09 00:00:00",-0.006590556
"2023-10-09 01:00:00",-0.006578333
"2023-10-09 02:00:00",-0.006460000
"2023-10-09 03:00:00",-0.006401667
"2023-10-09 04:00:00",-0.006371944
"2023-10-09 05:00:00",-0.006326667
"2023-10-09 06:00:00",-0.006363611
"2023-10-09 07:00:00",0.057095278
"2023-10-09 08:00:00",1.417874217
"2023-10-09 09:00:00",4.567890167
"2023-10-09 10:00:00",7.002813816
"2023-10-09 11:00:00",8.161372185
"2023-10-09 12:00:00",8.736818314
"2023-10-09 13:00:00",8.754930496
"2023-10-09 14:00:00",8.241658211
"2023-10-09 15:00:00",7.120833397
"2023-10-09 16:00:00",5.085487366
"2023-10-09 17:00:00",2.412995100
"2023-10-09 18:00:00",0.262883335
"2023-10-09 19:00:00",-0.006777500
"2023-10-09 20:00:00",-0.006726111
"2023-10-09 21:00:00",-0.006698611
"2023-10-09 22:00:00",-0.006674444
"2023-10-09 23:00:00",-0.006656389
"2023-10-10 00:00:00",-0.006666111
"2023-10-10 01:00:00",-0.006732500
"2023-10-10 02:00:00",-0.006693333
"2023-10-10 03:00:00",-0.006625000
"2023-10-10 04:00:00",-0.006594722
"2023-10-10 05:00:00",-0.006586944
"2023-10-10 06:00:00",-0.006481389
"2023-10-10 07:00:00",0.034878887
"2023-10-10 08:00:00",1.381638885
"2023-10-10 09:00:00",4.485554695
"2023-10-10 10:00:00",6.765244961
"2023-10-10 11:00:00",8.039990425
"2023-10-10 12:00:00",8.518587112
"2023-10-10 13:00:00",8.483823776
"2023-10-10 14:00:00",7.939887047
"2023-10-10 15:00:00",6.841733932
"2023-10-10 16:00:00",4.870008945
"2023-10-10 17:00:00",2.283422947
"2023-10-10 18:00:00",0.228966385
"2023-10-10 19:00:00",-0.006948611
"2023-10-10 20:00:00",-0.006890556
"2023-10-10 21:00:00",-0.006805000
"2023-10-10 22:00:00",-0.006766389
"2023-10-10 23:00:00",-0.006753889
"2023-10-11 00:00:00",-0.006723056
"2023-10-11 01:00:00",-0.006681389
"2023-10-11 02:00:00",-0.006623333
"2023-10-11 03:00:00",-0.006613611
"2023-10-11 04:00:00",-0.006518333
"2023-10-11 05:00:00",-0.006515833
"2023-10-11 06:00:00",-0.006493889
"2023-10-11 07:00:00",0.030239999
"2023-10-11 08:00:00",1.327931643
"2023-10-11 09:00:00",4.356282711
"2023-10-11 10:00:00",6.654859066
"2023-10-11 11:00:00",7.765495777
"2023-10-11 12:00:00",8.246510506
"2023-10-11 13:00:00",8.222345352
"2023-10-11 14:00:00",7.751340389
"2023-10-11 15:00:00",6.643521309
"2023-10-11 16:00:00",4.650769711
"2023-10-11 17:00:00",2.114372969
"2023-10-11 18:00:00",0.199000001
"2023-10-11 19:00:00",-0.007020556
"2023-10-11 20:00:00",-0.006938333
"2023-10-11 21:00:00",-0.006890000
"2023-10-11 22:00:00",-0.006811111
"2023-10-11 23:00:00",-0.006777222
"2023-10-12 00:00:00",-0.006768333
"2023-10-12 01:00:00",-0.006781111
"2023-10-12 02:00:00",-0.006723056
"2023-10-12 03:00:00",-0.006613611
"2023-10-12 04:00:00",-0.006578611
"2023-10-12 05:00:00",-0.006560556
"2023-10-12 06:00:00",-0.006487778
"2023-10-12 07:00:00",0.024604168
"2023-10-12 08:00:00",0.681989431
"2023-10-12 09:00:00",1.848629475
"2023-10-12 10:00:00",2.766689062
"2023-10-12 11:00:00",2.812807560
"2023-10-12 12:00:00",3.075613499
"2023-10-12 13:00:00",3.023368597
"2023-10-12 14:00:00",1.349637747
"2023-10-12 15:00:00",0.565140307
"2023-10-12 16:00:00",0.301158339
"2023-10-12 17:00:00",0.090013608
"2023-10-12 18:00:00",-0.002900833
"2023-10-12 19:00:00",-0.006519722
"2023-10-12 20:00:00",-0.006486667
"2023-10-12 21:00:00",-0.006445000
"2023-10-12 22:00:00",-0.006453056
"2023-10-12 23:00:00",-0.006485278
"2023-10-13 00:00:00",-0.006546389
"2023-10-13 01:00:00",-0.006531944
"2023-10-13 02:00:00",-0.006525000
"2023-10-13 03:00:00",-0.006495000
"2023-10-13 04:00:00",-0.006425833
"2023-10-13 05:00:00",-0.006387778
"2023-10-13 06:00:00",-0.006393056
"2023-10-13 07:00:00",-0.006471667
"2023-10-13 08:00:00",-0.006441667
"2023-10-13 09:00:00",0.085052781
"2023-10-13 10:00:00",0.293780833
"2023-10-13 11:00:00",0.314366102
"2023-10-13 12:00:00",0.227855831
"2023-10-13 13:00:00",0.352285564
"2023-10-13 14:00:00",0.445081115
"2023-10-13 15:00:00",0.390354156
"2023-10-13 16:00:00",0.219334170
"2023-10-13 17:00:00",0.047414724
"2023-10-13 18:00:00",-0.002990833
"2023-10-13 19:00:00",-0.006319444
"2023-10-13 20:00:00",-0.006380000
"2023-10-13 21:00:00",-0.006332500
"2023-10-13 22:00:00",-0.006331667
"2023-10-13 23:00:00",-0.006303056
"2023-10-14 00:00:00",-0.006263056
"2023-10-14 01:00:00",-0.006221111
"2023-10-14 02:00:00",-0.006220556
"2023-10-14 03:00:00",-0.006184722
"2023-10-14 04:00:00",-0.006210833
"2023-10-14 05:00:00",-0.006207778
"2023-10-14 06:00:00",-0.006185556
"2023-10-14 07:00:00",0.027117500
"2023-10-14 08:00:00",1.275839686
"2023-10-14 09:00:00",4.258212090
"2023-10-14 10:00:00",4.271344662
"2023-10-14 11:00:00",1.191970587
"2023-10-14 12:00:00",2.151126623
"2023-10-14 13:00:00",3.149194717
"2023-10-14 14:00:00",2.628151655
"2023-10-14 15:00:00",3.854061604
"2023-10-14 16:00:00",1.389298916
"2023-10-14 17:00:00",0.540105820
"2023-10-14 18:00:00",0.055932224
"2023-10-14 19:00:00",-0.006445000
"2023-10-14 20:00:00",-0.006431111
"2023-10-14 21:00:00",-0.006416111
"2023-10-14 22:00:00",-0.006419167
"2023-10-14 23:00:00",-0.006437778
"2023-10-15 00:00:00",-0.006353889
"2023-10-15 01:00:00",-0.006326667
"2023-10-15 02:00:00",-0.006330000
"2023-10-15 03:00:00",-0.006329444
"2023-10-15 04:00:00",-0.006335278
"2023-10-15 05:00:00",-0.006295833
"2023-10-15 06:00:00",-0.006240833
"2023-10-15 07:00:00",-0.000034722
"2023-10-15 08:00:00",0.216047496
"2023-10-15 09:00:00",0.876173079
"2023-10-15 10:00:00",2.546131849
"2023-10-15 11:00:00",3.290938616
"2023-10-15 12:00:00",6.618392944
"2023-10-15 13:00:00",8.351404190
"2023-10-15 14:00:00",7.794762135
"2023-10-15 15:00:00",6.185483456
"2023-10-15 16:00:00",4.491283417
"2023-10-15 17:00:00",1.877138019
"2023-10-15 18:00:00",0.117590554
"2023-10-15 19:00:00",-0.006580833
"2023-10-15 20:00:00",-0.006507500
"2023-10-15 21:00:00",-0.006577500
"2023-10-15 22:00:00",-0.006548889
"2023-10-15 23:00:00",-0.006508611
"2023-10-16 00:00:00",-0.006518889
"2023-10-16 01:00:00",-0.006477500
"2023-10-16 02:00:00",-0.006460000
"2023-10-16 03:00:00",-0.006413056
"2023-10-16 04:00:00",-0.006398056
"2023-10-16 05:00:00",-0.006340278
"2023-10-16 06:00:00",-0.006258056
"2023-10-16 07:00:00",0.023056945
"2023-10-16 08:00:00",1.481609464
"2023-10-16 09:00:00",4.176210403
"2023-10-16 10:00:00",4.845363140
"2023-10-16 11:00:00",7.441993713
"2023-10-16 12:00:00",8.222607613
"2023-10-16 13:00:00",8.059196472
"2023-10-16 14:00:00",7.568236828
"2023-10-16 15:00:00",6.378633499
"2023-10-16 16:00:00",4.369997978
"2023-10-16 17:00:00",1.665037513
"2023-10-16 18:00:00",0.032112502
"2023-10-16 19:00:00",-0.006889722
"2023-10-16 20:00:00",-0.006842500
"2023-10-16 21:00:00",-0.006824722
"2023-10-16 22:00:00",-0.006730556
"2023-10-16 23:00:00",-0.006765556
"2023-10-17 00:00:00",-0.006696944
"2023-10-17 01:00:00",-0.006609444
"2023-10-17 02:00:00",-0.006563611
"2023-10-17 03:00:00",-0.006526389
"2023-10-17 04:00:00",-0.006495833
"2023-10-17 05:00:00",-0.006493333
"2023-10-17 06:00:00",-0.006481667
"2023-10-17 07:00:00",0.007983611
"2023-10-17 08:00:00",1.186316371
"2023-10-17 09:00:00",4.024739742
"2023-10-17 10:00:00",6.115223885
"2023-10-17 11:00:00",7.250990868
"2023-10-17 12:00:00",7.884933472
"2023-10-17 13:00:00",7.388637066
"2023-10-17 14:00:00",7.098396301
"2023-10-17 15:00:00",5.493005753
"2023-10-17 16:00:00",3.465171337
"2023-10-17 17:00:00",1.745650053
"2023-10-17 18:00:00",0.048822220
"2023-10-17 19:00:00",-0.006645000
"2023-10-17 20:00:00",-0.006655556
"2023-10-17 21:00:00",-0.006676667
"2023-10-17 22:00:00",-0.006626667
"2023-10-17 23:00:00",-0.006580000
"2023-10-18 00:00:00",-0.006544444
"2023-10-18 01:00:00",-0.006519722
"2023-10-18 02:00:00",-0.006497778
"2023-10-18 03:00:00",-0.006469722
"2023-10-18 04:00:00",-0.006455000
"2023-10-18 05:00:00",-0.006417778
"2023-10-18 06:00:00",-0.006332500
"2023-10-18 07:00:00",0.019732499
"2023-10-18 08:00:00",0.524063587
"2023-10-18 09:00:00",1.401422739
"2023-10-18 10:00:00",2.284974098
"2023-10-18 11:00:00",1.183193922
"2023-10-18 12:00:00",7.004373074
"2023-10-18 13:00:00",6.525594234
"2023-10-18 14:00:00",1.163472176
"2023-10-18 15:00:00",0.951601386
"2023-10-18 16:00:00",1.108503580
"2023-10-18 17:00:00",0.920346677
"2023-10-18 18:00:00",0.049201943
"2023-10-18 19:00:00",-0.006543333
"2023-10-18 20:00:00",-0.006481111
"2023-10-18 21:00:00",-0.006535833
"2023-10-18 22:00:00",-0.006528333
"2023-10-18 23:00:00",-0.006478889
"2023-10-19 00:00:00",-0.006419444
"2023-10-19 01:00:00",-0.006423333
"2023-10-19 02:00:00",-0.006418056
"2023-10-19 03:00:00",-0.006382500
"2023-10-19 04:00:00",-0.006455833
"2023-10-19 05:00:00",-0.006467222
"2023-10-19 06:00:00",-0.006450833
"2023-10-19 07:00:00",-0.000703611
"2023-10-19 08:00:00",0.401898891
"2023-10-19 09:00:00",0.536016107
"2023-10-19 10:00:00",0.262924433
"2023-10-19 11:00:00",1.338888288
"2023-10-19 12:00:00",2.799969196
"2023-10-19 13:00:00",1.260350585
"2023-10-19 14:00:00",1.882312536
"2023-10-19 15:00:00",4.154856205
"2023-10-19 16:00:00",3.450638294
"2023-10-19 17:00:00",0.605594695
"2023-10-19 18:00:00",-0.000477222
"2023-10-19 19:00:00",-0.006433056
"2023-10-19 20:00:00",-0.006448611
"2023-10-19 21:00:00",-0.006485556
"2023-10-19 22:00:00",-0.006509167
"2023-10-19 23:00:00",-0.006600833
"2023-10-20 00:00:00",-0.006567222
"2023-10-20 01:00:00",-0.006518056
"2023-10-20 02:00:00",-0.006457778
"2023-10-20 03:00:00",-0.006393889
"2023-10-20 04:00:00",-0.006347500
"2023-10-20 05:00:00",-0.006263889
"2023-10-20 06:00:00",-0.006174722
"2023-10-20 07:00:00",0.008753889
"2023-10-20 08:00:00",0.978543341
"2023-10-20 09:00:00",3.645891666
"2023-10-20 10:00:00",5.818069935
"2023-10-20 11:00:00",7.101721764
"2023-10-20 12:00:00",7.656422615
"2023-10-20 13:00:00",7.722682953
"2023-10-20 14:00:00",7.204559803
"2023-10-20 15:00:00",5.985722065
"2023-10-20 16:00:00",3.862075090
"2023-10-20 17:00:00",0.869451642
"2023-10-20 18:00:00",0.035077501
"2023-10-20 19:00:00",-0.006710278
"2023-10-20 20:00:00",-0.006616389
"2023-10-20 21:00:00",-0.006528889
"2023-10-20 22:00:00",-0.006587778
"2023-10-20 23:00:00",-0.006502222
"2023-10-21 00:00:00",-0.006378056
"2023-10-21 01:00:00",-0.006398889
"2023-10-21 02:00:00",-0.006396389
"2023-10-21 03:00:00",-0.006414444
"2023-10-21 04:00:00",-0.006403333
"2023-10-21 05:00:00",-0.006338333
"2023-10-21 06:00:00",-0.006308333
"2023-10-21 07:00:00",0.003906667
"2023-10-21 08:00:00",1.009477735
"2023-10-21 09:00:00",3.818637609
"2023-10-21 10:00:00",6.171010971
"2023-10-21 11:00:00",7.125444412
"2023-10-21 12:00:00",5.124057770
"2023-10-21 13:00:00",3.368333817
"2023-10-21 14:00:00",1.397752523
"2023-10-21 15:00:00",1.394705534
"2023-10-21 16:00:00",0.826400578
"2023-10-21 17:00:00",0.425985843
"2023-10-21 18:00:00",0.013054444
"2023-10-21 19:00:00",-0.006454167
"2023-10-21 20:00:00",-0.006502778
"2023-10-21 21:00:00",-0.006380278
"2023-10-21 22:00:00",-0.006393333
"2023-10-21 23:00:00",-0.006326389
"2023-10-22 00:00:00",-0.006251667
"2023-10-22 01:00:00",-0.006243056
"2023-10-22 02:00:00",-0.006239444
"2023-10-22 03:00:00",-0.006255833
"2023-10-22 04:00:00",-0.006241389
"2023-10-22 05:00:00",-0.006213333
"2023-10-22 06:00:00",-0.006183056
"2023-10-22 07:00:00",0.005148611
"2023-10-22 08:00:00",0.900494695
"2023-10-22 09:00:00",3.701993942
"2023-10-22 10:00:00",6.077795029
"2023-10-22 11:00:00",7.321637630
"2023-10-22 12:00:00",7.807353973
"2023-10-22 13:00:00",5.711239815
"2023-10-22 14:00:00",5.362483978
"2023-10-22 15:00:00",3.895530939
"2023-10-22 16:00:00",2.383549452
"2023-10-22 17:00:00",1.241577744
"2023-10-22 18:00:00",0.004284167
"2023-10-22 19:00:00",-0.006493611
"2023-10-22 20:00:00",-0.006476944
"2023-10-22 21:00:00",-0.006582778
"2023-10-22 22:00:00",-0.006555000
"2023-10-22 23:00:00",-0.006608333
"2023-10-23 00:00:00",-0.006543611
"2023-10-23 01:00:00",-0.006538889
"2023-10-23 02:00:00",-0.006472778
"2023-10-23 03:00:00",-0.006439722
"2023-10-23 04:00:00",-0.006370278
"2023-10-23 05:00:00",-0.006320833
"2023-10-23 06:00:00",-0.006312778
"2023-10-23 07:00:00",-0.006515833
"2023-10-23 08:00:00",0.053541113
"2023-10-23 09:00:00",0.401391655
"2023-10-23 10:00:00",3.172493935
"2023-10-23 11:00:00",6.056043625
"2023-10-23 12:00:00",4.997817039
"2023-10-23 13:00:00",4.918978691
"2023-10-23 14:00:00",4.967189312
"2023-10-23 15:00:00",4.959122181
"2023-10-23 16:00:00",3.423656225
"2023-10-23 17:00:00",1.082162261
"2023-10-23 18:00:00",-0.001924167
"2023-10-23 19:00:00",-0.006588611
"2023-10-23 20:00:00",-0.006508333
"2023-10-23 21:00:00",-0.006553056
"2023-10-23 22:00:00",-0.006577778
"2023-10-23 23:00:00",-0.006573889
"2023-10-24 00:00:00",-0.006608889
"2023-10-24 01:00:00",-0.006586944
"2023-10-24 02:00:00",-0.006555278
"2023-10-24 03:00:00",-0.006515000
"2023-10-24 04:00:00",-0.006510833
"2023-10-24 05:00:00",-0.006480833
"2023-10-24 06:00:00",-0.006437222
"2023-10-24 07:00:00",-0.006451667
"2023-10-24 08:00:00",0.144655272
"2023-10-24 09:00:00",0.660014749
"2023-10-24 10:00:00",1.285898924
"2023-10-24 11:00:00",0.053448334
"2023-10-24 12:00:00",0.591910839
"2023-10-24 13:00:00",0.268932223
"2023-10-24 14:00:00",0.020303056
"2023-10-24 15:00:00",0.127310827
"2023-10-24 16:00:00",0.084778890
"2023-10-24 17:00:00",-0.003054722
"2023-10-24 18:00:00",-0.006363611
"2023-10-24 19:00:00",-0.006400278
"2023-10-24 20:00:00",-0.006433333
"2023-10-24 21:00:00",-0.006518611
"2023-10-24 22:00:00",-0.006539167
"2023-10-24 23:00:00",-0.006533056
"2023-10-25 00:00:00",-0.006405000
"2023-10-25 01:00:00",-0.006365556
"2023-10-25 02:00:00",-0.006316667
"2023-10-25 03:00:00",-0.006306667
"2023-10-25 04:00:00",-0.006361111
"2023-10-25 05:00:00",-0.006339444
"2023-10-25 06:00:00",-0.006327500
"2023-10-25 07:00:00",-0.006388889
"2023-10-25 08:00:00",0.065814443
"2023-10-25 09:00:00",0.255566657
"2023-10-25 10:00:00",0.644816697
"2023-10-25 11:00:00",1.249642730
"2023-10-25 12:00:00",1.134536624
"2023-10-25 13:00:00",1.218063831
"2023-10-25 14:00:00",1.696613073
"2023-10-25 15:00:00",0.979533911
"2023-10-25 16:00:00",0.378870845
"2023-10-25 17:00:00",0.163074717
"2023-10-25 18:00:00",-0.006264444
"2023-10-25 19:00:00",-0.006269167
"2023-10-25 20:00:00",-0.006278056
"2023-10-25 21:00:00",-0.006405833
"2023-10-25 22:00:00",-0.006478611
"2023-10-25 23:00:00",-0.006464722
"2023-10-26 00:00:00",-0.006433611
"2023-10-26 01:00:00",-0.006436111
"2023-10-26 02:00:00",-0.006446111
"2023-10-26 03:00:00",-0.006445278
"2023-10-26 04:00:00",-0.006405556
"2023-10-26 05:00:00",-0.006385556
"2023-10-26 06:00:00",-0.006387500
"2023-10-26 07:00:00",-0.006394444
"2023-10-26 08:00:00",0.048418332
"2023-10-26 09:00:00",0.207542226
"2023-10-26 10:00:00",0.855473042
"2023-10-26 11:00:00",1.645944953
"2023-10-26 12:00:00",1.075336933
"2023-10-26 13:00:00",1.287350059
"2023-10-26 14:00:00",0.945106924
"2023-10-26 15:00:00",0.925779164
"2023-10-26 16:00:00",0.257321388
"2023-10-26 17:00:00",0.018422779
"2023-10-26 18:00:00",-0.006441667
"2023-10-26 19:00:00",-0.006358611
"2023-10-26 20:00:00",-0.006381389
"2023-10-26 21:00:00",-0.006326667
"2023-10-26 22:00:00",-0.006353056
"2023-10-26 23:00:00",-0.006416944
"2023-10-27 00:00:00",-0.006363889
"2023-10-27 01:00:00",-0.006395833
"2023-10-27 02:00:00",-0.006413611
"2023-10-27 03:00:00",-0.006381389
"2023-10-27 04:00:00",-0.006396667
"2023-10-27 05:00:00",-0.006403889
"2023-10-27 06:00:00",-0.006345833
"2023-10-27 07:00:00",-0.006473056
"2023-10-27 08:00:00",0.160540834
"2023-10-27 09:00:00",0.798925281
"2023-10-27 10:00:00",0.784290016
"2023-10-27 11:00:00",0.870181084
"2023-10-27 12:00:00",1.262470245
"2023-10-27 13:00:00",1.554489970
"2023-10-27 14:00:00",1.314779997
"2023-10-27 15:00:00",0.744719148
"2023-10-27 16:00:00",0.373738617
"2023-10-27 17:00:00",0.095116667
"2023-10-27 18:00:00",-0.006238333
"2023-10-27 19:00:00",-0.006294722
"2023-10-27 20:00:00",-0.006246667
"2023-10-27 21:00:00",-0.006308611
"2023-10-27 22:00:00",-0.006332500
"2023-10-27 23:00:00",-0.006302222
"2023-10-28 00:00:00",-0.006338611
"2023-10-28 01:00:00",-0.006355833
"2023-10-28 02:00:00",-0.006329444
"2023-10-28 03:00:00",-0.006277222
"2023-10-28 04:00:00",-0.006240000
"2023-10-28 05:00:00",-0.006236111
"2023-10-28 06:00:00",-0.006149722
"2023-10-28 07:00:00",-0.006058056
"2023-10-28 08:00:00",0.185921118
"2023-10-28 09:00:00",1.012186408
"2023-10-28 10:00:00",2.556132555
"2023-10-28 11:00:00",3.100712538
"2023-10-28 12:00:00",3.380840302
"2023-10-28 13:00:00",1.683954120
"2023-10-28 14:00:00",1.517130613
"2023-10-28 15:00:00",1.195023894
"2023-10-28 16:00:00",0.600917220
"2023-10-28 17:00:00",0.214136660
"2023-10-28 18:00:00",-0.006017222
"2023-10-28 19:00:00",-0.006272500
"2023-10-28 20:00:00",-0.006293333
"2023-10-28 21:00:00",-0.006310000
"2023-10-28 22:00:00",-0.006282778
"2023-10-28 23:00:00",-0.006210000
"2023-10-29 00:00:00",-0.006178611
"2023-10-29 01:00:00",-0.006197500
"2023-10-29 02:00:00",-0.006198611
"2023-10-29 03:00:00",-0.006194444
"2023-10-29 04:00:00",-0.006200833
"2023-10-29 05:00:00",-0.006132778
"2023-10-29 06:00:00",-0.006116944
"2023-10-29 07:00:00",-0.006081944
"2023-10-29 08:00:00",0.421778321
"2023-10-29 09:00:00",1.648408055
"2023-10-29 10:00:00",4.555913925
"2023-10-29 11:00:00",5.659063816
"2023-10-29 12:00:00",5.185934067
"2023-10-29 13:00:00",6.317358494
"2023-10-29 14:00:00",6.109776020
"2023-10-29 15:00:00",4.904787064
"2023-10-29 16:00:00",3.507035255
"2023-10-29 17:00:00",0.520330250
"2023-10-29 18:00:00",-0.005752778
"2023-10-29 19:00:00",-0.006584722
"2023-10-29 20:00:00",-0.006555556
"2023-10-29 21:00:00",-0.006560000
"2023-10-29 22:00:00",-0.006560278
"2023-10-29 23:00:00",-0.006517500
"2023-10-30 00:00:00",-0.006511667
"2023-10-30 01:00:00",-0.006494444
"2023-10-30 02:00:00",-0.006386389
"2023-10-30 03:00:00",-0.006309444
"2023-10-30 04:00:00",-0.006275833
"2023-10-30 05:00:00",-0.006309444
"2023-10-30 06:00:00",-0.006241667
"2023-10-30 07:00:00",-0.005000556
"2023-10-30 08:00:00",0.725110292
"2023-10-30 09:00:00",3.382150888
"2023-10-30 10:00:00",5.635364532
"2023-10-30 11:00:00",6.042597294
"2023-10-30 12:00:00",4.977329731
"2023-10-30 13:00:00",4.617176056
"2023-10-30 14:00:00",4.392842293
"2023-10-30 15:00:00",1.845865250
"2023-10-30 16:00:00",1.010872483
"2023-10-30 17:00:00",0.220191672
"2023-10-30 18:00:00",-0.006511667
"2023-10-30 19:00:00",-0.006550556
"2023-10-30 20:00:00",-0.006512778
"2023-10-30 21:00:00",-0.006479722
"2023-10-30 22:00:00",-0.006509444
"2023-10-30 23:00:00",-0.006431944
"2023-10-31 00:00:00",-0.006343333
"2023-10-31 01:00:00",-0.006354444
"2023-10-31 02:00:00",-0.006296944
"2023-10-31 03:00:00",-0.006257222
"2023-10-31 04:00:00",-0.006179167
"2023-10-31 05:00:00",-0.006170556
"2023-10-31 06:00:00",-0.006235833
"2023-10-31 07:00:00",-0.006364167
"2023-10-31 08:00:00",-0.006430833
"2023-10-31 09:00:00",-0.003015278
"2023-10-31 10:00:00",0.164147228
"2023-10-31 11:00:00",0.334209174
"2023-10-31 12:00:00",0.744561374
"2023-10-31 13:00:00",2.057762861
"2023-10-31 14:00:00",4.398233414
"2023-10-31 15:00:00",4.500059128
"2023-10-31 16:00:00",2.699211597
"2023-10-31 17:00:00",0.922479987
"2023-10-31 18:00:00",-0.006177222
"2023-10-31 19:00:00",-0.006494167
"2023-10-31 20:00:00",-0.006465556
"2023-10-31 21:00:00",-0.006508611
"2023-10-31 22:00:00",-0.006471667
"2023-10-31 23:00:00",-0.006435833
"2023-11-01 00:00:00",-0.006339167
"2023-11-01 01:00:00",-0.006113333
"2023-11-01 02:00:00",-0.006051389
"2023-11-01 03:00:00",-0.006022500
"2023-11-01 04:00:00",-0.006052778
"2023-11-01 05:00:00",-0.006032222
"2023-11-01 06:00:00",-0.006056389
"2023-11-01 07:00:00",-0.006238333
"2023-11-01 08:00:00",0.183401108
"2023-11-01 09:00:00",1.021085024
"2023-11-01 10:00:00",1.343880296
"2023-11-01 11:00:00",1.578811646
"2023-11-01 12:00:00",1.558977485
"2023-11-01 13:00:00",1.825490594
"2023-11-01 14:00:00",2.202524900
"2023-11-01 15:00:00",2.091163397
"2023-11-01 16:00:00",1.172951937
"2023-11-01 17:00:00",0.357258618
"2023-11-01 18:00:00",-0.004705833
"2023-11-01 19:00:00",-0.006390000
"2023-11-01 20:00:00",-0.006376389
"2023-11-01 21:00:00",-0.006328889
"2023-11-01 22:00:00",-0.006308056
"2023-11-01 23:00:00",-0.006243333
"2023-11-02 00:00:00",-0.006242222
"2023-11-02 01:00:00",-0.006241944
"2023-11-02 02:00:00",-0.006191944
"2023-11-02 03:00:00",-0.006200000
"2023-11-02 04:00:00",-0.006171667
"2023-11-02 05:00:00",-0.006148056
"2023-11-02 06:00:00",-0.006094722
"2023-11-02 07:00:00",-0.006237222
"2023-11-02 08:00:00",0.507537484
"2023-11-02 09:00:00",2.973364830
"2023-11-02 10:00:00",5.100543022
"2023-11-02 11:00:00",3.462145567
"2023-11-02 12:00:00",3.044398069
"2023-11-02 13:00:00",3.569391966
"2023-11-02 14:00:00",6.453173161
"2023-11-02 15:00:00",4.819303513
"2023-11-02 16:00:00",2.771179676
"2023-11-02 17:00:00",0.328462780
"2023-11-02 18:00:00",-0.005597778
"2023-11-02 19:00:00",-0.006544722
"2023-11-02 20:00:00",-0.006477500
"2023-11-02 21:00:00",-0.006508611
"2023-11-02 22:00:00",-0.006513611
"2023-11-02 23:00:00",-0.006521944
"2023-11-03 00:00:00",-0.006474444
"2023-11-03 01:00:00",-0.006466944
"2023-11-03 02:00:00",-0.006421944
"2023-11-03 03:00:00",-0.006308333
"2023-11-03 04:00:00",-0.006323611
"2023-11-03 05:00:00",-0.006251944
"2023-11-03 06:00:00",-0.006305278
"2023-11-03 07:00:00",-0.006383889
"2023-11-03 08:00:00",0.051738888
"2023-11-03 09:00:00",0.961937785
"2023-11-03 10:00:00",1.392220855
"2023-11-03 11:00:00",2.407696009
"2023-11-03 12:00:00",3.086097240
"2023-11-03 13:00:00",5.375790596
"2023-11-03 14:00:00",6.673427105
"2023-11-03 15:00:00",5.310101509
"2023-11-03 16:00:00",2.576088667
"2023-11-03 17:00:00",0.517448902
"2023-11-03 18:00:00",-0.006467778
"2023-11-03 19:00:00",-0.006474167
"2023-11-03 20:00:00",-0.006360556
"2023-11-03 21:00:00",-0.006315556
"2023-11-03 22:00:00",-0.006340278
"2023-11-03 23:00:00",-0.006259444
"2023-11-04 00:00:00",-0.006225278
"2023-11-04 01:00:00",-0.006244167
"2023-11-04 02:00:00",-0.006230278
"2023-11-04 03:00:00",-0.006230278
"2023-11-04 04:00:00",-0.006247222
"2023-11-04 05:00:00",-0.006254167
"2023-11-04 06:00:00",-0.006240833
"2023-11-04 07:00:00",-0.006348611
"2023-11-04 08:00:00",0.599443316
"2023-11-04 09:00:00",1.328313351
"2023-11-04 10:00:00",2.521626711
"2023-11-04 11:00:00",6.073827267
"2023-11-04 12:00:00",6.358953476
"2023-11-04 13:00:00",7.259684563
"2023-11-04 14:00:00",6.571134567
"2023-11-04 15:00:00",4.607131004
"2023-11-04 16:00:00",2.883030891
"2023-11-04 17:00:00",0.555427790
"2023-11-04 18:00:00",-0.006359722
"2023-11-04 19:00:00",-0.006523333
"2023-11-04 20:00:00",-0.006461111
"2023-11-04 21:00:00",-0.006443056
"2023-11-04 22:00:00",-0.006397778
"2023-11-04 23:00:00",-0.006263889
"2023-11-05 00:00:00",-0.006306667
"2023-11-05 01:00:00",-0.006282222
"2023-11-05 02:00:00",-0.006250000
"2023-11-05 03:00:00",-0.006237778
"2023-11-05 04:00:00",-0.006194444
"2023-11-05 05:00:00",-0.006162222
"2023-11-05 06:00:00",-0.006172222
"2023-11-05 07:00:00",0.270509988
"2023-11-05 08:00:00",0.593003035
"2023-11-05 09:00:00",1.173419952
"2023-11-05 10:00:00",3.090585232
"2023-11-05 11:00:00",2.278033018
"2023-11-05 12:00:00",1.309218049
"2023-11-05 13:00:00",1.151460528
"2023-11-05 14:00:00",1.187688112
"2023-11-05 15:00:00",1.292664766
"2023-11-05 16:00:00",0.209661663
"2023-11-05 17:00:00",-0.006233056
"2023-11-05 18:00:00",-0.006182778
"2023-11-05 19:00:00",-0.006196389
"2023-11-05 20:00:00",-0.006229722
"2023-11-05 21:00:00",-0.006181389
"2023-11-05 22:00:00",-0.006232778
"2023-11-05 23:00:00",-0.006237500
"2023-11-06 00:00:00",-0.006231389
"2023-11-06 01:00:00",-0.006178889
"2023-11-06 02:00:00",-0.006216111
"2023-11-06 03:00:00",-0.006193333
"2023-11-06 04:00:00",-0.006223611
"2023-11-06 05:00:00",-0.006205278
"2023-11-06 06:00:00",-0.006251667
"2023-11-06 07:00:00",0.420853347
"2023-11-06 08:00:00",2.683922529
"2023-11-06 09:00:00",2.291404724
"2023-11-06 10:00:00",1.437543869
"2023-11-06 11:00:00",1.333338618
"2023-11-06 12:00:00",1.121718049
"2023-11-06 13:00:00",0.852122486
"2023-11-06 14:00:00",0.721839190
"2023-11-06 15:00:00",0.693170249
"2023-11-06 16:00:00",0.161682501
"2023-11-06 17:00:00",-0.006339167
"2023-11-06 18:00:00",-0.006316944
"2023-11-06 19:00:00",-0.006330556
"2023-11-06 20:00:00",-0.006248056
"2023-11-06 21:00:00",-0.006283333
"2023-11-06 22:00:00",-0.006254167
"2023-11-06 23:00:00",-0.006199722
"2023-11-07 00:00:00",-0.006178611
"2023-11-07 01:00:00",-0.006191389
"2023-11-07 02:00:00",-0.006166944
"2023-11-07 03:00:00",-0.006147222
"2023-11-07 04:00:00",-0.006140278
"2023-11-07 05:00:00",-0.006140833
"2023-11-07 06:00:00",-0.006126944
"2023-11-07 07:00:00",0.064685002
"2023-11-07 08:00:00",0.520353079
"2023-11-07 09:00:00",1.071188927
"2023-11-07 10:00:00",2.155563593
"2023-11-07 11:00:00",1.505313039
"2023-11-07 12:00:00",2.315510750
"2023-11-07 13:00:00",1.947168112
"2023-11-07 14:00:00",1.273390532
"2023-11-07 15:00:00",0.520140529
"2023-11-07 16:00:00",0.103872225
"2023-11-07 17:00:00",-0.006431667
"2023-11-07 18:00:00",-0.006477222
"2023-11-07 19:00:00",-0.006507778
"2023-11-07 20:00:00",-0.006350000
"2023-11-07 21:00:00",-0.006343056
"2023-11-07 22:00:00",-0.006260833
"2023-11-07 23:00:00",-0.006279167
"2023-11-08 00:00:00",-0.006273611
"2023-11-08 01:00:00",-0.006282778
"2023-11-08 02:00:00",-0.006233889
"2023-11-08 03:00:00",-0.006194167
"2023-11-08 04:00:00",-0.006190556
"2023-11-08 05:00:00",-0.006180556
"2023-11-08 06:00:00",-0.006043333
"2023-11-08 07:00:00",0.019623056
"2023-11-08 08:00:00",0.708581388
"2023-11-08 09:00:00",1.022421122
"2023-11-08 10:00:00",1.471584201
"2023-11-08 11:00:00",2.465931654
"2023-11-08 12:00:00",2.528522253
"2023-11-08 13:00:00",2.258909464
"2023-11-08 14:00:00",1.964822769
"2023-11-08 15:00:00",1.069187760
"2023-11-08 16:00:00",0.181023061
"2023-11-08 17:00:00",-0.006466944
"2023-11-08 18:00:00",-0.006447778
"2023-11-08 19:00:00",-0.006440278
"2023-11-08 20:00:00",-0.006405278
"2023-11-08 21:00:00",-0.006386944
"2023-11-08 22:00:00",-0.006380833
"2023-11-08 23:00:00",-0.006428333
"2023-11-09 00:00:00",-0.006401389
"2023-11-09 01:00:00",-0.006380278
"2023-11-09 02:00:00",-0.006271667
"2023-11-09 03:00:00",-0.006196389
"2023-11-09 04:00:00",-0.006149167
"2023-11-09 05:00:00",-0.006117778
"2023-11-09 06:00:00",-0.006078889
"2023-11-09 07:00:00",0.382464170
"2023-11-09 08:00:00",2.759305477
"2023-11-09 09:00:00",5.234226227
"2023-11-09 10:00:00",6.726706028
"2023-11-09 11:00:00",7.400566578
"2023-11-09 12:00:00",7.420603275
"2023-11-09 13:00:00",6.723432541
"2023-11-09 14:00:00",5.029210091
"2023-11-09 15:00:00",2.033416271
"2023-11-09 16:00:00",0.110814720
"2023-11-09 17:00:00",-0.006610556
"2023-11-09 18:00:00",-0.006488611
"2023-11-09 19:00:00",-0.006457500
"2023-11-09 20:00:00",-0.006478333
"2023-11-09 21:00:00",-0.006521389
"2023-11-09 22:00:00",-0.006490000
"2023-11-09 23:00:00",-0.006474167
"2023-11-10 00:00:00",-0.006377222
"2023-11-10 01:00:00",-0.006371944
"2023-11-10 02:00:00",-0.006015556
"2023-11-10 03:00:00",-0.006006944
"2023-11-10 04:00:00",-0.006005556
"2023-11-10 05:00:00",-0.006004444
"2023-11-10 06:00:00",-0.006069444
"2023-11-10 07:00:00",0.063678890
"2023-11-10 08:00:00",0.325900823
"2023-11-10 09:00:00",0.811183631
"2023-11-10 10:00:00",0.987074971
"2023-11-10 11:00:00",0.887025297
"2023-11-10 12:00:00",1.062504411
"2023-11-10 13:00:00",1.418432832
"2023-11-10 14:00:00",1.194658875
"2023-11-10 15:00:00",0.695206642
"2023-11-10 16:00:00",0.059503332
"2023-11-10 17:00:00",-0.006191944
"2023-11-10 18:00:00",-0.006165556
"2023-11-10 19:00:00",-0.006178333
"2023-11-10 20:00:00",-0.006163333
"2023-11-10 21:00:00",-0.006191389
"2023-11-10 22:00:00",-0.006083611
"2023-11-10 23:00:00",-0.006080000
"2023-11-11 00:00:00",-0.006108889
"2023-11-11 01:00:00",-0.006055556
"2023-11-11 02:00:00",-0.006014722
"2023-11-11 03:00:00",-0.006053889
"2023-11-11 04:00:00",-0.006076389
"2023-11-11 05:00:00",-0.006096667
"2023-11-11 06:00:00",-0.006032778
"2023-11-11 07:00:00",0.186606944
"2023-11-11 08:00:00",0.552603602
"2023-11-11 09:00:00",0.792619705
"2023-11-11 10:00:00",1.551795840
"2023-11-11 11:00:00",1.734636664
"2023-11-11 12:00:00",2.286174059
"2023-11-11 13:00:00",1.710774779
"2023-11-11 14:00:00",1.076938391
"2023-11-11 15:00:00",0.300749451
"2023-11-11 16:00:00",0.047947221
"2023-11-11 17:00:00",-0.006155556
"2023-11-11 18:00:00",-0.006140000
"2023-11-11 19:00:00",-0.006121389
"2023-11-11 20:00:00",-0.006102222
"2023-11-11 21:00:00",-0.006088611
"2023-11-11 22:00:00",-0.006119444
"2023-11-11 23:00:00",-0.006074444
"2023-11-12 00:00:00",-0.006088333
"2023-11-12 01:00:00",-0.006089167
"2023-11-12 02:00:00",-0.006073889
"2023-11-12 03:00:00",-0.006056667
"2023-11-12 04:00:00",-0.006129722
"2023-11-12 05:00:00",-0.006066111
"2023-11-12 06:00:00",-0.006032500
"2023-11-12 07:00:00",0.077252775
"2023-11-12 08:00:00",1.521645546
"2023-11-12 09:00:00",4.785088539
"2023-11-12 10:00:00",6.321171284
"2023-11-12 11:00:00",6.953968048
"2023-11-12 12:00:00",5.964725971
"2023-11-12 13:00:00",4.519334316
"2023-11-12 14:00:00",4.828246593
"2023-11-12 15:00:00",2.669812202
"2023-11-12 16:00:00",0.453433335
"2023-11-12 17:00:00",-0.006365833
"2023-11-12 18:00:00",-0.006369167
"2023-11-12 19:00:00",-0.006335833
"2023-11-12 20:00:00",-0.006343333
"2023-11-12 21:00:00",-0.006338611
"2023-11-12 22:00:00",-0.006233889
"2023-11-12 23:00:00",-0.006209722
"2023-11-13 00:00:00",-0.006212778
"2023-11-13 01:00:00",-0.006221111
"2023-11-13 02:00:00",-0.006191667
"2023-11-13 03:00:00",-0.006096944
"2023-11-13 04:00:00",-0.006033333
"2023-11-13 05:00:00",-0.006054167
"2023-11-13 06:00:00",-0.006038056
"2023-11-13 07:00:00",0.262753606
"2023-11-13 08:00:00",2.496957541
"2023-11-13 09:00:00",4.955018997
"2023-11-13 10:00:00",6.411749840
"2023-11-13 11:00:00",7.025276184
"2023-11-13 12:00:00",7.008186817
"2023-11-13 13:00:00",6.314452648
"2023-11-13 14:00:00",5.186308861
"2023-11-13 15:00:00",2.659551382
"2023-11-13 16:00:00",0.397613347
"2023-11-13 17:00:00",-0.006434167
"2023-11-13 18:00:00",-0.006360278
"2023-11-13 19:00:00",-0.006266111
"2023-11-13 20:00:00",-0.006280000
"2023-11-13 21:00:00",-0.006308611
"2023-11-13 22:00:00",-0.006237222
"2023-11-13 23:00:00",-0.006226111
"2023-11-14 00:00:00",-0.006182500
"2023-11-14 01:00:00",-0.006193056
"2023-11-14 02:00:00",-0.006107500
"2023-11-14 03:00:00",-0.006090556
"2023-11-14 04:00:00",-0.006096667
"2023-11-14 05:00:00",-0.006045000
"2023-11-14 06:00:00",-0.006045833
"2023-11-14 07:00:00",0.215622216
"2023-11-14 08:00:00",1.356441140
"2023-11-14 09:00:00",2.002958298
"2023-11-14 10:00:00",4.522249222
"2023-11-14 11:00:00",7.040111065
"2023-11-14 12:00:00",4.261602402
"2023-11-14 13:00:00",1.832785010
"2023-11-14 14:00:00",1.495635033
"2023-11-14 15:00:00",1.716211081
"2023-11-14 16:00:00",0.120536387
"2023-11-14 17:00:00",-0.006226111
"2023-11-14 18:00:00",-0.006326667
"2023-11-14 19:00:00",-0.006313333
"2023-11-14 20:00:00",-0.006219444
"2023-11-14 21:00:00",-0.006204722
"2023-11-14 22:00:00",-0.006274167
"2023-11-14 23:00:00",-0.006270000
"2023-11-15 00:00:00",-0.006225278
"2023-11-15 01:00:00",-0.006213611
"2023-11-15 02:00:00",-0.006153889
"2023-11-15 03:00:00",-0.006145000
"2023-11-15 04:00:00",-0.006119722
"2023-11-15 05:00:00",-0.006043889
"2023-11-15 06:00:00",-0.006038611
"2023-11-15 07:00:00",0.205741942
"2023-11-15 08:00:00",2.236320257
"2023-11-15 09:00:00",4.561646461
"2023-11-15 10:00:00",5.991673470
"2023-11-15 11:00:00",6.659784794
"2023-11-15 12:00:00",6.612766266
"2023-11-15 13:00:00",6.008301735
"2023-11-15 14:00:00",4.577343464
"2023-11-15 15:00:00",1.725849748
"2023-11-15 16:00:00",0.214403614
"2023-11-15 17:00:00",-0.006749444
"2023-11-15 18:00:00",-0.006726111
"2023-11-15 19:00:00",-0.006693611
"2023-11-15 20:00:00",-0.006631111
"2023-11-15 21:00:00",-0.006642778
"2023-11-15 22:00:00",-0.006561667
"2023-11-15 23:00:00",-0.006558333
"2023-11-16 00:00:00",-0.006524444
"2023-11-16 01:00:00",-0.006482778
"2023-11-16 02:00:00",-0.006491667
"2023-11-16 03:00:00",-0.006458333
"2023-11-16 04:00:00",-0.006468056
"2023-11-16 05:00:00",-0.006409167
"2023-11-16 06:00:00",-0.006341667
"2023-11-16 07:00:00",0.049142778
"2023-11-16 08:00:00",1.974381447
"2023-11-16 09:00:00",4.417665482
"2023-11-16 10:00:00",4.880253792
"2023-11-16 11:00:00",4.167168617
"2023-11-16 12:00:00",3.125778913
"2023-11-16 13:00:00",4.304149628
"2023-11-16 14:00:00",1.807114482
"2023-11-16 15:00:00",0.622919738
"2023-11-16 16:00:00",0.050199166
"2023-11-16 17:00:00",-0.006543889
"2023-11-16 18:00:00",-0.006591667
"2023-11-16 19:00:00",-0.006563056
"2023-11-16 20:00:00",-0.006576667
"2023-11-16 21:00:00",-0.006580278
"2023-11-16 22:00:00",-0.006500278
"2023-11-16 23:00:00",-0.006435000
"2023-11-17 00:00:00",-0.006419444
"2023-11-17 01:00:00",-0.006441944
"2023-11-17 02:00:00",-0.006435278
"2023-11-17 03:00:00",-0.006402222
"2023-11-17 04:00:00",-0.006345833
"2023-11-17 05:00:00",-0.006252778
"2023-11-17 06:00:00",-0.006173611
"2023-11-17 07:00:00",0.036768887
"2023-11-17 08:00:00",0.983117521
"2023-11-17 09:00:00",2.807355642
"2023-11-17 10:00:00",5.238681316
"2023-11-17 11:00:00",7.026911736
"2023-11-17 12:00:00",7.019921303
"2023-11-17 13:00:00",6.316246510
"2023-11-17 14:00:00",4.379206181
"2023-11-17 15:00:00",2.410275221
"2023-11-17 16:00:00",0.331406951
"2023-11-17 17:00:00",-0.006688333
"2023-11-17 18:00:00",-0.006568333
"2023-11-17 19:00:00",-0.006512778
"2023-11-17 20:00:00",-0.006425000
"2023-11-17 21:00:00",-0.006452500
"2023-11-17 22:00:00",-0.006445556
"2023-11-17 23:00:00",-0.006391944
"2023-11-18 00:00:00",-0.006349167
"2023-11-18 01:00:00",-0.006292778
"2023-11-18 02:00:00",-0.006285556
"2023-11-18 03:00:00",-0.006355278
"2023-11-18 04:00:00",-0.006364722
"2023-11-18 05:00:00",-0.006278333
"2023-11-18 06:00:00",-0.006269722
"2023-11-18 07:00:00",0.158814162
"2023-11-18 08:00:00",2.099516630
"2023-11-18 09:00:00",4.443954945
"2023-11-18 10:00:00",5.917620182
"2023-11-18 11:00:00",6.602149487
"2023-11-18 12:00:00",6.668040752
"2023-11-18 13:00:00",5.956233501
"2023-11-18 14:00:00",4.464272022
"2023-11-18 15:00:00",2.253975630
"2023-11-18 16:00:00",0.301325291
"2023-11-18 17:00:00",-0.006459444
"2023-11-18 18:00:00",-0.006348889
"2023-11-18 19:00:00",-0.006327500
"2023-11-18 20:00:00",-0.006257778
"2023-11-18 21:00:00",-0.006212500
"2023-11-18 22:00:00",-0.006203889
"2023-11-18 23:00:00",-0.006112222
"2023-11-19 00:00:00",-0.006088889
"2023-11-19 01:00:00",-0.006083333
"2023-11-19 02:00:00",-0.006078333
"2023-11-19 03:00:00",-0.006057500
"2023-11-19 04:00:00",-0.006086111
"2023-11-19 05:00:00",-0.006052222
"2023-11-19 06:00:00",-0.006019722
"2023-11-19 07:00:00",0.139001384
"2023-11-19 08:00:00",2.022986412
"2023-11-19 09:00:00",4.360400200
"2023-11-19 10:00:00",5.875797749
"2023-11-19 11:00:00",6.600034237
"2023-11-19 12:00:00",6.458672047
"2023-11-19 13:00:00",4.786241531
"2023-11-19 14:00:00",4.208695412
"2023-11-19 15:00:00",1.834758639
"2023-11-19 16:00:00",0.097169168
"2023-11-19 17:00:00",-0.006315000
"2023-11-19 18:00:00",-0.006374722
"2023-11-19 19:00:00",-0.006345556
"2023-11-19 20:00:00",-0.006323056
"2023-11-19 21:00:00",-0.006331389
"2023-11-19 22:00:00",-0.006213056
"2023-11-19 23:00:00",-0.006147778
"2023-11-20 00:00:00",-0.006140556
"2023-11-20 01:00:00",-0.006115000
"2023-11-20 02:00:00",-0.006003056
"2023-11-20 03:00:00",-0.006004444
"2023-11-20 04:00:00",-0.005986667
"2023-11-20 05:00:00",-0.005983333
"2023-11-20 06:00:00",-0.006068889
"2023-11-20 07:00:00",0.003754444
"2023-11-20 08:00:00",0.235859171
"2023-11-20 09:00:00",0.739883602
"2023-11-20 10:00:00",1.201625824
"2023-11-20 11:00:00",1.939569950
"2023-11-20 12:00:00",2.839990616
"2023-11-20 13:00:00",1.924786091
"2023-11-20 14:00:00",0.902094722
"2023-11-20 15:00:00",0.496030271
"2023-11-20 16:00:00",0.061829999
"2023-11-20 17:00:00",-0.006166389
"2023-11-20 18:00:00",-0.006165278
"2023-11-20 19:00:00",-0.006183056
"2023-11-20 20:00:00",-0.006135833
"2023-11-20 21:00:00",-0.006153611
"2023-11-20 22:00:00",-0.006126111
"2023-11-20 23:00:00",-0.006082778
"2023-11-21 00:00:00",-0.006061667
"2023-11-21 01:00:00",-0.005959167
"2023-11-21 02:00:00",-0.005956111
"2023-11-21 03:00:00",-0.005982778
"2023-11-21 04:00:00",-0.005936111
"2023-11-21 05:00:00",-0.005921389
"2023-11-21 06:00:00",-0.005907222
"2023-11-21 07:00:00",-0.006030278
"2023-11-21 08:00:00",0.040872224
"2023-11-21 09:00:00",0.106624447
"2023-11-21 10:00:00",1.347572207
"2023-11-21 11:00:00",1.179478884
"2023-11-21 12:00:00",0.711668313
"2023-11-21 13:00:00",0.459321946
"2023-11-21 14:00:00",0.300081104
"2023-11-21 15:00:00",0.432168603
"2023-11-21 16:00:00",0.256233066
"2023-11-21 17:00:00",-0.005999167
"2023-11-21 18:00:00",-0.005942778
"2023-11-21 19:00:00",-0.005927500
"2023-11-21 20:00:00",-0.005912500
"2023-11-21 21:00:00",-0.005934444
"2023-11-21 22:00:00",-0.005978611
"2023-11-21 23:00:00",-0.005978333
"2023-11-22 00:00:00",-0.005941944
"2023-11-22 01:00:00",-0.005906944
"2023-11-22 02:00:00",-0.005895000
"2023-11-22 03:00:00",-0.005908889
"2023-11-22 04:00:00",-0.005895278
"2023-11-22 05:00:00",-0.005854722
"2023-11-22 06:00:00",-0.005879167
"2023-11-22 07:00:00",0.133074164
"2023-11-22 08:00:00",1.174196124
"2023-11-22 09:00:00",4.302907944
"2023-11-22 10:00:00",5.883656502
"2023-11-22 11:00:00",4.555226803
"2023-11-22 12:00:00",2.764577389
"2023-11-22 13:00:00",2.228842735
"2023-11-22 14:00:00",2.469973564
"2023-11-22 15:00:00",1.226839781
"2023-11-22 16:00:00",0.078536667
"2023-11-22 17:00:00",-0.006283056
"2023-11-22 18:00:00",-0.006268889
"2023-11-22 19:00:00",-0.006251667
"2023-11-22 20:00:00",-0.006212500
"2023-11-22 21:00:00",-0.006226667
"2023-11-22 22:00:00",-0.006275278
"2023-11-22 23:00:00",-0.006279167
"2023-11-23 00:00:00",-0.006342500
"2023-11-23 01:00:00",-0.006335278
"2023-11-23 02:00:00",-0.006248889
"2023-11-23 03:00:00",-0.006246111
"2023-11-23 04:00:00",-0.006250833
"2023-11-23 05:00:00",-0.006138889
"2023-11-23 06:00:00",-0.006112500
"2023-11-23 07:00:00",0.049839724
"2023-11-23 08:00:00",0.827893317
"2023-11-23 09:00:00",4.066390038
"2023-11-23 10:00:00",5.711749554
"2023-11-23 11:00:00",6.948653221
"2023-11-23 12:00:00",7.022766590
"2023-11-23 13:00:00",6.041710377
"2023-11-23 14:00:00",4.726608276
"2023-11-23 15:00:00",2.102329254
"2023-11-23 16:00:00",0.197493061
"2023-11-23 17:00:00",-0.006432222
"2023-11-23 18:00:00",-0.006354167
"2023-11-23 19:00:00",-0.006307222
"2023-11-23 20:00:00",-0.006228611
"2023-11-23 21:00:00",-0.006218889
"2023-11-23 22:00:00",-0.006206389
"2023-11-23 23:00:00",-0.006233333
"2023-11-24 00:00:00",-0.006220833
"2023-11-24 01:00:00",-0.006269722
"2023-11-24 02:00:00",-0.006205278
"2023-11-24 03:00:00",-0.006161944
"2023-11-24 04:00:00",-0.006166667
"2023-11-24 05:00:00",-0.006165278
"2023-11-24 06:00:00",-0.006064167
"2023-11-24 07:00:00",0.093123332
"2023-11-24 08:00:00",1.911906958
"2023-11-24 09:00:00",4.353415489
"2023-11-24 10:00:00",5.596747875
"2023-11-24 11:00:00",6.388955116
"2023-11-24 12:00:00",6.259608746
"2023-11-24 13:00:00",5.300645351
"2023-11-24 14:00:00",3.987958431
"2023-11-24 15:00:00",1.737316370
"2023-11-24 16:00:00",0.114761114
"2023-11-24 17:00:00",-0.006274722
"2023-11-24 18:00:00",-0.006183056
"2023-11-24 19:00:00",-0.006174444
"2023-11-24 20:00:00",-0.006265000
"2023-11-24 21:00:00",-0.006301944
"2023-11-24 22:00:00",-0.006340556
"2023-11-24 23:00:00",-0.006305000
"2023-11-25 00:00:00",-0.006221389
"2023-11-25 01:00:00",-0.006263611
"2023-11-25 02:00:00",-0.006174444
"2023-11-25 03:00:00",-0.006193611
"2023-11-25 04:00:00",-0.006263333
"2023-11-25 05:00:00",-0.006240000
"2023-11-25 06:00:00",-0.006197500
"2023-11-25 07:00:00",0.003371667
"2023-11-25 08:00:00",0.290212512
"2023-11-25 09:00:00",0.588859737
"2023-11-25 10:00:00",1.613375306
"2023-11-25 11:00:00",2.340178251
"2023-11-25 12:00:00",4.938457012
"2023-11-25 13:00:00",3.170543909
"2023-11-25 14:00:00",1.054031134
"2023-11-25 15:00:00",0.439961672
"2023-11-25 16:00:00",0.034240555
"2023-11-25 17:00:00",-0.006140556
"2023-11-25 18:00:00",-0.006209167
"2023-11-25 19:00:00",-0.006216944
"2023-11-25 20:00:00",-0.006218056
"2023-11-25 21:00:00",-0.006176389
"2023-11-25 22:00:00",-0.006195000
"2023-11-25 23:00:00",-0.006170000
"2023-11-26 00:00:00",-0.006242778
"2023-11-26 01:00:00",-0.006256667
"2023-11-26 02:00:00",-0.006193611
"2023-11-26 03:00:00",-0.006228889
"2023-11-26 04:00:00",-0.006249444
"2023-11-26 05:00:00",-0.006245833
"2023-11-26 06:00:00",-0.006130278
"2023-11-26 07:00:00",-0.006126667
"2023-11-26 08:00:00",0.028330833
"2023-11-26 09:00:00",0.300388902
"2023-11-26 10:00:00",0.328714430
"2023-11-26 11:00:00",0.266257226
"2023-11-26 12:00:00",1.042041898
"2023-11-26 13:00:00",1.269175887
"2023-11-26 14:00:00",1.164426446
"2023-11-26 15:00:00",1.347661614
"2023-11-26 16:00:00",0.064998336
"2023-11-26 17:00:00",-0.006123333
"2023-11-26 18:00:00",-0.006172778
"2023-11-26 19:00:00",-0.006135833
"2023-11-26 20:00:00",-0.006142500
"2023-11-26 21:00:00",-0.006093611
"2023-11-26 22:00:00",-0.006139444
"2023-11-26 23:00:00",-0.006068889
"2023-11-27 00:00:00",-0.006038056
"2023-11-27 01:00:00",-0.005996389
"2023-11-27 02:00:00",-0.005926111
"2023-11-27 03:00:00",-0.005925556
"2023-11-27 04:00:00",-0.005918611
"2023-11-27 05:00:00",-0.005907222
"2023-11-27 06:00:00",-0.005884167
"2023-11-27 07:00:00",0.055270832
"2023-11-27 08:00:00",1.671936154
"2023-11-27 09:00:00",3.800687551
"2023-11-27 10:00:00",6.094102859
"2023-11-27 11:00:00",4.945818424
"2023-11-27 12:00:00",3.387228012
"2023-11-27 13:00:00",4.114460468
"2023-11-27 14:00:00",4.554147720
"2023-11-27 15:00:00",1.525721908
"2023-11-27 16:00:00",0.195333883
"2023-11-27 17:00:00",-0.006252222
"2023-11-27 18:00:00",-0.006230278
"2023-11-27 19:00:00",-0.006172778
"2023-11-27 20:00:00",-0.006153333
"2023-11-27 21:00:00",-0.006215000
"2023-11-27 22:00:00",-0.006215556
"2023-11-27 23:00:00",-0.006205000
"2023-11-28 00:00:00",-0.006129722
